_id,user_id,session_id,event_type,data.timestamp,data.x,data.y,data.event,data.device_type,data.button,x,y,timestamp,button,user
6a556390131f297e23c61762,laura2,a92c23cb-9e73-4024-9555-5192f78141c3,mouse_move,1783980935123.0,372.0,547.0,move,mouse,,,,,,
6a556390131f297e23c61766,laura2,a92c23cb-9e73-4024-9555-5192f78141c3,mouse_move,1783980935790.0,687.0,387.0,move,mouse,,,,,,
6a556390131f297e23c6176a,laura2,a92c23cb-9e73-4024-9555-5192f78141c3,mouse_move,1783980936198.0,792.0,412.0,move,mouse,,,,,,
6a556390131f297e23c6176f,laura2,a92c23cb-9e73-4024-9555-5192f78141c3,mouse_move,1783980938363.0,803.0,405.0,move,mouse,,,,,,
6a556390131f297e23c61771,laura2,a92c23cb-9e73-4024-9555-5192f78141c3,mouse_move,1783980938739.0,806.0,390.0,move,mouse,,,,,,
6a556390131f297e23c61774,laura2,a92c23cb-9e73-4024-9555-5192f78141c3,mouse_move,1783980939299.0,805.0,405.0,move,mouse,,,,,,
6a556390131f297e23c6177b,laura2,a92c23cb-9e73-4024-9555-5192f78141c3,mouse_move,1783980940456.0,728.0,536.0,move,mouse,,,,,,
6a556390131f297e23c6177d,laura2,a92c23cb-9e73-4024-9555-5192f78141c3,mouse_move,1783980940788.0,627.0,356.0,move,mouse,,,,,,
6a556390131f297e23c6177e,laura2,a92c23cb-9e73-4024-9555-5192f78141c3,mouse_move,1783980940916.0,627.0,360.0,move,mouse,,,,,,
6a556390131f297e23c6177f,laura2,a92c23cb-9e73-4024-9555-5192f78141c3,mouse_move,1783980941022.0,627.0,396.0,move,mouse,,,,,,
6a556390131f297e23c61784,laura2,a92c23cb-9e73-4024-9555-5192f78141c3,mouse_move,1783980941979.0,742.0,495.0,move,mouse,,,,,,
6a556390131f297e23c61785,laura2,a92c23cb-9e73-4024-9555-5192f78141c3,mouse_move,1783980942100.0,742.0,491.0,move,mouse,,,,,,
6a556390131f297e23c61787,laura2,a92c23cb-9e73-4024-9555-5192f78141c3,mouse_move,1783980943355.0,741.0,489.0,move,mouse,,,,,,
6a556390131f297e23c61761,laura2,a92c23cb-9e73-4024-9555-5192f78141c3,mouse_move,1783980935020.0,356.0,580.0,move,mouse,,,,,,
6a556390131f297e23c61768,laura2,a92c23cb-9e73-4024-9555-5192f78141c3,mouse_move,1783980935990.0,753.0,383.0,move,mouse,,,,,,
6a556390131f297e23c6176c,laura2,a92c23cb-9e73-4024-9555-5192f78141c3,mouse_move,1783980936467.0,801.0,410.0,move,mouse,,,,,,
6a556390131f297e23c6176d,laura2,a92c23cb-9e73-4024-9555-5192f78141c3,mouse_move,1783980937335.0,801.0,408.0,move,mouse,,,,,,
6a556390131f297e23c61770,laura2,a92c23cb-9e73-4024-9555-5192f78141c3,mouse_move,1783980938483.0,804.0,405.0,move,mouse,,,,,,
6a556390131f297e23c61772,laura2,a92c23cb-9e73-4024-9555-5192f78141c3,mouse_move,1783980939084.0,806.0,393.0,move,mouse,,,,,,
6a556390131f297e23c61773,laura2,a92c23cb-9e73-4024-9555-5192f78141c3,mouse_move,1783980939190.0,806.0,401.0,move,mouse,,,,,,
6a556390131f297e23c6177a,laura2,a92c23cb-9e73-4024-9555-5192f78141c3,mouse_move,1783980940350.0,905.0,761.0,move,mouse,,,,,,
6a556390131f297e23c61780,laura2,a92c23cb-9e73-4024-9555-5192f78141c3,mouse_move,1783980941228.0,628.0,410.0,move,mouse,,,,,,
6a556390131f297e23c61781,laura2,a92c23cb-9e73-4024-9555-5192f78141c3,mouse_move,1783980941599.0,632.0,429.0,move,mouse,,,,,,
6a556390131f297e23c61783,laura2,a92c23cb-9e73-4024-9555-5192f78141c3,mouse_move,1783980941868.0,744.0,497.0,move,mouse,,,,,,
6a556390131f297e23c6178a,laura2,a92c23cb-9e73-4024-9555-5192f78141c3,mouse_move,1783980944203.0,737.0,488.0,move,mouse,,,,,,
6a556390131f297e23c6178b,laura2,a92c23cb-9e73-4024-9555-5192f78141c3,mouse_move,1783980944387.0,737.0,491.0,move,mouse,,,,,,
6a556390131f297e23c6178d,laura2,a92c23cb-9e73-4024-9555-5192f78141c3,mouse_move,1783980944593.0,740.0,499.0,move,mouse,,,,,,
6a556390131f297e23c61764,laura2,a92c23cb-9e73-4024-9555-5192f78141c3,mouse_move,1783980935405.0,685.0,387.0,move,mouse,,,,,,
6a556390131f297e23c61765,laura2,a92c23cb-9e73-4024-9555-5192f78141c3,mouse_move,1783980935660.0,686.0,387.0,move,mouse,,,,,,
6a556390131f297e23c6176b,laura2,a92c23cb-9e73-4024-9555-5192f78141c3,mouse_move,1783980936300.0,800.0,411.0,move,mouse,,,,,,
6a556390131f297e23c6176e,laura2,a92c23cb-9e73-4024-9555-5192f78141c3,mouse_move,1783980937452.0,801.0,404.0,move,mouse,,,,,,
6a556390131f297e23c61776,laura2,a92c23cb-9e73-4024-9555-5192f78141c3,mouse_move,1783980939504.0,761.0,440.0,move,mouse,,,,,,
6a556390131f297e23c61778,laura2,a92c23cb-9e73-4024-9555-5192f78141c3,mouse_move,1783980939828.0,758.0,391.0,move,mouse,,,,,,
6a556390131f297e23c6177c,laura2,a92c23cb-9e73-4024-9555-5192f78141c3,mouse_move,1783980940564.0,631.0,366.0,move,mouse,,,,,,
6a556390131f297e23c61782,laura2,a92c23cb-9e73-4024-9555-5192f78141c3,mouse_move,1783980941705.0,715.0,496.0,move,mouse,,,,,,
6a556390131f297e23c61788,laura2,a92c23cb-9e73-4024-9555-5192f78141c3,mouse_move,1783980943980.0,740.0,483.0,move,mouse,,,,,,
6a556390131f297e23c61763,laura2,a92c23cb-9e73-4024-9555-5192f78141c3,mouse_move,1783980935223.0,487.0,491.0,move,mouse,,,,,,
6a556390131f297e23c61767,laura2,a92c23cb-9e73-4024-9555-5192f78141c3,mouse_move,1783980935890.0,701.0,375.0,move,mouse,,,,,,
6a556390131f297e23c61769,laura2,a92c23cb-9e73-4024-9555-5192f78141c3,mouse_move,1783980936098.0,770.0,409.0,move,mouse,,,,,,
6a556390131f297e23c61775,laura2,a92c23cb-9e73-4024-9555-5192f78141c3,mouse_move,1783980939404.0,798.0,411.0,move,mouse,,,,,,
6a556390131f297e23c61777,laura2,a92c23cb-9e73-4024-9555-5192f78141c3,mouse_move,1783980939700.0,770.0,412.0,move,mouse,,,,,,
6a556390131f297e23c61779,laura2,a92c23cb-9e73-4024-9555-5192f78141c3,mouse_move,1783980939930.0,838.0,525.0,move,mouse,,,,,,
6a556390131f297e23c61786,laura2,a92c23cb-9e73-4024-9555-5192f78141c3,mouse_move,1783980942519.0,741.0,491.0,move,mouse,,,,,,
6a556390131f297e23c61789,laura2,a92c23cb-9e73-4024-9555-5192f78141c3,mouse_move,1783980944102.0,738.0,485.0,move,mouse,,,,,,
6a556390131f297e23c6178c,laura2,a92c23cb-9e73-4024-9555-5192f78141c3,mouse_move,1783980944491.0,738.0,493.0,move,mouse,,,,,,
6a55639a131f297e23c6178e,laura2,a92c23cb-9e73-4024-9555-5192f78141c3,mouse_move,1783980951835.0,739.0,500.0,move,mouse,,,,,,
6a55639a131f297e23c6178f,laura2,a92c23cb-9e73-4024-9555-5192f78141c3,mouse_move,1783980953492.0,738.0,500.0,move,mouse,,,,,,
6a5563a4131f297e23c61792,laura2,a92c23cb-9e73-4024-9555-5192f78141c3,mouse_move,1783980962507.0,730.0,503.0,move,mouse,,,,,,
6a5563a4131f297e23c61793,laura2,a92c23cb-9e73-4024-9555-5192f78141c3,mouse_move,1783980962627.0,729.0,503.0,move,mouse,,,,,,
6a5563a4131f297e23c61790,laura2,a92c23cb-9e73-4024-9555-5192f78141c3,mouse_move,1783980958732.0,735.0,501.0,move,mouse,,,,,,
6a5563a4131f297e23c61791,laura2,a92c23cb-9e73-4024-9555-5192f78141c3,mouse_move,1783980958846.0,731.0,503.0,move,mouse,,,,,,
6a5563ae131f297e23c61796,laura2,a92c23cb-9e73-4024-9555-5192f78141c3,mouse_move,1783980965731.0,689.0,414.0,move,mouse,,,,,,
6a5563ae131f297e23c6179b,laura2,a92c23cb-9e73-4024-9555-5192f78141c3,mouse_move,1783980966213.0,578.0,335.0,move,mouse,,,,,,
6a5563ae131f297e23c6179f,laura2,a92c23cb-9e73-4024-9555-5192f78141c3,mouse_move,1783980966621.0,986.0,382.0,move,mouse,,,,,,
6a5563ae131f297e23c617a3,laura2,a92c23cb-9e73-4024-9555-5192f78141c3,mouse_move,1783980967029.0,708.0,146.0,move,mouse,,,,,,
6a5563ae131f297e23c617a5,laura2,a92c23cb-9e73-4024-9555-5192f78141c3,mouse_move,1783980967229.0,689.0,413.0,move,mouse,,,,,,
6a5563ae131f297e23c617a9,laura2,a92c23cb-9e73-4024-9555-5192f78141c3,mouse_click,1783980967923.0,592.0,390.0,click,mouse,left,,,,,
6a5563ae131f297e23c617ac,laura2,a92c23cb-9e73-4024-9555-5192f78141c3,mouse_move,1783980968198.0,639.0,372.0,move,mouse,,,,,,
6a5563ae131f297e23c6179a,laura2,a92c23cb-9e73-4024-9555-5192f78141c3,mouse_move,1783980966113.0,702.0,391.0,move,mouse,,,,,,
6a5563ae131f297e23c617a1,laura2,a92c23cb-9e73-4024-9555-5192f78141c3,mouse_move,1783980966821.0,808.0,269.0,move,mouse,,,,,,
6a5563ae131f297e23c617aa,laura2,a92c23cb-9e73-4024-9555-5192f78141c3,mouse_move,1783980967987.0,592.0,389.0,move,mouse,,,,,,
6a5563ae131f297e23c617ae,laura2,a92c23cb-9e73-4024-9555-5192f78141c3,mouse_move,1783980968562.0,624.0,394.0,move,mouse,,,,,,
6a5563ae131f297e23c61798,laura2,a92c23cb-9e73-4024-9555-5192f78141c3,mouse_move,1783980965905.0,688.0,408.0,move,mouse,,,,,,
6a5563ae131f297e23c61799,laura2,a92c23cb-9e73-4024-9555-5192f78141c3,mouse_move,1783980966005.0,690.0,407.0,move,mouse,,,,,,
6a5563ae131f297e23c6179d,laura2,a92c23cb-9e73-4024-9555-5192f78141c3,mouse_move,1783980966413.0,1032.0,278.0,move,mouse,,,,,,
6a5563ae131f297e23c6179e,laura2,a92c23cb-9e73-4024-9555-5192f78141c3,mouse_move,1783980966521.0,656.0,255.0,move,mouse,,,,,,
6a5563ae131f297e23c617a2,laura2,a92c23cb-9e73-4024-9555-5192f78141c3,mouse_move,1783980966929.0,1014.0,219.0,move,mouse,,,,,,
6a5563ae131f297e23c617a8,laura2,a92c23cb-9e73-4024-9555-5192f78141c3,mouse_move,1783980967845.0,592.0,390.0,move,mouse,,,,,,
6a5563ae131f297e23c617ab,laura2,a92c23cb-9e73-4024-9555-5192f78141c3,mouse_move,1783980968098.0,601.0,390.0,move,mouse,,,,,,
6a5563ae131f297e23c617ad,laura2,a92c23cb-9e73-4024-9555-5192f78141c3,mouse_move,1783980968462.0,640.0,371.0,move,mouse,,,,,,
6a5563ae131f297e23c61794,laura2,a92c23cb-9e73-4024-9555-5192f78141c3,mouse_move,1783980965523.0,694.0,496.0,move,mouse,,,,,,
6a5563ae131f297e23c61795,laura2,a92c23cb-9e73-4024-9555-5192f78141c3,mouse_move,1783980965631.0,694.0,430.0,move,mouse,,,,,,
6a5563ae131f297e23c61797,laura2,a92c23cb-9e73-4024-9555-5192f78141c3,mouse_click,1783980965892.0,688.0,408.0,click,mouse,left,,,,,
6a5563ae131f297e23c6179c,laura2,a92c23cb-9e73-4024-9555-5192f78141c3,mouse_move,1783980966313.0,739.0,526.0,move,mouse,,,,,,
6a5563ae131f297e23c617a0,laura2,a92c23cb-9e73-4024-9555-5192f78141c3,mouse_move,1783980966721.0,831.0,191.0,move,mouse,,,,,,
6a5563ae131f297e23c617a4,laura2,a92c23cb-9e73-4024-9555-5192f78141c3,mouse_move,1783980967129.0,512.0,427.0,move,mouse,,,,,,
6a5563ae131f297e23c617a6,laura2,a92c23cb-9e73-4024-9555-5192f78141c3,mouse_move,1783980967344.0,676.0,392.0,move,mouse,,,,,,
6a5563ae131f297e23c617a7,laura2,a92c23cb-9e73-4024-9555-5192f78141c3,mouse_move,1783980967445.0,675.0,395.0,move,mouse,,,,,,
6a5563b8131f297e23c617b9,laura2,a92c23cb-9e73-4024-9555-5192f78141c3,mouse_move,1783980979038.0,577.0,503.0,move,mouse,,,,,,
6a5563b8131f297e23c617b7,laura2,a92c23cb-9e73-4024-9555-5192f78141c3,mouse_move,1783980978829.0,546.0,760.0,move,mouse,,,,,,
6a5563b8131f297e23c617bb,laura2,a92c23cb-9e73-4024-9555-5192f78141c3,mouse_click,1783980979212.0,577.0,497.0,click,mouse,left,,,,,
6a5563b8131f297e23c617bd,laura2,a92c23cb-9e73-4024-9555-5192f78141c3,mouse_move,1783980981375.0,579.0,498.0,move,mouse,,,,,,
6a5563b8131f297e23c617be,laura2,a92c23cb-9e73-4024-9555-5192f78141c3,mouse_move,1783980981481.0,589.0,640.0,move,mouse,,,,,,
6a5563b8131f297e23c617b8,laura2,a92c23cb-9e73-4024-9555-5192f78141c3,mouse_move,1783980978931.0,565.0,565.0,move,mouse,,,,,,
6a5563b8131f297e23c617bc,laura2,a92c23cb-9e73-4024-9555-5192f78141c3,mouse_move,1783980979455.0,578.0,497.0,move,mouse,,,,,,
6a5563b8131f297e23c617ba,laura2,a92c23cb-9e73-4024-9555-5192f78141c3,mouse_move,1783980979163.0,577.0,497.0,move,mouse,,,,,,
6a5563cc131f297e23c617c1,laura2,a92c23cb-9e73-4024-9555-5192f78141c3,mouse_move,1783980995019.0,406.0,356.0,move,mouse,,,,,,
6a5563cc131f297e23c617c3,laura2,a92c23cb-9e73-4024-9555-5192f78141c3,mouse_move,1783980995571.0,485.0,34.0,move,mouse,,,,,,
6a5563cc131f297e23c617c5,laura2,a92c23cb-9e73-4024-9555-5192f78141c3,mouse_move,1783980995775.0,1175.0,739.0,move,mouse,,,,,,
6a5563cc131f297e23c617bf,laura2,a92c23cb-9e73-4024-9555-5192f78141c3,mouse_move,1783980994757.0,397.0,754.0,move,mouse,,,,,,
6a5563cc131f297e23c617c0,laura2,a92c23cb-9e73-4024-9555-5192f78141c3,mouse_move,1783980994864.0,401.0,358.0,move,mouse,,,,,,
6a5563cc131f297e23c617c4,laura2,a92c23cb-9e73-4024-9555-5192f78141c3,mouse_move,1783980995675.0,709.0,452.0,move,mouse,,,,,,
6a5563cc131f297e23c617c2,laura2,a92c23cb-9e73-4024-9555-5192f78141c3,mouse_move,1783980995125.0,510.0,212.0,move,mouse,,,,,,
6a5563e0131f297e23c617c7,laura2,a92c23cb-9e73-4024-9555-5192f78141c3,mouse_move,1783981020091.0,739.0,116.0,move,mouse,,,,,,
6a5563e0131f297e23c617c8,laura2,a92c23cb-9e73-4024-9555-5192f78141c3,mouse_move,1783981020195.0,743.0,108.0,move,mouse,,,,,,
6a5563e0131f297e23c617c9,laura2,a92c23cb-9e73-4024-9555-5192f78141c3,mouse_move,1783981020299.0,774.0,102.0,move,mouse,,,,,,
6a5563e0131f297e23c617c6,laura2,a92c23cb-9e73-4024-9555-5192f78141c3,mouse_move,1783981019988.0,925.0,753.0,move,mouse,,,,,,
6a5fd5f35409b7b2c137b10d,,,mouse_move,,,,,,,588.0,477.0,1784665577468.0,,
6a5fd5f35409b7b2c137b10e,,,mouse_move,,,,,,,593.0,472.0,1784665577478.0,,
6a5fd5f35409b7b2c137b10f,,,mouse_move,,,,,,,597.0,468.0,1784665577486.0,,
6a5fd5f35409b7b2c137b110,,,mouse_move,,,,,,,599.0,466.0,1784665577495.0,,
6a5fd5f35409b7b2c137b111,,,mouse_move,,,,,,,604.0,461.0,1784665577503.0,,
6a5fd5f35409b7b2c137b112,,,mouse_move,,,,,,,607.0,457.0,1784665577511.0,,
6a5fd5f35409b7b2c137b113,,,mouse_move,,,,,,,610.0,454.0,1784665577520.0,,
6a5fd5f35409b7b2c137b114,,,mouse_move,,,,,,,612.0,452.0,1784665577529.0,,
6a5fd5f35409b7b2c137b115,,,mouse_move,,,,,,,616.0,448.0,1784665577536.0,,
6a5fd5f35409b7b2c137b116,,,mouse_move,,,,,,,621.0,443.0,1784665577544.0,,
6a5fd5f35409b7b2c137b117,,,mouse_move,,,,,,,625.0,438.0,1784665577553.0,,
6a5fd5f35409b7b2c137b118,,,mouse_move,,,,,,,629.0,434.0,1784665577561.0,,
6a5fd5f35409b7b2c137b119,,,mouse_move,,,,,,,632.0,431.0,1784665577570.0,,
6a5fd5f35409b7b2c137b11a,,,mouse_move,,,,,,,634.0,429.0,1784665577577.0,,
6a5fd5f35409b7b2c137b11b,,,mouse_move,,,,,,,636.0,426.0,1784665577586.0,,
6a5fd5f35409b7b2c137b11c,,,mouse_move,,,,,,,637.0,425.0,1784665577595.0,,
6a5fd5f35409b7b2c137b11d,,,mouse_move,,,,,,,637.0,424.0,1784665577602.0,,
6a5fd5f35409b7b2c137b11e,,,mouse_move,,,,,,,637.0,423.0,1784665577611.0,,
6a5fd5f35409b7b2c137b11f,,,mouse_move,,,,,,,637.0,422.0,1784665577619.0,,
6a5fd5f35409b7b2c137b120,,,mouse_move,,,,,,,637.0,421.0,1784665577628.0,,
6a5fd5f35409b7b2c137b121,,,mouse_move,,,,,,,637.0,420.0,1784665577636.0,,
6a5fd5f35409b7b2c137b122,,,mouse_move,,,,,,,638.0,419.0,1784665577644.0,,
6a5fd5f35409b7b2c137b123,,,mouse_move,,,,,,,638.0,418.0,1784665577653.0,,
6a5fd5f35409b7b2c137b124,,,mouse_move,,,,,,,638.0,416.0,1784665577661.0,,
6a5fd5f35409b7b2c137b125,,,mouse_move,,,,,,,638.0,414.0,1784665577669.0,,
6a5fd5f35409b7b2c137b126,,,mouse_move,,,,,,,638.0,413.0,1784665577677.0,,
6a5fd5f35409b7b2c137b127,,,mouse_move,,,,,,,638.0,412.0,1784665577686.0,,
6a5fd5f35409b7b2c137b128,,,mouse_move,,,,,,,638.0,410.0,1784665577694.0,,
6a5fd5f35409b7b2c137b129,,,mouse_move,,,,,,,638.0,408.0,1784665577708.0,,
6a5fd5f35409b7b2c137b12a,,,mouse_move,,,,,,,638.0,407.0,1784665577716.0,,
6a5fd5f35409b7b2c137b12b,,,mouse_move,,,,,,,638.0,406.0,1784665577737.0,,
6a5fd5f35409b7b2c137b12c,,,mouse_move,,,,,,,638.0,405.0,1784665577744.0,,
6a5fd5f35409b7b2c137b12d,,,mouse_move,,,,,,,638.0,404.0,1784665577756.0,,
6a5fd5f35409b7b2c137b12e,,,mouse_move,,,,,,,638.0,403.0,1784665577778.0,,
6a5fd5f35409b7b2c137b12f,,,mouse_move,,,,,,,638.0,402.0,1784665577787.0,,
6a5fd5f35409b7b2c137b130,,,mouse_move,,,,,,,638.0,401.0,1784665577796.0,,
6a5fd5f35409b7b2c137b131,,,mouse_move,,,,,,,638.0,400.0,1784665577820.0,,
6a5fd5f35409b7b2c137b132,,,mouse_move,,,,,,,638.0,399.0,1784665577828.0,,
6a5fd5f35409b7b2c137b133,,,mouse_move,,,,,,,638.0,398.0,1784665577836.0,,
6a5fd5f35409b7b2c137b134,,,mouse_move,,,,,,,638.0,397.0,1784665577853.0,,
6a5fd5f35409b7b2c137b135,,,mouse_move,,,,,,,638.0,395.0,1784665577862.0,,
6a5fd5f35409b7b2c137b136,,,mouse_move,,,,,,,638.0,394.0,1784665577875.0,,
6a5fd5f35409b7b2c137b137,,,mouse_move,,,,,,,638.0,393.0,1784665577884.0,,
6a5fd5f35409b7b2c137b138,,,mouse_move,,,,,,,638.0,392.0,1784665577891.0,,
6a5fd5f35409b7b2c137b139,,,mouse_move,,,,,,,637.0,389.0,1784665577900.0,,
6a5fd5f35409b7b2c137b13a,,,mouse_move,,,,,,,636.0,387.0,1784665577907.0,,
6a5fd5f35409b7b2c137b13b,,,mouse_move,,,,,,,635.0,384.0,1784665577915.0,,
6a5fd5f35409b7b2c137b13c,,,mouse_move,,,,,,,635.0,382.0,1784665577923.0,,
6a5fd5f35409b7b2c137b13d,,,mouse_move,,,,,,,634.0,380.0,1784665577931.0,,
6a5fd5f35409b7b2c137b13e,,,mouse_move,,,,,,,632.0,378.0,1784665577940.0,,
6a5fd5f35409b7b2c137b13f,,,mouse_move,,,,,,,632.0,375.0,1784665577947.0,,
6a5fd5f35409b7b2c137b140,,,mouse_move,,,,,,,631.0,373.0,1784665577956.0,,
6a5fd5f35409b7b2c137b141,,,mouse_move,,,,,,,631.0,372.0,1784665577966.0,,
6a5fd5f35409b7b2c137b142,,,mouse_move,,,,,,,630.0,370.0,1784665577973.0,,
6a5fd5f35409b7b2c137b143,,,mouse_move,,,,,,,630.0,368.0,1784665577980.0,,
6a5fd5f35409b7b2c137b144,,,mouse_move,,,,,,,630.0,366.0,1784665577989.0,,
6a5fd5f35409b7b2c137b145,,,mouse_move,,,,,,,630.0,365.0,1784665577998.0,,
6a5fd5f35409b7b2c137b146,,,mouse_move,,,,,,,630.0,364.0,1784665578005.0,,
6a5fd5f35409b7b2c137b147,,,mouse_move,,,,,,,629.0,362.0,1784665578013.0,,
6a5fd5f35409b7b2c137b148,,,mouse_move,,,,,,,629.0,359.0,1784665578037.0,,
6a5fd5f35409b7b2c137b149,,,mouse_move,,,,,,,629.0,358.0,1784665578053.0,,
6a5fd5f35409b7b2c137b14a,,,mouse_move,,,,,,,629.0,357.0,1784665578061.0,,
6a5fd5f35409b7b2c137b14b,,,mouse_move,,,,,,,629.0,356.0,1784665578069.0,,
6a5fd5f35409b7b2c137b14c,,,mouse_move,,,,,,,629.0,355.0,1784665578077.0,,
6a5fd5f35409b7b2c137b14d,,,mouse_move,,,,,,,629.0,354.0,1784665578092.0,,
6a5fd5f35409b7b2c137b14e,,,mouse_move,,,,,,,629.0,353.0,1784665578123.0,,
6a5fd5f35409b7b2c137b14f,,,mouse_move,,,,,,,630.0,354.0,1784665578349.0,,
6a5fd5f35409b7b2c137b150,,,mouse_move,,,,,,,632.0,355.0,1784665578355.0,,
6a5fd5f35409b7b2c137b151,,,mouse_move,,,,,,,635.0,356.0,1784665578362.0,,
6a5fd5f35409b7b2c137b152,,,mouse_move,,,,,,,644.0,357.0,1784665578369.0,,
6a5fd5f35409b7b2c137b153,,,mouse_move,,,,,,,652.0,358.0,1784665578378.0,,
6a5fd5f35409b7b2c137b154,,,mouse_move,,,,,,,659.0,358.0,1784665578386.0,,
6a5fd5f35409b7b2c137b155,,,mouse_move,,,,,,,667.0,358.0,1784665578395.0,,
6a5fd5f35409b7b2c137b156,,,mouse_move,,,,,,,675.0,358.0,1784665578402.0,,
6a5fd5f35409b7b2c137b157,,,mouse_move,,,,,,,698.0,353.0,1784665578412.0,,
6a5fd5f35409b7b2c137b158,,,mouse_move,,,,,,,709.0,351.0,1784665578420.0,,
6a5fd5f35409b7b2c137b159,,,mouse_move,,,,,,,722.0,349.0,1784665578430.0,,
6a5fd5f35409b7b2c137b15a,,,mouse_move,,,,,,,733.0,346.0,1784665578437.0,,
6a5fd5f35409b7b2c137b15b,,,mouse_move,,,,,,,743.0,344.0,1784665578445.0,,
6a5fd5f35409b7b2c137b15c,,,mouse_move,,,,,,,754.0,340.0,1784665578453.0,,
6a5fd5f35409b7b2c137b15d,,,mouse_move,,,,,,,762.0,337.0,1784665578461.0,,
6a5fd5f35409b7b2c137b15e,,,mouse_move,,,,,,,770.0,334.0,1784665578470.0,,
6a5fd5f35409b7b2c137b15f,,,mouse_move,,,,,,,779.0,331.0,1784665578478.0,,
6a5fd5f35409b7b2c137b160,,,mouse_move,,,,,,,783.0,330.0,1784665578485.0,,
6a5fd5f35409b7b2c137b161,,,mouse_move,,,,,,,787.0,328.0,1784665578494.0,,
6a5fd5f35409b7b2c137b162,,,mouse_move,,,,,,,789.0,327.0,1784665578503.0,,
6a5fd5f35409b7b2c137b163,,,mouse_move,,,,,,,789.0,328.0,1784665580462.0,,
6a5fd5f35409b7b2c137b164,,,mouse_move,,,,,,,789.0,329.0,1784665580640.0,,
6a5fd5f35409b7b2c137b165,,,mouse_move,,,,,,,789.0,330.0,1784665580648.0,,
6a5fd5f35409b7b2c137b166,,,mouse_move,,,,,,,789.0,331.0,1784665580656.0,,
6a5fd5f35409b7b2c137b167,,,mouse_move,,,,,,,789.0,332.0,1784665580675.0,,
6a5fd5f35409b7b2c137b168,,,mouse_move,,,,,,,790.0,332.0,1784665580685.0,,
6a5fd5f35409b7b2c137b169,,,mouse_move,,,,,,,790.0,333.0,1784665580710.0,,
6a5fd5f35409b7b2c137b16a,,,mouse_move,,,,,,,790.0,334.0,1784665580734.0,,
6a5fd5f35409b7b2c137b16b,,,mouse_move,,,,,,,790.0,335.0,1784665580742.0,,
6a5fd5f35409b7b2c137b16c,,,mouse_move,,,,,,,790.0,336.0,1784665580750.0,,
6a5fd5f35409b7b2c137b16d,,,mouse_move,,,,,,,790.0,338.0,1784665580759.0,,
6a5fd5f35409b7b2c137b16e,,,mouse_move,,,,,,,789.0,341.0,1784665580772.0,,
6a5fd5f35409b7b2c137b16f,,,mouse_move,,,,,,,781.0,348.0,1784665580792.0,,
6a5fd5f35409b7b2c137b170,,,mouse_move,,,,,,,778.0,350.0,1784665580804.0,,
6a5fd5f35409b7b2c137b171,,,mouse_move,,,,,,,774.0,354.0,1784665580813.0,,
6a5fd5f35409b7b2c137b172,,,mouse_move,,,,,,,774.0,355.0,1784665580833.0,,
6a5fd5f35409b7b2c137b173,,,mouse_move,,,,,,,774.0,356.0,1784665580842.0,,
6a5fd5f35409b7b2c137b174,,,mouse_move,,,,,,,774.0,357.0,1784665580932.0,,
6a5fd5f35409b7b2c137b175,,,mouse_move,,,,,,,773.0,357.0,1784665580940.0,,
6a5fd5f35409b7b2c137b176,,,mouse_move,,,,,,,773.0,358.0,1784665580947.0,,
6a5fd5f35409b7b2c137b177,,,mouse_move,,,,,,,772.0,359.0,1784665580957.0,,
6a5fd5f35409b7b2c137b178,,,mouse_move,,,,,,,771.0,360.0,1784665580975.0,,
6a5fd5f35409b7b2c137b179,,,mouse_move,,,,,,,770.0,361.0,1784665580984.0,,
6a5fd5f35409b7b2c137b17a,,,mouse_move,,,,,,,769.0,363.0,1784665580993.0,,
6a5fd5f35409b7b2c137b17b,,,mouse_move,,,,,,,769.0,364.0,1784665581000.0,,
6a5fd5f35409b7b2c137b17c,,,mouse_move,,,,,,,767.0,365.0,1784665581009.0,,
6a5fd5f35409b7b2c137b17d,,,mouse_move,,,,,,,765.0,368.0,1784665581016.0,,
6a5fd5f35409b7b2c137b17e,,,mouse_move,,,,,,,764.0,370.0,1784665581025.0,,
6a5fd5f35409b7b2c137b17f,,,mouse_move,,,,,,,763.0,372.0,1784665581033.0,,
6a5fd5f35409b7b2c137b180,,,mouse_move,,,,,,,761.0,374.0,1784665581042.0,,
6a5fd5f35409b7b2c137b181,,,mouse_move,,,,,,,761.0,375.0,1784665581051.0,,
6a5fd5f35409b7b2c137b182,,,mouse_move,,,,,,,760.0,376.0,1784665581059.0,,
6a5fd5f35409b7b2c137b183,,,mouse_move,,,,,,,759.0,377.0,1784665581068.0,,
6a5fd5f35409b7b2c137b184,,,mouse_move,,,,,,,759.0,378.0,1784665581076.0,,
6a5fd5f35409b7b2c137b185,,,mouse_move,,,,,,,758.0,378.0,1784665581098.0,,
6a5fd5f35409b7b2c137b186,,,mouse_move,,,,,,,758.0,379.0,1784665581109.0,,
6a5fd5f35409b7b2c137b187,,,mouse_move,,,,,,,757.0,380.0,1784665581132.0,,
6a5fd5f35409b7b2c137b188,,,mouse_move,,,,,,,756.0,380.0,1784665581139.0,,
6a5fd5f35409b7b2c137b189,,,mouse_move,,,,,,,756.0,381.0,1784665581149.0,,
6a5fd5f35409b7b2c137b18a,,,mouse_move,,,,,,,755.0,381.0,1784665581190.0,,
6a5fd5f35409b7b2c137b18b,,,mouse_move,,,,,,,754.0,381.0,1784665581227.0,,
6a5fd5f35409b7b2c137b18c,,,mouse_move,,,,,,,754.0,381.0,1784665581551.0,,
6a5fd5f35409b7b2c137b18d,,,mouse_click,,,,,,,754.0,381.0,1784665581676.0,0.0,
6a5fd5f35409b7b2c137b18e,,,mouse_move,,,,,,,754.0,382.0,1784665583453.0,,
6a5fd5f35409b7b2c137b18f,,,mouse_move,,,,,,,755.0,383.0,1784665583460.0,,
6a5fd5f35409b7b2c137b190,,,mouse_move,,,,,,,756.0,384.0,1784665583484.0,,
6a5fd5f35409b7b2c137b191,,,mouse_move,,,,,,,757.0,384.0,1784665583508.0,,
6a5fd5f35409b7b2c137b192,,,mouse_move,,,,,,,758.0,384.0,1784665583556.0,,
6a5fd5f35409b7b2c137b193,,,mouse_move,,,,,,,758.0,385.0,1784665583933.0,,
6a5fd5f35409b7b2c137b194,,,mouse_move,,,,,,,758.0,386.0,1784665583943.0,,
6a5fd5f35409b7b2c137b195,,,mouse_move,,,,,,,758.0,387.0,1784665583948.0,,
6a5fd5f35409b7b2c137b196,,,mouse_move,,,,,,,759.0,387.0,1784665584173.0,,
6a5fd5f35409b7b2c137b197,,,mouse_move,,,,,,,760.0,387.0,1784665584195.0,,
6a5fd5fc5409b7b2c137b1c6,,,mouse_move,,,,,,,755.0,401.0,1784665589215.0,,
6a5fd5fc5409b7b2c137b1c7,,,mouse_move,,,,,,,746.0,417.0,1784665589224.0,,
6a5fd5fc5409b7b2c137b1c8,,,mouse_move,,,,,,,740.0,429.0,1784665589232.0,,
6a5fd5fc5409b7b2c137b1c9,,,mouse_move,,,,,,,735.0,439.0,1784665589238.0,,
6a5fd5fc5409b7b2c137b1ca,,,mouse_move,,,,,,,730.0,447.0,1784665589245.0,,
6a5fd5fc5409b7b2c137b1cb,,,mouse_move,,,,,,,726.0,456.0,1784665589253.0,,
6a5fd5fc5409b7b2c137b1cc,,,mouse_move,,,,,,,723.0,462.0,1784665589261.0,,
6a5fd5fc5409b7b2c137b1cd,,,mouse_move,,,,,,,719.0,468.0,1784665589270.0,,
6a5fd5fc5409b7b2c137b1ce,,,mouse_move,,,,,,,716.0,474.0,1784665589277.0,,
6a5fd5fc5409b7b2c137b1cf,,,mouse_move,,,,,,,713.0,478.0,1784665589286.0,,
6a5fd5fc5409b7b2c137b1d0,,,mouse_move,,,,,,,712.0,481.0,1784665589294.0,,
6a5fd5fc5409b7b2c137b1d1,,,mouse_move,,,,,,,710.0,481.0,1784665589303.0,,
6a5fd5fc5409b7b2c137b1d2,,,mouse_move,,,,,,,709.0,482.0,1784665589312.0,,
6a5fd5fc5409b7b2c137b1d3,,,mouse_move,,,,,,,708.0,483.0,1784665589327.0,,
6a5fd5fc5409b7b2c137b1d4,,,mouse_move,,,,,,,707.0,483.0,1784665589334.0,,
6a5fd5fc5409b7b2c137b1d5,,,mouse_move,,,,,,,705.0,484.0,1784665589344.0,,
6a5fd5fc5409b7b2c137b1d6,,,mouse_move,,,,,,,701.0,486.0,1784665589353.0,,
6a5fd5fc5409b7b2c137b1d7,,,mouse_move,,,,,,,694.0,491.0,1784665589361.0,,
6a5fd5fc5409b7b2c137b1d8,,,mouse_move,,,,,,,684.0,498.0,1784665589370.0,,
6a5fd5fc5409b7b2c137b1d9,,,mouse_move,,,,,,,677.0,503.0,1784665589378.0,,
6a5fd5fc5409b7b2c137b1da,,,mouse_move,,,,,,,669.0,509.0,1784665589386.0,,
6a5fd5fc5409b7b2c137b1db,,,mouse_move,,,,,,,663.0,514.0,1784665589395.0,,
6a5fd5fc5409b7b2c137b1dc,,,mouse_move,,,,,,,657.0,518.0,1784665589403.0,,
6a5fd5fc5409b7b2c137b1dd,,,mouse_move,,,,,,,651.0,521.0,1784665589411.0,,
6a5fd5fc5409b7b2c137b1de,,,mouse_move,,,,,,,647.0,522.0,1784665589419.0,,
6a5fd5fc5409b7b2c137b1df,,,mouse_move,,,,,,,642.0,523.0,1784665589427.0,,
6a5fd5fc5409b7b2c137b1e0,,,mouse_move,,,,,,,642.0,522.0,1784665589496.0,,
6a5fd5fc5409b7b2c137b1e1,,,mouse_move,,,,,,,642.0,521.0,1784665589505.0,,
6a5fd5fc5409b7b2c137b1e2,,,mouse_move,,,,,,,643.0,519.0,1784665589513.0,,
6a5fd5fc5409b7b2c137b1e3,,,mouse_move,,,,,,,643.0,518.0,1784665589522.0,,
6a5fd5fc5409b7b2c137b1e4,,,mouse_move,,,,,,,644.0,517.0,1784665589529.0,,
6a5fd5fc5409b7b2c137b1e5,,,mouse_move,,,,,,,644.0,515.0,1784665589537.0,,
6a5fd5fc5409b7b2c137b1e6,,,mouse_move,,,,,,,644.0,514.0,1784665589545.0,,
6a5fd5fc5409b7b2c137b1e7,,,mouse_move,,,,,,,644.0,513.0,1784665589552.0,,
6a5fd5fc5409b7b2c137b1e8,,,mouse_move,,,,,,,644.0,512.0,1784665589561.0,,
6a5fd5fc5409b7b2c137b1e9,,,mouse_move,,,,,,,644.0,511.0,1784665589570.0,,
6a5fd5fc5409b7b2c137b1ea,,,mouse_move,,,,,,,644.0,510.0,1784665589578.0,,
6a5fd5fc5409b7b2c137b1eb,,,mouse_move,,,,,,,644.0,509.0,1784665589593.0,,
6a5fd5fc5409b7b2c137b1ec,,,mouse_move,,,,,,,644.0,508.0,1784665589606.0,,
6a5fd5fc5409b7b2c137b1ed,,,mouse_move,,,,,,,644.0,506.0,1784665589628.0,,
6a5fd5fc5409b7b2c137b1ee,,,mouse_move,,,,,,,644.0,505.0,1784665589637.0,,
6a5fd5fc5409b7b2c137b1ef,,,mouse_move,,,,,,,644.0,503.0,1784665589645.0,,
6a5fd5fc5409b7b2c137b1f0,,,mouse_move,,,,,,,644.0,501.0,1784665589661.0,,
6a5fd5fc5409b7b2c137b1f1,,,mouse_move,,,,,,,644.0,500.0,1784665589669.0,,
6a5fd5fc5409b7b2c137b1f2,,,mouse_move,,,,,,,644.0,498.0,1784665589677.0,,
6a5fd5fc5409b7b2c137b1f3,,,mouse_move,,,,,,,644.0,497.0,1784665589687.0,,
6a5fd5fc5409b7b2c137b1f4,,,mouse_move,,,,,,,644.0,496.0,1784665589695.0,,
6a5fd5fc5409b7b2c137b1f5,,,mouse_move,,,,,,,644.0,495.0,1784665589703.0,,
6a5fd5fc5409b7b2c137b1f6,,,mouse_move,,,,,,,644.0,494.0,1784665589712.0,,
6a5fd5fc5409b7b2c137b1f7,,,mouse_move,,,,,,,644.0,492.0,1784665589721.0,,
6a5fd5fc5409b7b2c137b1f8,,,mouse_move,,,,,,,644.0,491.0,1784665589728.0,,
6a5fd5fc5409b7b2c137b1f9,,,mouse_move,,,,,,,644.0,490.0,1784665589736.0,,
6a5fd5fc5409b7b2c137b1fa,,,mouse_move,,,,,,,644.0,489.0,1784665589745.0,,
6a5fd5fc5409b7b2c137b1fb,,,mouse_move,,,,,,,644.0,487.0,1784665589754.0,,
6a5fd5fc5409b7b2c137b1fc,,,mouse_move,,,,,,,644.0,485.0,1784665589762.0,,
6a5fd5fc5409b7b2c137b1fd,,,mouse_move,,,,,,,644.0,483.0,1784665589769.0,,
6a5fd5fc5409b7b2c137b1fe,,,mouse_move,,,,,,,644.0,482.0,1784665589783.0,,
6a5fd5fc5409b7b2c137b1ff,,,mouse_move,,,,,,,644.0,480.0,1784665589791.0,,
6a5fd5fc5409b7b2c137b200,,,mouse_move,,,,,,,645.0,480.0,1784665589798.0,,
6a5fd5fc5409b7b2c137b201,,,mouse_move,,,,,,,645.0,479.0,1784665589805.0,,
6a5fd5fc5409b7b2c137b202,,,mouse_move,,,,,,,645.0,478.0,1784665589813.0,,
6a5fd5fc5409b7b2c137b203,,,mouse_move,,,,,,,645.0,477.0,1784665589822.0,,
6a5fd5fc5409b7b2c137b204,,,mouse_move,,,,,,,645.0,476.0,1784665589831.0,,
6a5fd5fc5409b7b2c137b205,,,mouse_move,,,,,,,645.0,475.0,1784665589853.0,,
6a5fd5fc5409b7b2c137b206,,,mouse_move,,,,,,,645.0,474.0,1784665589862.0,,
6a5fd5fc5409b7b2c137b207,,,mouse_move,,,,,,,645.0,473.0,1784665589869.0,,
6a5fd5fc5409b7b2c137b208,,,mouse_move,,,,,,,645.0,472.0,1784665589885.0,,
6a5fd5fc5409b7b2c137b209,,,mouse_move,,,,,,,645.0,471.0,1784665589904.0,,
6a5fd5fc5409b7b2c137b20a,,,mouse_move,,,,,,,645.0,470.0,1784665589914.0,,
6a5fd5fc5409b7b2c137b20b,,,mouse_move,,,,,,,645.0,469.0,1784665589922.0,,
6a5fd5fc5409b7b2c137b20c,,,mouse_move,,,,,,,645.0,468.0,1784665589936.0,,
6a5fd5fc5409b7b2c137b20d,,,mouse_move,,,,,,,645.0,467.0,1784665589999.0,,
6a5fd5fc5409b7b2c137b20e,,,mouse_move,,,,,,,646.0,467.0,1784665590031.0,,
6a5fd5fc5409b7b2c137b20f,,,mouse_move,,,,,,,646.0,466.0,1784665590037.0,,
6a5fd5fc5409b7b2c137b210,,,mouse_move,,,,,,,646.0,465.0,1784665590058.0,,
6a5fd5fc5409b7b2c137b211,,,mouse_move,,,,,,,646.0,464.0,1784665590083.0,,
6a5fd5fc5409b7b2c137b212,,,mouse_move,,,,,,,647.0,463.0,1784665590098.0,,
6a5fd5fc5409b7b2c137b213,,,mouse_move,,,,,,,647.0,462.0,1784665590130.0,,
6a5fd5fc5409b7b2c137b214,,,mouse_move,,,,,,,647.0,461.0,1784665590136.0,,
6a5fd5fc5409b7b2c137b215,,,mouse_move,,,,,,,647.0,461.0,1784665590347.0,,
6a5fd5fc5409b7b2c137b216,,,mouse_move,,,,,,,647.0,461.0,1784665590370.0,,
6a5fd5fc5409b7b2c137b217,,,mouse_move,,,,,,,647.0,461.0,1784665590379.0,,
6a5fd5fc5409b7b2c137b218,,,mouse_click,,,,,,,647.0,461.0,1784665590530.0,0.0,
6a5fd6065409b7b2c137b228,,,mouse_move,,,,,,,672.0,501.0,1784665597292.0,,
6a5fd6065409b7b2c137b229,,,mouse_move,,,,,,,674.0,507.0,1784665597301.0,,
6a5fd6065409b7b2c137b22a,,,mouse_move,,,,,,,674.0,510.0,1784665597310.0,,
6a5fd6065409b7b2c137b22b,,,mouse_move,,,,,,,674.0,512.0,1784665597319.0,,
6a5fd6065409b7b2c137b22c,,,mouse_move,,,,,,,674.0,514.0,1784665597326.0,,
6a5fd6065409b7b2c137b22d,,,mouse_move,,,,,,,674.0,516.0,1784665597333.0,,
6a5fd6065409b7b2c137b22e,,,mouse_move,,,,,,,674.0,518.0,1784665597342.0,,
6a5fd6065409b7b2c137b22f,,,mouse_move,,,,,,,674.0,519.0,1784665597350.0,,
6a5fd6065409b7b2c137b230,,,mouse_move,,,,,,,674.0,521.0,1784665597358.0,,
6a5fd6065409b7b2c137b231,,,mouse_move,,,,,,,674.0,523.0,1784665597367.0,,
6a5fd6065409b7b2c137b232,,,mouse_move,,,,,,,674.0,525.0,1784665597374.0,,
6a5fd6065409b7b2c137b233,,,mouse_move,,,,,,,674.0,528.0,1784665597383.0,,
6a5fd6065409b7b2c137b234,,,mouse_move,,,,,,,674.0,529.0,1784665597392.0,,
6a5fd6065409b7b2c137b235,,,mouse_move,,,,,,,674.0,530.0,1784665597400.0,,
6a5fd6065409b7b2c137b236,,,mouse_move,,,,,,,674.0,531.0,1784665597407.0,,
6a5fd6065409b7b2c137b237,,,mouse_move,,,,,,,674.0,532.0,1784665597433.0,,
6a5fd6065409b7b2c137b238,,,mouse_click,,,,,,,674.0,532.0,1784665597659.0,0.0,
6a5fd6065409b7b2c137b239,,,mouse_move,,,,,,,676.0,532.0,1784665597853.0,,
6a5fd6065409b7b2c137b23a,,,mouse_move,,,,,,,681.0,531.0,1784665597859.0,,
6a5fd6065409b7b2c137b23b,,,mouse_move,,,,,,,685.0,530.0,1784665597865.0,,
6a5fd6065409b7b2c137b23c,,,mouse_move,,,,,,,699.0,528.0,1784665597872.0,,
6a5fd6065409b7b2c137b23d,,,mouse_move,,,,,,,712.0,526.0,1784665597881.0,,
6a5fd6065409b7b2c137b23e,,,mouse_move,,,,,,,733.0,523.0,1784665597889.0,,
6a5fd6065409b7b2c137b23f,,,mouse_move,,,,,,,782.0,521.0,1784665597897.0,,
6a5fd6065409b7b2c137b240,,,mouse_move,,,,,,,818.0,518.0,1784665597906.0,,
6a5fd6065409b7b2c137b241,,,mouse_move,,,,,,,854.0,516.0,1784665597915.0,,
6a5fd6065409b7b2c137b242,,,mouse_move,,,,,,,906.0,512.0,1784665597923.0,,
6a5fd6065409b7b2c137b243,,,mouse_move,,,,,,,945.0,511.0,1784665597931.0,,
6a5fd6065409b7b2c137b244,,,mouse_move,,,,,,,980.0,509.0,1784665597941.0,,
6a5fd6065409b7b2c137b245,,,mouse_move,,,,,,,1014.0,506.0,1784665597948.0,,
6a5fd6065409b7b2c137b246,,,mouse_move,,,,,,,1069.0,506.0,1784665597956.0,,
6a5fd6065409b7b2c137b247,,,mouse_move,,,,,,,1083.0,506.0,1784665597963.0,,
6a5fd6065409b7b2c137b248,,,mouse_move,,,,,,,1091.0,506.0,1784665597972.0,,
6a5fd6065409b7b2c137b249,,,mouse_move,,,,,,,1094.0,506.0,1784665597980.0,,
6a5fd6065409b7b2c137b24a,,,mouse_move,,,,,,,1096.0,506.0,1784665597988.0,,
6a5fd6065409b7b2c137b24b,,,mouse_move,,,,,,,1097.0,505.0,1784665598060.0,,
6a5fd6065409b7b2c137b24c,,,mouse_move,,,,,,,1099.0,503.0,1784665598069.0,,
6a5fd6065409b7b2c137b24d,,,mouse_move,,,,,,,1101.0,501.0,1784665598075.0,,
6a5fd6065409b7b2c137b24e,,,mouse_move,,,,,,,1102.0,500.0,1784665598083.0,,
6a5fd6065409b7b2c137b24f,,,mouse_move,,,,,,,1106.0,496.0,1784665598092.0,,
6a5fd6065409b7b2c137b250,,,mouse_move,,,,,,,1108.0,493.0,1784665598099.0,,
6a5fd6065409b7b2c137b251,,,mouse_move,,,,,,,1112.0,489.0,1784665598112.0,,
6a5fd6065409b7b2c137b252,,,mouse_move,,,,,,,1113.0,486.0,1784665598120.0,,
6a5fd6065409b7b2c137b253,,,mouse_move,,,,,,,1116.0,483.0,1784665598129.0,,
6a5fd6065409b7b2c137b254,,,mouse_move,,,,,,,1119.0,479.0,1784665598136.0,,
6a5fd6065409b7b2c137b255,,,mouse_move,,,,,,,1123.0,473.0,1784665598145.0,,
6a5fd6065409b7b2c137b256,,,mouse_move,,,,,,,1123.0,470.0,1784665598153.0,,
6a5fd6065409b7b2c137b257,,,mouse_move,,,,,,,1126.0,466.0,1784665598162.0,,
6a5fd6065409b7b2c137b258,,,mouse_move,,,,,,,1127.0,462.0,1784665598171.0,,
6a5fd6065409b7b2c137b259,,,mouse_move,,,,,,,1128.0,459.0,1784665598178.0,,
6a5fd6065409b7b2c137b25a,,,mouse_move,,,,,,,1129.0,455.0,1784665598187.0,,
6a5fd6065409b7b2c137b25b,,,mouse_move,,,,,,,1129.0,452.0,1784665598195.0,,
6a5fd6065409b7b2c137b25c,,,mouse_move,,,,,,,1130.0,443.0,1784665598205.0,,
6a5fd6065409b7b2c137b25d,,,mouse_move,,,,,,,1131.0,440.0,1784665598212.0,,
6a5fd6065409b7b2c137b25e,,,mouse_move,,,,,,,1133.0,437.0,1784665598222.0,,
6a5fd6065409b7b2c137b25f,,,mouse_move,,,,,,,1135.0,432.0,1784665598230.0,,
6a5fd6065409b7b2c137b260,,,mouse_move,,,,,,,1136.0,430.0,1784665598238.0,,
6a5fd6065409b7b2c137b261,,,mouse_move,,,,,,,1137.0,429.0,1784665598246.0,,
6a5fd6065409b7b2c137b262,,,mouse_move,,,,,,,1137.0,427.0,1784665598272.0,,
6a5fd6065409b7b2c137b263,,,mouse_move,,,,,,,1136.0,427.0,1784665598495.0,,
6a5fd6065409b7b2c137b264,,,mouse_move,,,,,,,1132.0,428.0,1784665598504.0,,
6a5fd6065409b7b2c137b265,,,mouse_move,,,,,,,1129.0,430.0,1784665598512.0,,
6a5fd6065409b7b2c137b266,,,mouse_move,,,,,,,1110.0,439.0,1784665598520.0,,
6a5fd6065409b7b2c137b267,,,mouse_move,,,,,,,1100.0,444.0,1784665598529.0,,
6a5fd6065409b7b2c137b268,,,mouse_move,,,,,,,1095.0,447.0,1784665598538.0,,
6a5fd6065409b7b2c137b269,,,mouse_move,,,,,,,1081.0,453.0,1784665598551.0,,
6a5fd6065409b7b2c137b26a,,,mouse_move,,,,,,,1073.0,455.0,1784665598557.0,,
6a5fd6065409b7b2c137b26b,,,mouse_move,,,,,,,1066.0,456.0,1784665598566.0,,
6a5fd6065409b7b2c137b26c,,,mouse_move,,,,,,,1058.0,457.0,1784665598575.0,,
6a5fd6065409b7b2c137b26d,,,mouse_move,,,,,,,1049.0,457.0,1784665598581.0,,
6a5fd6065409b7b2c137b26e,,,mouse_move,,,,,,,1039.0,457.0,1784665598591.0,,
6a5fd6065409b7b2c137b26f,,,mouse_move,,,,,,,1030.0,457.0,1784665598599.0,,
6a5fd6065409b7b2c137b270,,,mouse_move,,,,,,,1019.0,457.0,1784665598609.0,,
6a5fd6065409b7b2c137b271,,,mouse_move,,,,,,,1015.0,457.0,1784665598615.0,,
6a5fd6065409b7b2c137b272,,,mouse_move,,,,,,,1010.0,457.0,1784665598625.0,,
6a5fd6065409b7b2c137b273,,,mouse_move,,,,,,,1006.0,456.0,1784665598632.0,,
6a5fd6065409b7b2c137b274,,,mouse_move,,,,,,,1002.0,455.0,1784665598640.0,,
6a5fd6065409b7b2c137b275,,,mouse_move,,,,,,,999.0,455.0,1784665598648.0,,
6a5fd6065409b7b2c137b276,,,mouse_move,,,,,,,997.0,455.0,1784665598658.0,,
6a5fd6065409b7b2c137b277,,,mouse_move,,,,,,,996.0,455.0,1784665598667.0,,
6a5fd6065409b7b2c137b278,,,mouse_move,,,,,,,994.0,455.0,1784665598674.0,,
6a5fd6065409b7b2c137b279,,,mouse_move,,,,,,,992.0,455.0,1784665598683.0,,
6a5fd6065409b7b2c137b27a,,,mouse_move,,,,,,,991.0,455.0,1784665598693.0,,
6a5fd6065409b7b2c137b27b,,,mouse_move,,,,,,,990.0,455.0,1784665598702.0,,
6a5fd6065409b7b2c137b27c,,,mouse_move,,,,,,,989.0,455.0,1784665598709.0,,
6a5fd6065409b7b2c137b27d,,,mouse_move,,,,,,,988.0,455.0,1784665598733.0,,
6a5fd6065409b7b2c137b27e,,,mouse_move,,,,,,,986.0,455.0,1784665598978.0,,
6a5fd6065409b7b2c137b27f,,,mouse_move,,,,,,,977.0,458.0,1784665599000.0,,
6a5fd6065409b7b2c137b280,,,mouse_move,,,,,,,974.0,459.0,1784665599008.0,,
6a5fd6065409b7b2c137b281,,,mouse_move,,,,,,,968.0,460.0,1784665599016.0,,
6a5fd6065409b7b2c137b282,,,mouse_move,,,,,,,953.0,463.0,1784665599024.0,,
6a5fd6065409b7b2c137b283,,,mouse_move,,,,,,,937.0,466.0,1784665599031.0,,
6a5fd6065409b7b2c137b284,,,mouse_move,,,,,,,929.0,468.0,1784665599042.0,,
6a5fd6065409b7b2c137b285,,,mouse_move,,,,,,,924.0,469.0,1784665599049.0,,
6a5fd6065409b7b2c137b286,,,mouse_move,,,,,,,918.0,469.0,1784665599058.0,,
6a5fd6065409b7b2c137b287,,,mouse_move,,,,,,,913.0,470.0,1784665599065.0,,
6a5fd6065409b7b2c137b288,,,mouse_move,,,,,,,910.0,470.0,1784665599075.0,,
6a5fd6065409b7b2c137b289,,,mouse_move,,,,,,,907.0,470.0,1784665599082.0,,
6a5fd6065409b7b2c137b28a,,,mouse_move,,,,,,,906.0,470.0,1784665599090.0,,
6a5fd6065409b7b2c137b28b,,,mouse_move,,,,,,,905.0,470.0,1784665599099.0,,
6a5fd6065409b7b2c137b28c,,,mouse_move,,,,,,,904.0,471.0,1784665599107.0,,
6a5fd6065409b7b2c137b28d,,,mouse_move,,,,,,,901.0,471.0,1784665599115.0,,
6a5fd6065409b7b2c137b28e,,,mouse_move,,,,,,,896.0,472.0,1784665599123.0,,
6a5fd6065409b7b2c137b28f,,,mouse_move,,,,,,,892.0,473.0,1784665599131.0,,
6a5fd6065409b7b2c137b290,,,mouse_move,,,,,,,887.0,473.0,1784665599140.0,,
6a5fd6065409b7b2c137b291,,,mouse_move,,,,,,,883.0,475.0,1784665599148.0,,
6a5fd6065409b7b2c137b292,,,mouse_move,,,,,,,879.0,475.0,1784665599157.0,,
6a5fd6065409b7b2c137b293,,,mouse_move,,,,,,,875.0,476.0,1784665599165.0,,
6a5fd6065409b7b2c137b294,,,mouse_move,,,,,,,872.0,476.0,1784665599174.0,,
6a5fd6065409b7b2c137b295,,,mouse_move,,,,,,,868.0,476.0,1784665599183.0,,
6a5fd6065409b7b2c137b296,,,mouse_move,,,,,,,862.0,478.0,1784665599190.0,,
6a5fd6065409b7b2c137b297,,,mouse_move,,,,,,,855.0,479.0,1784665599200.0,,
6a5fd6065409b7b2c137b298,,,mouse_move,,,,,,,847.0,480.0,1784665599207.0,,
6a5fd6065409b7b2c137b299,,,mouse_move,,,,,,,839.0,480.0,1784665599216.0,,
6a5fd6065409b7b2c137b29a,,,mouse_move,,,,,,,828.0,480.0,1784665599223.0,,
6a5fd6065409b7b2c137b29b,,,mouse_move,,,,,,,821.0,480.0,1784665599232.0,,
6a5fd6065409b7b2c137b29c,,,mouse_move,,,,,,,815.0,480.0,1784665599240.0,,
6a5fd6065409b7b2c137b29d,,,mouse_move,,,,,,,809.0,477.0,1784665599249.0,,
6a5fd6065409b7b2c137b29e,,,mouse_move,,,,,,,804.0,476.0,1784665599259.0,,
6a5fd6065409b7b2c137b29f,,,mouse_move,,,,,,,800.0,475.0,1784665599265.0,,
6a5fd6065409b7b2c137b2a0,,,mouse_move,,,,,,,795.0,473.0,1784665599274.0,,
6a5fd6065409b7b2c137b2a1,,,mouse_move,,,,,,,792.0,472.0,1784665599282.0,,
6a5fd6065409b7b2c137b2a2,,,mouse_move,,,,,,,789.0,469.0,1784665599291.0,,
6a5fd6065409b7b2c137b2a3,,,mouse_move,,,,,,,786.0,468.0,1784665599301.0,,
6a5fd6065409b7b2c137b2a4,,,mouse_move,,,,,,,785.0,467.0,1784665599309.0,,
6a5fd6065409b7b2c137b2a5,,,mouse_move,,,,,,,785.0,466.0,1784665599316.0,,
6a5fd6065409b7b2c137b2a6,,,mouse_move,,,,,,,784.0,466.0,1784665599341.0,,
6a5fd6065409b7b2c137b2a7,,,mouse_move,,,,,,,783.0,466.0,1784665599348.0,,
6a5fd6065409b7b2c137b2a8,,,mouse_move,,,,,,,782.0,466.0,1784665599357.0,,
6a5fd6065409b7b2c137b2a9,,,mouse_move,,,,,,,779.0,466.0,1784665599365.0,,
6a5fd6065409b7b2c137b2aa,,,mouse_move,,,,,,,775.0,466.0,1784665599373.0,,
6a5fd6065409b7b2c137b2ab,,,mouse_move,,,,,,,768.0,466.0,1784665599382.0,,
6a5fd6065409b7b2c137b2ac,,,mouse_move,,,,,,,766.0,466.0,1784665599390.0,,
6a5fd6065409b7b2c137b2ad,,,mouse_move,,,,,,,762.0,467.0,1784665599401.0,,
6a5fd6065409b7b2c137b2ae,,,mouse_move,,,,,,,760.0,467.0,1784665599407.0,,
6a5fd6065409b7b2c137b2af,,,mouse_move,,,,,,,758.0,467.0,1784665599415.0,,
6a5fd6065409b7b2c137b2b0,,,mouse_move,,,,,,,757.0,467.0,1784665599428.0,,
6a5fd6065409b7b2c137b2b1,,,mouse_move,,,,,,,756.0,467.0,1784665599444.0,,
6a5fd6065409b7b2c137b2b2,,,mouse_move,,,,,,,755.0,467.0,1784665599517.0,,
6a5fd6065409b7b2c137b2b3,,,mouse_move,,,,,,,754.0,466.0,1784665599672.0,,
6a5fd6065409b7b2c137b2b4,,,mouse_move,,,,,,,754.0,464.0,1784665599676.0,,
6a5fd6065409b7b2c137b2b5,,,mouse_move,,,,,,,754.0,463.0,1784665599685.0,,
6a5fd6065409b7b2c137b2b6,,,mouse_move,,,,,,,754.0,462.0,1784665599707.0,,
6a5fd6065409b7b2c137b2b7,,,mouse_move,,,,,,,754.0,460.0,1784665599716.0,,
6a5fd6065409b7b2c137b2b8,,,mouse_move,,,,,,,754.0,458.0,1784665599731.0,,
6a5fd6065409b7b2c137b2b9,,,mouse_move,,,,,,,754.0,457.0,1784665599747.0,,
6a5fd6065409b7b2c137b2ba,,,mouse_move,,,,,,,756.0,455.0,1784665600040.0,,
6a5fd6065409b7b2c137b2bb,,,mouse_move,,,,,,,758.0,454.0,1784665600049.0,,
6a5fd6065409b7b2c137b2bc,,,mouse_move,,,,,,,764.0,451.0,1784665600056.0,,
6a5fd6065409b7b2c137b2bd,,,mouse_move,,,,,,,766.0,450.0,1784665600065.0,,
6a5fd6065409b7b2c137b2be,,,mouse_move,,,,,,,771.0,449.0,1784665600074.0,,
6a5fd6065409b7b2c137b2bf,,,mouse_move,,,,,,,773.0,448.0,1784665600083.0,,
6a5fd6065409b7b2c137b2c0,,,mouse_move,,,,,,,775.0,448.0,1784665600091.0,,
6a5fd6065409b7b2c137b2c1,,,mouse_move,,,,,,,778.0,448.0,1784665600098.0,,
6a5fd6065409b7b2c137b2c2,,,mouse_move,,,,,,,780.0,448.0,1784665600108.0,,
6a5fd6065409b7b2c137b2c3,,,mouse_move,,,,,,,783.0,450.0,1784665600116.0,,
6a5fd6065409b7b2c137b2c4,,,mouse_move,,,,,,,785.0,452.0,1784665600124.0,,
6a5fd6065409b7b2c137b2c5,,,mouse_move,,,,,,,789.0,458.0,1784665600132.0,,
6a5fd6065409b7b2c137b2c6,,,mouse_move,,,,,,,793.0,462.0,1784665600140.0,,
6a5fd6065409b7b2c137b2c7,,,mouse_move,,,,,,,797.0,468.0,1784665600149.0,,
6a5fd6065409b7b2c137b2c8,,,mouse_move,,,,,,,802.0,475.0,1784665600157.0,,
6a5fd6065409b7b2c137b2c9,,,mouse_move,,,,,,,807.0,481.0,1784665600166.0,,
6a5fd6065409b7b2c137b2ca,,,mouse_move,,,,,,,814.0,487.0,1784665600174.0,,
6a5fd6065409b7b2c137b2cb,,,mouse_move,,,,,,,817.0,491.0,1784665600182.0,,
6a5fd6065409b7b2c137b2cc,,,mouse_move,,,,,,,821.0,495.0,1784665600191.0,,
6a5fd6065409b7b2c137b2cd,,,mouse_move,,,,,,,827.0,499.0,1784665600199.0,,
6a5fd6065409b7b2c137b2ce,,,mouse_move,,,,,,,829.0,500.0,1784665600207.0,,
6a5fd6065409b7b2c137b2cf,,,mouse_move,,,,,,,831.0,501.0,1784665600215.0,,
6a5fd6065409b7b2c137b2d0,,,mouse_move,,,,,,,832.0,501.0,1784665600224.0,,
6a5fd6065409b7b2c137b2d1,,,mouse_move,,,,,,,833.0,502.0,1784665600232.0,,
6a5fd6065409b7b2c137b2d2,,,mouse_move,,,,,,,832.0,504.0,1784665600262.0,,
6a5fd6065409b7b2c137b2d3,,,mouse_move,,,,,,,828.0,506.0,1784665600269.0,,
6a5fd6065409b7b2c137b2d4,,,mouse_move,,,,,,,820.0,511.0,1784665600276.0,,
6a5fd6065409b7b2c137b2d5,,,mouse_move,,,,,,,816.0,515.0,1784665600285.0,,
6a5fd6065409b7b2c137b2d6,,,mouse_move,,,,,,,811.0,519.0,1784665600292.0,,
6a5fd6065409b7b2c137b2d7,,,mouse_move,,,,,,,806.0,524.0,1784665600300.0,,
6a5fd6065409b7b2c137b2d8,,,mouse_move,,,,,,,801.0,529.0,1784665600309.0,,
6a5fd6065409b7b2c137b2d9,,,mouse_move,,,,,,,798.0,532.0,1784665600316.0,,
6a5fd6065409b7b2c137b2da,,,mouse_move,,,,,,,796.0,536.0,1784665600324.0,,
6a5fd6065409b7b2c137b2db,,,mouse_move,,,,,,,793.0,539.0,1784665600332.0,,
6a5fd6065409b7b2c137b2dc,,,mouse_move,,,,,,,792.0,540.0,1784665600340.0,,
6a5fd6065409b7b2c137b2dd,,,mouse_move,,,,,,,792.0,541.0,1784665600348.0,,
6a5fd6065409b7b2c137b2de,,,mouse_move,,,,,,,791.0,543.0,1784665600357.0,,
6a5fd6065409b7b2c137b2df,,,mouse_move,,,,,,,791.0,544.0,1784665600397.0,,
6a5fd6065409b7b2c137b2e0,,,mouse_click,,,,,,,791.0,544.0,1784665600644.0,0.0,
6a5fd6065409b7b2c137b2e1,,,mouse_move,,,,,,,793.0,544.0,1784665600932.0,,
6a5fd6065409b7b2c137b2e2,,,mouse_move,,,,,,,794.0,544.0,1784665600939.0,,
6a5fd6065409b7b2c137b2e3,,,mouse_move,,,,,,,795.0,544.0,1784665600948.0,,
6a5fd6065409b7b2c137b2e4,,,mouse_move,,,,,,,796.0,544.0,1784665600955.0,,
6a5fd6065409b7b2c137b2e5,,,mouse_move,,,,,,,797.0,544.0,1784665600965.0,,
6a5fd6065409b7b2c137b2e6,,,mouse_move,,,,,,,798.0,544.0,1784665600973.0,,
6a5fd6065409b7b2c137b2e7,,,mouse_move,,,,,,,799.0,544.0,1784665600981.0,,
6a5fd6065409b7b2c137b2e8,,,mouse_move,,,,,,,800.0,544.0,1784665600988.0,,
6a5fd6065409b7b2c137b2e9,,,mouse_move,,,,,,,801.0,544.0,1784665601010.0,,
6a5fd6065409b7b2c137b2ea,,,mouse_move,,,,,,,802.0,544.0,1784665601036.0,,
6a5fd6065409b7b2c137b2eb,,,mouse_move,,,,,,,803.0,544.0,1784665601043.0,,
6a5fd6065409b7b2c137b2ec,,,mouse_move,,,,,,,804.0,544.0,1784665601069.0,,
6a5fd6065409b7b2c137b2ed,,,mouse_move,,,,,,,805.0,544.0,1784665601133.0,,
6a5fd6065409b7b2c137b2ee,,,mouse_move,,,,,,,807.0,544.0,1784665601140.0,,
6a5fd6065409b7b2c137b2ef,,,mouse_move,,,,,,,808.0,544.0,1784665601150.0,,
6a5fd6065409b7b2c137b2f0,,,mouse_move,,,,,,,810.0,544.0,1784665601157.0,,
6a5fd6065409b7b2c137b2f1,,,mouse_move,,,,,,,811.0,544.0,1784665601166.0,,
6a5fd6065409b7b2c137b2f2,,,mouse_move,,,,,,,812.0,544.0,1784665601173.0,,
6a5fd6065409b7b2c137b2f3,,,mouse_move,,,,,,,813.0,544.0,1784665601179.0,,
6a5fd6065409b7b2c137b2f4,,,mouse_move,,,,,,,814.0,543.0,1784665601202.0,,
6a5fd6065409b7b2c137b2f5,,,mouse_move,,,,,,,815.0,543.0,1784665601211.0,,
6a5fd6065409b7b2c137b2f6,,,mouse_move,,,,,,,816.0,542.0,1784665601220.0,,
6a5fd6065409b7b2c137b2f7,,,mouse_move,,,,,,,818.0,541.0,1784665601244.0,,
6a5fd6065409b7b2c137b2f8,,,mouse_move,,,,,,,819.0,541.0,1784665601252.0,,
6a5fd6065409b7b2c137b2f9,,,mouse_move,,,,,,,824.0,540.0,1784665601260.0,,
6a5fd6065409b7b2c137b2fa,,,mouse_move,,,,,,,826.0,539.0,1784665601269.0,,
6a5fd6065409b7b2c137b2fb,,,mouse_move,,,,,,,827.0,539.0,1784665601277.0,,
6a5fd6065409b7b2c137b2fc,,,mouse_move,,,,,,,826.0,539.0,1784665601364.0,,
6a5fd6065409b7b2c137b2fd,,,mouse_move,,,,,,,825.0,539.0,1784665601539.0,,
6a5fd6065409b7b2c137b2fe,,,mouse_move,,,,,,,824.0,539.0,1784665601559.0,,
6a5fd6065409b7b2c137b2ff,,,mouse_move,,,,,,,823.0,539.0,1784665601660.0,,
6a5fd6065409b7b2c137b300,,,mouse_move,,,,,,,821.0,539.0,1784665601749.0,,
6a5fd6065409b7b2c137b301,,,mouse_move,,,,,,,820.0,540.0,1784665601757.0,,
6a5fd6065409b7b2c137b302,,,mouse_move,,,,,,,819.0,540.0,1784665601764.0,,
6a5fd6065409b7b2c137b303,,,mouse_move,,,,,,,817.0,540.0,1784665601773.0,,
6a5fd6065409b7b2c137b304,,,mouse_move,,,,,,,816.0,540.0,1784665601792.0,,
6a5fd6065409b7b2c137b305,,,mouse_move,,,,,,,816.0,539.0,1784665601862.0,,
6a5fd6065409b7b2c137b306,,,mouse_move,,,,,,,818.0,538.0,1784665601868.0,,
6a5fd6065409b7b2c137b307,,,mouse_move,,,,,,,819.0,537.0,1784665601877.0,,
6a5fd6065409b7b2c137b308,,,mouse_move,,,,,,,821.0,535.0,1784665601884.0,,
6a5fd6065409b7b2c137b309,,,mouse_move,,,,,,,822.0,535.0,1784665601908.0,,
6a5fd6065409b7b2c137b30a,,,mouse_click,,,,,,,822.0,535.0,1784665603636.0,0.0,
6a5fd61a5409b7b2c137b34b,,,mouse_move,,,,,,,821.0,535.0,1784665620109.0,,
6a5fd61a5409b7b2c137b34c,,,mouse_move,,,,,,,813.0,536.0,1784665620120.0,,
6a5fd61a5409b7b2c137b34d,,,mouse_move,,,,,,,803.0,538.0,1784665620123.0,,
6a5fd61a5409b7b2c137b34e,,,mouse_move,,,,,,,790.0,541.0,1784665620133.0,,
6a5fd61a5409b7b2c137b34f,,,mouse_move,,,,,,,777.0,543.0,1784665620141.0,,
6a5fd61a5409b7b2c137b350,,,mouse_move,,,,,,,765.0,546.0,1784665620149.0,,
6a5fd61a5409b7b2c137b351,,,mouse_move,,,,,,,753.0,550.0,1784665620156.0,,
6a5fd61a5409b7b2c137b352,,,mouse_move,,,,,,,743.0,553.0,1784665620165.0,,
6a5fd61a5409b7b2c137b353,,,mouse_move,,,,,,,739.0,555.0,1784665620173.0,,
6a5fd61a5409b7b2c137b354,,,mouse_move,,,,,,,736.0,556.0,1784665620181.0,,
6a5fd61a5409b7b2c137b355,,,mouse_move,,,,,,,735.0,556.0,1784665620285.0,,
6a5fd61a5409b7b2c137b356,,,mouse_move,,,,,,,731.0,557.0,1784665620292.0,,
6a5fd61a5409b7b2c137b357,,,mouse_move,,,,,,,723.0,561.0,1784665620299.0,,
6a5fd61a5409b7b2c137b358,,,mouse_move,,,,,,,713.0,569.0,1784665620308.0,,
6a5fd61a5409b7b2c137b359,,,mouse_move,,,,,,,705.0,577.0,1784665620316.0,,
6a5fd61a5409b7b2c137b35a,,,mouse_move,,,,,,,700.0,582.0,1784665620325.0,,
6a5fd61a5409b7b2c137b35b,,,mouse_move,,,,,,,698.0,583.0,1784665620333.0,,
6a5fd61a5409b7b2c137b35c,,,mouse_move,,,,,,,698.0,585.0,1784665620380.0,,
6a5fd61a5409b7b2c137b35d,,,mouse_move,,,,,,,695.0,587.0,1784665620387.0,,
6a5fd61a5409b7b2c137b35e,,,mouse_move,,,,,,,689.0,592.0,1784665620396.0,,
6a5fd61a5409b7b2c137b35f,,,mouse_move,,,,,,,681.0,597.0,1784665620409.0,,
6a5fd61a5409b7b2c137b360,,,mouse_move,,,,,,,669.0,604.0,1784665620415.0,,
6a5fd61a5409b7b2c137b361,,,mouse_move,,,,,,,655.0,613.0,1784665620423.0,,
6a5fd61a5409b7b2c137b362,,,mouse_move,,,,,,,640.0,621.0,1784665620432.0,,
6a5fd61a5409b7b2c137b363,,,mouse_move,,,,,,,623.0,627.0,1784665620440.0,,
6a5fd61a5409b7b2c137b364,,,mouse_move,,,,,,,613.0,628.0,1784665620448.0,,
6a5fd61a5409b7b2c137b365,,,mouse_move,,,,,,,607.0,630.0,1784665620458.0,,
6a5fd61a5409b7b2c137b366,,,mouse_move,,,,,,,602.0,631.0,1784665620465.0,,
6a5fd61a5409b7b2c137b367,,,mouse_move,,,,,,,600.0,632.0,1784665620474.0,,
6a5fd61a5409b7b2c137b368,,,mouse_move,,,,,,,599.0,632.0,1784665620482.0,,
6a5fd61a5409b7b2c137b369,,,mouse_move,,,,,,,598.0,632.0,1784665620493.0,,
6a5fd61a5409b7b2c137b36a,,,mouse_move,,,,,,,598.0,631.0,1784665620541.0,,
6a5fd61a5409b7b2c137b36b,,,mouse_move,,,,,,,597.0,631.0,1784665620580.0,,
6a5fd61a5409b7b2c137b36c,,,mouse_move,,,,,,,596.0,630.0,1784665620588.0,,
6a5fd61a5409b7b2c137b36d,,,mouse_move,,,,,,,595.0,629.0,1784665620613.0,,
6a5fd61a5409b7b2c137b36e,,,mouse_move,,,,,,,594.0,629.0,1784665620620.0,,
6a5fd61a5409b7b2c137b36f,,,mouse_move,,,,,,,594.0,628.0,1784665620627.0,,
6a5fd61a5409b7b2c137b370,,,mouse_move,,,,,,,593.0,628.0,1784665620636.0,,
6a5fd61a5409b7b2c137b371,,,mouse_move,,,,,,,593.0,627.0,1784665620657.0,,
6a5fd61a5409b7b2c137b372,,,mouse_move,,,,,,,593.0,626.0,1784665620669.0,,
6a5fd61a5409b7b2c137b373,,,mouse_click,,,,,,,593.0,626.0,1784665620747.0,0.0,
6a5fd61a5409b7b2c137b374,,,mouse_move,,,,,,,593.0,626.0,1784665620757.0,,
6a5fd61a5409b7b2c137b375,,,mouse_move,,,,,,,592.0,626.0,1784665620844.0,,
6a5fd61a5409b7b2c137b376,,,mouse_move,,,,,,,591.0,626.0,1784665620908.0,,
6a5fd61a5409b7b2c137b377,,,mouse_move,,,,,,,590.0,626.0,1784665620964.0,,
6a5fd61a5409b7b2c137b378,,,mouse_move,,,,,,,591.0,626.0,1784665621189.0,,
6a5fd61a5409b7b2c137b379,,,mouse_move,,,,,,,592.0,626.0,1784665621276.0,,
6a5fd61a5409b7b2c137b37a,,,mouse_move,,,,,,,593.0,626.0,1784665621356.0,,
6a5fd61a5409b7b2c137b37b,,,mouse_move,,,,,,,595.0,626.0,1784665621500.0,,
6a5fd61a5409b7b2c137b37c,,,mouse_move,,,,,,,598.0,626.0,1784665621507.0,,
6a5fd61a5409b7b2c137b37d,,,mouse_move,,,,,,,601.0,626.0,1784665621516.0,,
6a5fd61a5409b7b2c137b37e,,,mouse_move,,,,,,,604.0,626.0,1784665621524.0,,
6a5fd61a5409b7b2c137b37f,,,mouse_move,,,,,,,609.0,626.0,1784665621533.0,,
6a5fd61a5409b7b2c137b380,,,mouse_move,,,,,,,612.0,625.0,1784665621540.0,,
6a5fd61a5409b7b2c137b381,,,mouse_move,,,,,,,619.0,624.0,1784665621548.0,,
6a5fd61a5409b7b2c137b382,,,mouse_move,,,,,,,626.0,623.0,1784665621556.0,,
6a5fd61a5409b7b2c137b383,,,mouse_move,,,,,,,631.0,622.0,1784665621568.0,,
6a5fd61a5409b7b2c137b384,,,mouse_move,,,,,,,641.0,620.0,1784665621574.0,,
6a5fd61a5409b7b2c137b385,,,mouse_move,,,,,,,649.0,619.0,1784665621582.0,,
6a5fd61a5409b7b2c137b386,,,mouse_move,,,,,,,657.0,618.0,1784665621590.0,,
6a5fd61a5409b7b2c137b387,,,mouse_move,,,,,,,666.0,618.0,1784665621598.0,,
6a5fd61a5409b7b2c137b388,,,mouse_move,,,,,,,676.0,617.0,1784665621607.0,,
6a5fd61a5409b7b2c137b389,,,mouse_move,,,,,,,683.0,616.0,1784665621614.0,,
6a5fd61a5409b7b2c137b38a,,,mouse_move,,,,,,,689.0,616.0,1784665621623.0,,
6a5fd61a5409b7b2c137b38b,,,mouse_move,,,,,,,695.0,616.0,1784665621631.0,,
6a5fd61a5409b7b2c137b38c,,,mouse_move,,,,,,,699.0,615.0,1784665621639.0,,
6a5fd61a5409b7b2c137b38d,,,mouse_move,,,,,,,702.0,615.0,1784665621648.0,,
6a5fd61a5409b7b2c137b38e,,,mouse_move,,,,,,,704.0,615.0,1784665621658.0,,
6a5fd61a5409b7b2c137b38f,,,mouse_move,,,,,,,705.0,615.0,1784665621691.0,,
6a5fd61a5409b7b2c137b390,,,mouse_move,,,,,,,706.0,615.0,1784665621724.0,,
6a5fd61a5409b7b2c137b391,,,mouse_move,,,,,,,707.0,615.0,1784665621748.0,,
6a5fd61a5409b7b2c137b392,,,mouse_move,,,,,,,708.0,615.0,1784665621764.0,,
6a5fd61a5409b7b2c137b393,,,mouse_move,,,,,,,709.0,614.0,1784665621788.0,,
6a5fd61a5409b7b2c137b394,,,mouse_move,,,,,,,710.0,614.0,1784665621808.0,,
6a5fd61a5409b7b2c137b395,,,mouse_move,,,,,,,712.0,614.0,1784665621832.0,,
6a5fd61a5409b7b2c137b396,,,mouse_move,,,,,,,713.0,614.0,1784665621845.0,,
6a5fd61a5409b7b2c137b397,,,mouse_move,,,,,,,713.0,613.0,1784665621851.0,,
6a5fd61a5409b7b2c137b398,,,mouse_move,,,,,,,714.0,613.0,1784665621861.0,,
6a5fd61a5409b7b2c137b399,,,mouse_move,,,,,,,715.0,613.0,1784665621884.0,,
6a5fd61a5409b7b2c137b39a,,,mouse_move,,,,,,,716.0,613.0,1784665621892.0,,
6a5fd61a5409b7b2c137b39b,,,mouse_move,,,,,,,718.0,612.0,1784665621916.0,,
6a5fd61a5409b7b2c137b39c,,,mouse_move,,,,,,,720.0,612.0,1784665621923.0,,
6a5fd61a5409b7b2c137b39d,,,mouse_move,,,,,,,723.0,612.0,1784665621932.0,,
6a5fd61a5409b7b2c137b39e,,,mouse_move,,,,,,,725.0,612.0,1784665621940.0,,
6a5fd61a5409b7b2c137b39f,,,mouse_move,,,,,,,727.0,611.0,1784665621949.0,,
6a5fd61a5409b7b2c137b3a0,,,mouse_move,,,,,,,729.0,611.0,1784665621957.0,,
6a5fd61a5409b7b2c137b3a1,,,mouse_move,,,,,,,730.0,611.0,1784665621972.0,,
6a5fd61a5409b7b2c137b3a2,,,mouse_move,,,,,,,731.0,611.0,1784665621979.0,,
6a5fd61a5409b7b2c137b3a3,,,mouse_move,,,,,,,730.0,611.0,1784665622571.0,,
6a5fd61a5409b7b2c137b3a4,,,mouse_move,,,,,,,729.0,611.0,1784665622580.0,,
6a5fd61a5409b7b2c137b3a5,,,mouse_move,,,,,,,728.0,611.0,1784665622588.0,,
6a5fd61a5409b7b2c137b3a6,,,mouse_move,,,,,,,725.0,612.0,1784665622596.0,,
6a5fd61a5409b7b2c137b3a7,,,mouse_move,,,,,,,722.0,613.0,1784665622604.0,,
6a5fd61a5409b7b2c137b3a8,,,mouse_move,,,,,,,720.0,614.0,1784665622612.0,,
6a5fd61a5409b7b2c137b3a9,,,mouse_move,,,,,,,716.0,615.0,1784665622620.0,,
6a5fd61a5409b7b2c137b3aa,,,mouse_move,,,,,,,713.0,616.0,1784665622628.0,,
6a5fd61a5409b7b2c137b3ab,,,mouse_move,,,,,,,710.0,617.0,1784665622636.0,,
6a5fd61a5409b7b2c137b3ac,,,mouse_move,,,,,,,708.0,618.0,1784665622644.0,,
6a5fd61a5409b7b2c137b3ad,,,mouse_move,,,,,,,704.0,618.0,1784665622652.0,,
6a5fd61a5409b7b2c137b3ae,,,mouse_move,,,,,,,701.0,618.0,1784665622659.0,,
6a5fd61a5409b7b2c137b3af,,,mouse_move,,,,,,,699.0,619.0,1784665622667.0,,
6a5fd61a5409b7b2c137b3b0,,,mouse_move,,,,,,,698.0,619.0,1784665622675.0,,
6a5fd61a5409b7b2c137b3b1,,,mouse_move,,,,,,,696.0,619.0,1784665622683.0,,
6a5fd61a5409b7b2c137b3b2,,,mouse_move,,,,,,,695.0,620.0,1784665622692.0,,
6a5fd61a5409b7b2c137b3b3,,,mouse_move,,,,,,,694.0,620.0,1784665622699.0,,
6a5fd61a5409b7b2c137b3b4,,,mouse_move,,,,,,,692.0,620.0,1784665622723.0,,
6a5fd61a5409b7b2c137b3b5,,,mouse_move,,,,,,,690.0,620.0,1784665622733.0,,
6a5fd61a5409b7b2c137b3b6,,,mouse_move,,,,,,,689.0,620.0,1784665622739.0,,
6a5fd61a5409b7b2c137b3b7,,,mouse_move,,,,,,,688.0,620.0,1784665622756.0,,
6a5fd61a5409b7b2c137b3b8,,,mouse_move,,,,,,,687.0,620.0,1784665622766.0,,
6a5fd61a5409b7b2c137b3b9,,,mouse_move,,,,,,,686.0,620.0,1784665622790.0,,
6a5fd61a5409b7b2c137b3ba,,,mouse_move,,,,,,,685.0,620.0,1784665622815.0,,
6a5fd61a5409b7b2c137b3bb,,,mouse_move,,,,,,,684.0,620.0,1784665622823.0,,
6a5fd61a5409b7b2c137b3bc,,,mouse_move,,,,,,,681.0,620.0,1784665622832.0,,
6a5fd61a5409b7b2c137b3bd,,,mouse_move,,,,,,,678.0,620.0,1784665622840.0,,
6a5fd61a5409b7b2c137b3be,,,mouse_move,,,,,,,677.0,620.0,1784665622848.0,,
6a5fd61a5409b7b2c137b3bf,,,mouse_move,,,,,,,676.0,620.0,1784665622857.0,,
6a5fd61a5409b7b2c137b3c0,,,mouse_move,,,,,,,674.0,620.0,1784665622864.0,,
6a5fd61a5409b7b2c137b3c1,,,mouse_move,,,,,,,673.0,620.0,1784665622873.0,,
6a5fd61a5409b7b2c137b3c2,,,mouse_move,,,,,,,672.0,620.0,1784665622881.0,,
6a5fd61a5409b7b2c137b3c3,,,mouse_move,,,,,,,670.0,620.0,1784665622890.0,,
6a5fd61a5409b7b2c137b3c4,,,mouse_move,,,,,,,668.0,620.0,1784665622898.0,,
6a5fd61a5409b7b2c137b3c5,,,mouse_move,,,,,,,663.0,620.0,1784665622906.0,,
6a5fd61a5409b7b2c137b3c6,,,mouse_move,,,,,,,660.0,620.0,1784665622916.0,,
6a5fd61a5409b7b2c137b3c7,,,mouse_move,,,,,,,657.0,620.0,1784665622924.0,,
6a5fd61a5409b7b2c137b3c8,,,mouse_move,,,,,,,654.0,620.0,1784665622932.0,,
6a5fd61a5409b7b2c137b3c9,,,mouse_move,,,,,,,651.0,621.0,1784665622940.0,,
6a5fd61a5409b7b2c137b3ca,,,mouse_move,,,,,,,648.0,622.0,1784665622948.0,,
6a5fd61a5409b7b2c137b3cb,,,mouse_move,,,,,,,645.0,622.0,1784665622957.0,,
6a5fd61a5409b7b2c137b3cc,,,mouse_move,,,,,,,644.0,622.0,1784665622966.0,,
6a5fd61a5409b7b2c137b3cd,,,mouse_move,,,,,,,643.0,623.0,1784665622973.0,,
6a5fd61a5409b7b2c137b3ce,,,mouse_move,,,,,,,640.0,623.0,1784665622981.0,,
6a5fd61a5409b7b2c137b3cf,,,mouse_move,,,,,,,638.0,623.0,1784665622990.0,,
6a5fd61a5409b7b2c137b3d0,,,mouse_move,,,,,,,637.0,623.0,1784665622999.0,,
6a5fd61a5409b7b2c137b3d1,,,mouse_move,,,,,,,636.0,623.0,1784665623007.0,,
6a5fd61a5409b7b2c137b3d2,,,mouse_move,,,,,,,634.0,623.0,1784665623016.0,,
6a5fd61a5409b7b2c137b3d3,,,mouse_move,,,,,,,633.0,623.0,1784665623029.0,,
6a5fd61a5409b7b2c137b3d4,,,mouse_move,,,,,,,632.0,623.0,1784665623048.0,,
6a5fd61a5409b7b2c137b3d5,,,mouse_move,,,,,,,631.0,623.0,1784665623076.0,,
6a5fd61a5409b7b2c137b3d6,,,mouse_move,,,,,,,631.0,622.0,1784665623116.0,,
6a5fd61a5409b7b2c137b3d7,,,mouse_move,,,,,,,630.0,622.0,1784665623140.0,,
6a5fd61a5409b7b2c137b3d8,,,mouse_move,,,,,,,630.0,621.0,1784665623164.0,,
6a5fd61a5409b7b2c137b3d9,,,mouse_move,,,,,,,629.0,621.0,1784665623252.0,,
6a5fd61a5409b7b2c137b3da,,,mouse_move,,,,,,,628.0,621.0,1784665623308.0,,
6a5fd61a5409b7b2c137b3db,,,mouse_move,,,,,,,627.0,621.0,1784665623333.0,,
6a5fd61a5409b7b2c137b3dc,,,mouse_move,,,,,,,626.0,621.0,1784665623388.0,,
6a5fd61a5409b7b2c137b3dd,,,mouse_move,,,,,,,625.0,621.0,1784665623420.0,,
6a5fd61a5409b7b2c137b3de,,,mouse_move,,,,,,,624.0,621.0,1784665623440.0,,
6a5fd61a5409b7b2c137b3df,,,mouse_move,,,,,,,623.0,621.0,1784665623885.0,,
6a5fd61a5409b7b2c137b3e0,,,mouse_move,,,,,,,622.0,621.0,1784665623892.0,,
6a5fd61a5409b7b2c137b3e1,,,mouse_move,,,,,,,621.0,621.0,1784665623900.0,,
6a5fd61a5409b7b2c137b3e2,,,mouse_move,,,,,,,617.0,622.0,1784665623908.0,,
6a5fd61a5409b7b2c137b3e3,,,mouse_move,,,,,,,611.0,625.0,1784665623916.0,,
6a5fd61a5409b7b2c137b3e4,,,mouse_move,,,,,,,597.0,629.0,1784665623924.0,,
6a5fd61a5409b7b2c137b3e5,,,mouse_move,,,,,,,580.0,636.0,1784665623931.0,,
6a5fd61a5409b7b2c137b3e6,,,mouse_move,,,,,,,550.0,644.0,1784665623940.0,,
6a5fd61a5409b7b2c137b3e7,,,mouse_move,,,,,,,521.0,651.0,1784665623949.0,,
6a5fd61a5409b7b2c137b3e8,,,mouse_move,,,,,,,487.0,656.0,1784665623956.0,,
6a5fd61a5409b7b2c137b3e9,,,mouse_move,,,,,,,456.0,659.0,1784665623966.0,,
6a5fd61a5409b7b2c137b3ea,,,mouse_move,,,,,,,431.0,659.0,1784665623973.0,,
6a5fd61a5409b7b2c137b3eb,,,mouse_move,,,,,,,411.0,660.0,1784665623983.0,,
6a5fd61a5409b7b2c137b3ec,,,mouse_move,,,,,,,398.0,660.0,1784665623990.0,,
6a5fd61a5409b7b2c137b3ed,,,mouse_move,,,,,,,387.0,660.0,1784665624004.0,,
6a5fd61a5409b7b2c137b3ee,,,mouse_move,,,,,,,385.0,660.0,1784665624013.0,,
6a5fd61a5409b7b2c137b3ef,,,mouse_move,,,,,,,385.0,659.0,1784665624102.0,,
6a5fd61a5409b7b2c137b3f0,,,mouse_move,,,,,,,386.0,658.0,1784665624109.0,,
6a5fd61a5409b7b2c137b3f1,,,mouse_move,,,,,,,388.0,656.0,1784665624117.0,,
6a5fd61a5409b7b2c137b3f2,,,mouse_move,,,,,,,390.0,654.0,1784665624124.0,,
6a5fd61a5409b7b2c137b3f3,,,mouse_move,,,,,,,394.0,650.0,1784665624132.0,,
6a5fd61a5409b7b2c137b3f4,,,mouse_move,,,,,,,398.0,648.0,1784665624140.0,,
6a5fd61a5409b7b2c137b3f5,,,mouse_move,,,,,,,404.0,644.0,1784665624149.0,,
6a5fd61a5409b7b2c137b3f6,,,mouse_move,,,,,,,414.0,639.0,1784665624157.0,,
6a5fd61a5409b7b2c137b3f7,,,mouse_move,,,,,,,421.0,636.0,1784665624165.0,,
6a5fd61a5409b7b2c137b3f8,,,mouse_move,,,,,,,434.0,630.0,1784665624174.0,,
6a5fd61a5409b7b2c137b3f9,,,mouse_move,,,,,,,446.0,627.0,1784665624182.0,,
6a5fd61a5409b7b2c137b3fa,,,mouse_move,,,,,,,457.0,625.0,1784665624190.0,,
6a5fd61a5409b7b2c137b3fb,,,mouse_move,,,,,,,470.0,622.0,1784665624199.0,,
6a5fd61a5409b7b2c137b3fc,,,mouse_move,,,,,,,481.0,618.0,1784665624207.0,,
6a5fd61a5409b7b2c137b3fd,,,mouse_move,,,,,,,491.0,617.0,1784665624216.0,,
6a5fd61a5409b7b2c137b3fe,,,mouse_move,,,,,,,499.0,616.0,1784665624224.0,,
6a5fd61a5409b7b2c137b3ff,,,mouse_move,,,,,,,507.0,615.0,1784665624232.0,,
6a5fd61a5409b7b2c137b400,,,mouse_move,,,,,,,511.0,614.0,1784665624241.0,,
6a5fd61a5409b7b2c137b401,,,mouse_move,,,,,,,517.0,613.0,1784665624248.0,,
6a5fd61a5409b7b2c137b402,,,mouse_move,,,,,,,520.0,613.0,1784665624257.0,,
6a5fd61a5409b7b2c137b403,,,mouse_move,,,,,,,523.0,613.0,1784665624266.0,,
6a5fd61a5409b7b2c137b404,,,mouse_move,,,,,,,524.0,613.0,1784665624274.0,,
6a5fd61a5409b7b2c137b405,,,mouse_move,,,,,,,525.0,613.0,1784665624284.0,,
6a5fd61a5409b7b2c137b406,,,mouse_move,,,,,,,526.0,613.0,1784665624308.0,,
6a5fd61a5409b7b2c137b407,,,mouse_move,,,,,,,529.0,613.0,1784665624316.0,,
6a5fd61a5409b7b2c137b408,,,mouse_move,,,,,,,533.0,613.0,1784665624324.0,,
6a5fd61a5409b7b2c137b409,,,mouse_move,,,,,,,539.0,613.0,1784665624332.0,,
6a5fd61a5409b7b2c137b40a,,,mouse_move,,,,,,,544.0,613.0,1784665624340.0,,
6a5fd61a5409b7b2c137b40b,,,mouse_move,,,,,,,550.0,612.0,1784665624348.0,,
6a5fd61a5409b7b2c137b40c,,,mouse_move,,,,,,,558.0,610.0,1784665624357.0,,
6a5fd61a5409b7b2c137b40d,,,mouse_move,,,,,,,563.0,609.0,1784665624364.0,,
6a5fd61a5409b7b2c137b40e,,,mouse_move,,,,,,,568.0,608.0,1784665624373.0,,
6a5fd61a5409b7b2c137b40f,,,mouse_move,,,,,,,570.0,608.0,1784665624382.0,,
6a5fd61a5409b7b2c137b410,,,mouse_move,,,,,,,569.0,608.0,1784665624509.0,,
6a5fd61a5409b7b2c137b411,,,mouse_move,,,,,,,569.0,609.0,1784665624516.0,,
6a5fd61a5409b7b2c137b412,,,mouse_move,,,,,,,569.0,610.0,1784665624524.0,,
6a5fd61a5409b7b2c137b413,,,mouse_move,,,,,,,569.0,611.0,1784665624556.0,,
6a5fd61a5409b7b2c137b414,,,mouse_move,,,,,,,568.0,611.0,1784665624580.0,,
6a5fd61a5409b7b2c137b415,,,mouse_move,,,,,,,568.0,612.0,1784665624591.0,,
6a5fd61a5409b7b2c137b416,,,mouse_move,,,,,,,567.0,613.0,1784665624615.0,,
6a5fd61a5409b7b2c137b417,,,mouse_move,,,,,,,567.0,614.0,1784665624624.0,,
6a5fd61a5409b7b2c137b418,,,mouse_move,,,,,,,567.0,615.0,1784665624660.0,,
6a5fd61a5409b7b2c137b419,,,mouse_move,,,,,,,566.0,615.0,1784665624667.0,,
6a5fd61a5409b7b2c137b41a,,,mouse_move,,,,,,,566.0,616.0,1784665624675.0,,
6a5fd61a5409b7b2c137b41b,,,mouse_move,,,,,,,566.0,617.0,1784665624684.0,,
6a5fd61a5409b7b2c137b41c,,,mouse_move,,,,,,,565.0,619.0,1784665624692.0,,
6a5fd61a5409b7b2c137b41d,,,mouse_move,,,,,,,564.0,620.0,1784665624699.0,,
6a5fd61a5409b7b2c137b41e,,,mouse_move,,,,,,,564.0,621.0,1784665624708.0,,
6a5fd61a5409b7b2c137b41f,,,mouse_move,,,,,,,564.0,622.0,1784665624716.0,,
6a5fd61a5409b7b2c137b420,,,mouse_move,,,,,,,563.0,624.0,1784665624741.0,,
6a5fd61a5409b7b2c137b421,,,mouse_move,,,,,,,564.0,624.0,1784665624932.0,,
6a5fd61a5409b7b2c137b422,,,mouse_click,,,,,,,564.0,624.0,1784665624963.0,0.0,
6a5fd61a5409b7b2c137b423,,,mouse_move,,,,,,,564.0,624.0,1784665624971.0,,
6a5fd61a5409b7b2c137b424,,,mouse_move,,,,,,,565.0,623.0,1784665625396.0,,
6a5fd61a5409b7b2c137b425,,,mouse_move,,,,,,,578.0,618.0,1784665625399.0,,
6a5fd61a5409b7b2c137b426,,,mouse_move,,,,,,,594.0,614.0,1784665625407.0,,
6a5fd61a5409b7b2c137b427,,,mouse_move,,,,,,,615.0,610.0,1784665625415.0,,
6a5fd61a5409b7b2c137b428,,,mouse_move,,,,,,,649.0,603.0,1784665625423.0,,
6a5fd61a5409b7b2c137b429,,,mouse_move,,,,,,,679.0,597.0,1784665625432.0,,
6a5fd61a5409b7b2c137b42a,,,mouse_move,,,,,,,705.0,592.0,1784665625440.0,,
6a5fd61a5409b7b2c137b42b,,,mouse_move,,,,,,,734.0,587.0,1784665625449.0,,
6a5fd61a5409b7b2c137b42c,,,mouse_move,,,,,,,768.0,580.0,1784665625456.0,,
6a5fd61a5409b7b2c137b42d,,,mouse_move,,,,,,,789.0,578.0,1784665625465.0,,
6a5fd61a5409b7b2c137b42e,,,mouse_move,,,,,,,805.0,574.0,1784665625470.0,,
6a5fd61a5409b7b2c137b42f,,,mouse_move,,,,,,,820.0,572.0,1784665625478.0,,
6a5fd61a5409b7b2c137b430,,,mouse_move,,,,,,,828.0,571.0,1784665625487.0,,
6a5fd61a5409b7b2c137b431,,,mouse_move,,,,,,,834.0,570.0,1784665625495.0,,
6a5fd61a5409b7b2c137b432,,,mouse_move,,,,,,,837.0,569.0,1784665625503.0,,
6a5fd61a5409b7b2c137b433,,,mouse_move,,,,,,,840.0,569.0,1784665625512.0,,
6a5fd61a5409b7b2c137b434,,,mouse_move,,,,,,,842.0,569.0,1784665625519.0,,
6a5fd61a5409b7b2c137b435,,,mouse_move,,,,,,,845.0,569.0,1784665625528.0,,
6a5fd61a5409b7b2c137b436,,,mouse_move,,,,,,,846.0,569.0,1784665625537.0,,
6a5fd61a5409b7b2c137b437,,,mouse_move,,,,,,,847.0,569.0,1784665625546.0,,
6a5fd61a5409b7b2c137b438,,,mouse_move,,,,,,,848.0,569.0,1784665625553.0,,
6a5fd61a5409b7b2c137b439,,,mouse_move,,,,,,,849.0,569.0,1784665625588.0,,
6a5fd61a5409b7b2c137b43a,,,mouse_move,,,,,,,850.0,569.0,1784665625612.0,,
6a5fd61a5409b7b2c137b43b,,,mouse_move,,,,,,,850.0,570.0,1784665625676.0,,
6a5fd61a5409b7b2c137b43c,,,mouse_move,,,,,,,850.0,571.0,1784665625684.0,,
6a5fd61a5409b7b2c137b43d,,,mouse_move,,,,,,,850.0,573.0,1784665625703.0,,
6a5fd61a5409b7b2c137b43e,,,mouse_move,,,,,,,850.0,574.0,1784665625711.0,,
6a5fd61a5409b7b2c137b43f,,,mouse_move,,,,,,,850.0,575.0,1784665625721.0,,
6a5fd61a5409b7b2c137b440,,,mouse_move,,,,,,,850.0,576.0,1784665625791.0,,
6a5fd61a5409b7b2c137b441,,,mouse_move,,,,,,,850.0,577.0,1784665625899.0,,
6a5fd61a5409b7b2c137b442,,,mouse_move,,,,,,,849.0,577.0,1784665625908.0,,
6a5fd61a5409b7b2c137b443,,,mouse_move,,,,,,,846.0,578.0,1784665625916.0,,
6a5fd61a5409b7b2c137b444,,,mouse_move,,,,,,,839.0,581.0,1784665625932.0,,
6a5fd61a5409b7b2c137b445,,,mouse_move,,,,,,,834.0,581.0,1784665625946.0,,
6a5fd61a5409b7b2c137b446,,,mouse_move,,,,,,,826.0,585.0,1784665625955.0,,
6a5fd61a5409b7b2c137b447,,,mouse_move,,,,,,,818.0,587.0,1784665625963.0,,
6a5fd61a5409b7b2c137b448,,,mouse_move,,,,,,,804.0,589.0,1784665625972.0,,
6a5fd61a5409b7b2c137b449,,,mouse_move,,,,,,,791.0,592.0,1784665625975.0,,
6a5fd61a5409b7b2c137b44a,,,mouse_move,,,,,,,762.0,597.0,1784665625988.0,,
6a5fd61a5409b7b2c137b44b,,,mouse_move,,,,,,,733.0,602.0,1784665626005.0,,
6a5fd61a5409b7b2c137b44c,,,mouse_move,,,,,,,713.0,604.0,1784665626021.0,,
6a5fd61a5409b7b2c137b44d,,,mouse_move,,,,,,,704.0,606.0,1784665626029.0,,
6a5fd61a5409b7b2c137b44e,,,mouse_move,,,,,,,698.0,606.0,1784665626038.0,,
6a5fd61a5409b7b2c137b44f,,,mouse_move,,,,,,,689.0,608.0,1784665626046.0,,
6a5fd61a5409b7b2c137b450,,,mouse_move,,,,,,,685.0,609.0,1784665626054.0,,
6a5fd61a5409b7b2c137b451,,,mouse_move,,,,,,,681.0,609.0,1784665626063.0,,
6a5fd61a5409b7b2c137b452,,,mouse_move,,,,,,,678.0,610.0,1784665626072.0,,
6a5fd61a5409b7b2c137b453,,,mouse_move,,,,,,,676.0,610.0,1784665626080.0,,
6a5fd61a5409b7b2c137b454,,,mouse_move,,,,,,,675.0,610.0,1784665626122.0,,
6a5fd61a5409b7b2c137b455,,,mouse_move,,,,,,,673.0,611.0,1784665626130.0,,
6a5fd61a5409b7b2c137b456,,,mouse_move,,,,,,,669.0,612.0,1784665626138.0,,
6a5fd61a5409b7b2c137b457,,,mouse_move,,,,,,,664.0,614.0,1784665626147.0,,
6a5fd61a5409b7b2c137b458,,,mouse_move,,,,,,,659.0,615.0,1784665626155.0,,
6a5fd61a5409b7b2c137b459,,,mouse_move,,,,,,,647.0,618.0,1784665626163.0,,
6a5fd61a5409b7b2c137b45a,,,mouse_move,,,,,,,637.0,620.0,1784665626180.0,,
6a5fd61a5409b7b2c137b45b,,,mouse_move,,,,,,,631.0,621.0,1784665626196.0,,
6a5fd61a5409b7b2c137b45c,,,mouse_move,,,,,,,628.0,622.0,1784665626205.0,,
6a5fd61a5409b7b2c137b45d,,,mouse_move,,,,,,,627.0,622.0,1784665626212.0,,
6a5fd61a5409b7b2c137b45e,,,mouse_move,,,,,,,626.0,622.0,1784665626222.0,,
6a5fd61a5409b7b2c137b45f,,,mouse_move,,,,,,,625.0,623.0,1784665626254.0,,
6a5fd61a5409b7b2c137b460,,,mouse_move,,,,,,,622.0,623.0,1784665626288.0,,
6a5fd61a5409b7b2c137b461,,,mouse_move,,,,,,,622.0,624.0,1784665626296.0,,
6a5fd6245409b7b2c137b469,,,mouse_move,,,,,,,627.0,623.0,1784665626788.0,,
6a5fd6245409b7b2c137b46a,,,mouse_move,,,,,,,644.0,617.0,1784665626796.0,,
6a5fd6245409b7b2c137b46b,,,mouse_move,,,,,,,676.0,607.0,1784665626805.0,,
6a5fd6245409b7b2c137b46c,,,mouse_move,,,,,,,698.0,601.0,1784665626813.0,,
6a5fd6245409b7b2c137b46d,,,mouse_move,,,,,,,725.0,595.0,1784665626821.0,,
6a5fd6245409b7b2c137b46e,,,mouse_move,,,,,,,757.0,586.0,1784665626829.0,,
6a5fd6245409b7b2c137b46f,,,mouse_move,,,,,,,813.0,573.0,1784665626846.0,,
6a5fd6245409b7b2c137b470,,,mouse_move,,,,,,,842.0,570.0,1784665626855.0,,
6a5fd6245409b7b2c137b471,,,mouse_move,,,,,,,857.0,568.0,1784665626863.0,,
6a5fd6245409b7b2c137b472,,,mouse_move,,,,,,,870.0,567.0,1784665626872.0,,
6a5fd6245409b7b2c137b473,,,mouse_move,,,,,,,881.0,565.0,1784665626881.0,,
6a5fd6245409b7b2c137b474,,,mouse_move,,,,,,,894.0,563.0,1784665626888.0,,
6a5fd6245409b7b2c137b475,,,mouse_move,,,,,,,904.0,563.0,1784665626896.0,,
6a5fd6245409b7b2c137b476,,,mouse_move,,,,,,,912.0,562.0,1784665626905.0,,
6a5fd6245409b7b2c137b477,,,mouse_move,,,,,,,920.0,561.0,1784665626913.0,,
6a5fd6245409b7b2c137b478,,,mouse_move,,,,,,,925.0,561.0,1784665626921.0,,
6a5fd6245409b7b2c137b479,,,mouse_move,,,,,,,932.0,560.0,1784665626929.0,,
6a5fd6245409b7b2c137b47a,,,mouse_move,,,,,,,936.0,560.0,1784665626938.0,,
6a5fd6245409b7b2c137b47b,,,mouse_move,,,,,,,940.0,559.0,1784665626947.0,,
6a5fd6245409b7b2c137b47c,,,mouse_move,,,,,,,941.0,559.0,1784665626955.0,,
6a5fd6245409b7b2c137b47d,,,mouse_move,,,,,,,941.0,555.0,1784665627022.0,,
6a5fd6245409b7b2c137b47e,,,mouse_move,,,,,,,939.0,545.0,1784665627038.0,,
6a5fd6245409b7b2c137b47f,,,mouse_move,,,,,,,936.0,537.0,1784665627046.0,,
6a5fd6245409b7b2c137b480,,,mouse_move,,,,,,,934.0,530.0,1784665627054.0,,
6a5fd6245409b7b2c137b481,,,mouse_move,,,,,,,929.0,522.0,1784665627063.0,,
6a5fd6245409b7b2c137b482,,,mouse_move,,,,,,,923.0,513.0,1784665627071.0,,
6a5fd6245409b7b2c137b483,,,mouse_move,,,,,,,913.0,503.0,1784665627080.0,,
6a5fd6245409b7b2c137b484,,,mouse_move,,,,,,,886.0,489.0,1784665627097.0,,
6a5fd6245409b7b2c137b485,,,mouse_move,,,,,,,861.0,481.0,1784665627104.0,,
6a5fd6245409b7b2c137b486,,,mouse_move,,,,,,,824.0,476.0,1784665627113.0,,
6a5fd6245409b7b2c137b487,,,mouse_move,,,,,,,766.0,474.0,1784665627131.0,,
6a5fd6245409b7b2c137b488,,,mouse_move,,,,,,,730.0,477.0,1784665627136.0,,
6a5fd6245409b7b2c137b489,,,mouse_move,,,,,,,717.0,479.0,1784665627145.0,,
6a5fd6245409b7b2c137b48a,,,mouse_move,,,,,,,675.0,494.0,1784665627162.0,,
6a5fd6245409b7b2c137b48b,,,mouse_move,,,,,,,659.0,505.0,1784665627171.0,,
6a5fd6245409b7b2c137b48c,,,mouse_move,,,,,,,645.0,514.0,1784665627179.0,,
6a5fd6245409b7b2c137b48d,,,mouse_move,,,,,,,627.0,532.0,1784665627181.0,,
6a5fd6245409b7b2c137b48e,,,mouse_move,,,,,,,616.0,544.0,1784665627196.0,,
6a5fd6245409b7b2c137b48f,,,mouse_move,,,,,,,599.0,578.0,1784665627205.0,,
6a5fd6245409b7b2c137b490,,,mouse_move,,,,,,,596.0,587.0,1784665627212.0,,
6a5fd6245409b7b2c137b491,,,mouse_move,,,,,,,595.0,593.0,1784665627221.0,,
6a5fd6245409b7b2c137b492,,,mouse_move,,,,,,,595.0,600.0,1784665627230.0,,
6a5fd6245409b7b2c137b493,,,mouse_move,,,,,,,595.0,603.0,1784665627238.0,,
6a5fd6245409b7b2c137b494,,,mouse_move,,,,,,,595.0,606.0,1784665627246.0,,
6a5fd6245409b7b2c137b495,,,mouse_move,,,,,,,595.0,607.0,1784665627254.0,,
6a5fd6245409b7b2c137b496,,,mouse_move,,,,,,,595.0,608.0,1784665627356.0,,
6a5fd6245409b7b2c137b497,,,mouse_move,,,,,,,595.0,609.0,1784665627364.0,,
6a5fd6245409b7b2c137b498,,,mouse_move,,,,,,,595.0,610.0,1784665627389.0,,
6a5fd6245409b7b2c137b499,,,mouse_move,,,,,,,594.0,612.0,1784665627397.0,,
6a5fd6245409b7b2c137b49a,,,mouse_move,,,,,,,593.0,614.0,1784665627404.0,,
6a5fd6245409b7b2c137b49b,,,mouse_move,,,,,,,592.0,615.0,1784665627412.0,,
6a5fd6245409b7b2c137b49c,,,mouse_move,,,,,,,592.0,616.0,1784665627421.0,,
6a5fd6245409b7b2c137b49d,,,mouse_move,,,,,,,592.0,617.0,1784665627429.0,,
6a5fd6245409b7b2c137b49e,,,mouse_move,,,,,,,592.0,618.0,1784665627437.0,,
6a5fd6245409b7b2c137b49f,,,mouse_move,,,,,,,592.0,619.0,1784665627452.0,,
6a5fd6245409b7b2c137b4a0,,,mouse_move,,,,,,,592.0,620.0,1784665627477.0,,
6a5fd6245409b7b2c137b4a1,,,mouse_click,,,,,,,592.0,620.0,1784665627735.0,0.0,
6a5fd6245409b7b2c137b4a2,,,mouse_move,,,,,,,592.0,619.0,1784665627836.0,,
6a5fd6245409b7b2c137b4a3,,,mouse_move,,,,,,,592.0,617.0,1784665627846.0,,
6a5fd6245409b7b2c137b4a4,,,mouse_move,,,,,,,591.0,615.0,1784665627854.0,,
6a5fd6245409b7b2c137b4a5,,,mouse_move,,,,,,,591.0,611.0,1784665627862.0,,
6a5fd6245409b7b2c137b4a6,,,mouse_move,,,,,,,590.0,606.0,1784665627870.0,,
6a5fd6245409b7b2c137b4a7,,,mouse_move,,,,,,,589.0,601.0,1784665627878.0,,
6a5fd6245409b7b2c137b4a8,,,mouse_move,,,,,,,588.0,594.0,1784665627888.0,,
6a5fd6245409b7b2c137b4a9,,,mouse_move,,,,,,,587.0,586.0,1784665627896.0,,
6a5fd6245409b7b2c137b4aa,,,mouse_move,,,,,,,585.0,573.0,1784665627904.0,,
6a5fd6245409b7b2c137b4ab,,,mouse_move,,,,,,,584.0,561.0,1784665627914.0,,
6a5fd6245409b7b2c137b4ac,,,mouse_move,,,,,,,582.0,549.0,1784665627922.0,,
6a5fd6245409b7b2c137b4ad,,,mouse_move,,,,,,,582.0,537.0,1784665627930.0,,
6a5fd6245409b7b2c137b4ae,,,mouse_move,,,,,,,580.0,504.0,1784665627939.0,,
6a5fd6245409b7b2c137b4af,,,mouse_move,,,,,,,580.0,492.0,1784665627947.0,,
6a5fd6245409b7b2c137b4b0,,,mouse_move,,,,,,,581.0,480.0,1784665627958.0,,
6a5fd6245409b7b2c137b4b1,,,mouse_move,,,,,,,582.0,473.0,1784665627967.0,,
6a5fd6245409b7b2c137b4b2,,,mouse_move,,,,,,,582.0,467.0,1784665627976.0,,
6a5fd6245409b7b2c137b4b3,,,mouse_move,,,,,,,582.0,461.0,1784665627986.0,,
6a5fd6245409b7b2c137b4b4,,,mouse_move,,,,,,,582.0,458.0,1784665627994.0,,
6a5fd6245409b7b2c137b4b5,,,mouse_move,,,,,,,582.0,455.0,1784665628003.0,,
6a5fd6245409b7b2c137b4b6,,,mouse_move,,,,,,,582.0,452.0,1784665628011.0,,
6a5fd6245409b7b2c137b4b7,,,mouse_move,,,,,,,582.0,451.0,1784665628019.0,,
6a5fd6245409b7b2c137b4b8,,,mouse_move,,,,,,,582.0,449.0,1784665628027.0,,
6a5fd6245409b7b2c137b4b9,,,mouse_move,,,,,,,581.0,447.0,1784665628035.0,,
6a5fd6245409b7b2c137b4ba,,,mouse_move,,,,,,,580.0,444.0,1784665628044.0,,
6a5fd6245409b7b2c137b4bb,,,mouse_move,,,,,,,578.0,438.0,1784665628052.0,,
6a5fd6245409b7b2c137b4bc,,,mouse_move,,,,,,,577.0,434.0,1784665628061.0,,
6a5fd6245409b7b2c137b4bd,,,mouse_move,,,,,,,574.0,421.0,1784665628070.0,,
6a5fd6245409b7b2c137b4be,,,mouse_move,,,,,,,571.0,413.0,1784665628078.0,,
6a5fd6245409b7b2c137b4bf,,,mouse_move,,,,,,,565.0,401.0,1784665628085.0,,
6a5fd6245409b7b2c137b4c0,,,mouse_move,,,,,,,560.0,391.0,1784665628095.0,,
6a5fd6245409b7b2c137b4c1,,,mouse_move,,,,,,,555.0,381.0,1784665628102.0,,
6a5fd6245409b7b2c137b4c2,,,mouse_move,,,,,,,547.0,366.0,1784665628111.0,,
6a5fd6245409b7b2c137b4c3,,,mouse_move,,,,,,,539.0,356.0,1784665628120.0,,
6a5fd6245409b7b2c137b4c4,,,mouse_move,,,,,,,533.0,351.0,1784665628127.0,,
6a5fd6245409b7b2c137b4c5,,,mouse_move,,,,,,,527.0,346.0,1784665628135.0,,
6a5fd6245409b7b2c137b4c6,,,mouse_move,,,,,,,520.0,343.0,1784665628143.0,,
6a5fd6245409b7b2c137b4c7,,,mouse_move,,,,,,,512.0,340.0,1784665628151.0,,
6a5fd6245409b7b2c137b4c8,,,mouse_move,,,,,,,503.0,336.0,1784665628159.0,,
6a5fd6245409b7b2c137b4c9,,,mouse_move,,,,,,,496.0,334.0,1784665628168.0,,
6a5fd6245409b7b2c137b4ca,,,mouse_move,,,,,,,489.0,331.0,1784665628176.0,,
6a5fd6245409b7b2c137b4cb,,,mouse_move,,,,,,,480.0,328.0,1784665628185.0,,
6a5fd6245409b7b2c137b4cc,,,mouse_move,,,,,,,475.0,327.0,1784665628193.0,,
6a5fd6245409b7b2c137b4cd,,,mouse_move,,,,,,,466.0,326.0,1784665628201.0,,
6a5fd6245409b7b2c137b4ce,,,mouse_move,,,,,,,459.0,325.0,1784665628209.0,,
6a5fd6245409b7b2c137b4cf,,,mouse_move,,,,,,,452.0,323.0,1784665628219.0,,
6a5fd6245409b7b2c137b4d0,,,mouse_move,,,,,,,446.0,322.0,1784665628227.0,,
6a5fd6245409b7b2c137b4d1,,,mouse_move,,,,,,,436.0,322.0,1784665628235.0,,
6a5fd6245409b7b2c137b4d2,,,mouse_move,,,,,,,429.0,321.0,1784665628243.0,,
6a5fd6245409b7b2c137b4d3,,,mouse_move,,,,,,,410.0,318.0,1784665628252.0,,
6a5fd6245409b7b2c137b4d4,,,mouse_move,,,,,,,394.0,318.0,1784665628260.0,,
6a5fd6245409b7b2c137b4d5,,,mouse_move,,,,,,,382.0,318.0,1784665628268.0,,
6a5fd6245409b7b2c137b4d6,,,mouse_move,,,,,,,369.0,319.0,1784665628276.0,,
6a5fd6245409b7b2c137b4d7,,,mouse_move,,,,,,,356.0,320.0,1784665628285.0,,
6a5fd6245409b7b2c137b4d8,,,mouse_move,,,,,,,339.0,322.0,1784665628293.0,,
6a5fd6245409b7b2c137b4d9,,,mouse_move,,,,,,,329.0,323.0,1784665628301.0,,
6a5fd6245409b7b2c137b4da,,,mouse_move,,,,,,,314.0,325.0,1784665628309.0,,
6a5fd6245409b7b2c137b4db,,,mouse_move,,,,,,,303.0,329.0,1784665628318.0,,
6a5fd6245409b7b2c137b4dc,,,mouse_move,,,,,,,293.0,331.0,1784665628327.0,,
6a5fd6245409b7b2c137b4dd,,,mouse_move,,,,,,,280.0,334.0,1784665628335.0,,
6a5fd6245409b7b2c137b4de,,,mouse_move,,,,,,,272.0,336.0,1784665628343.0,,
6a5fd6245409b7b2c137b4df,,,mouse_move,,,,,,,268.0,337.0,1784665628352.0,,
6a5fd6245409b7b2c137b4e0,,,mouse_move,,,,,,,266.0,338.0,1784665628360.0,,
6a5fd6245409b7b2c137b4e1,,,mouse_move,,,,,,,268.0,341.0,1784665628497.0,,
6a5fd6245409b7b2c137b4e2,,,mouse_move,,,,,,,272.0,345.0,1784665628508.0,,
6a5fd6245409b7b2c137b4e3,,,mouse_move,,,,,,,275.0,349.0,1784665628513.0,,
6a5fd6245409b7b2c137b4e4,,,mouse_move,,,,,,,279.0,353.0,1784665628518.0,,
6a5fd6245409b7b2c137b4e5,,,mouse_move,,,,,,,281.0,356.0,1784665628527.0,,
6a5fd6245409b7b2c137b4e6,,,mouse_move,,,,,,,282.0,356.0,1784665628535.0,,
6a5fd6245409b7b2c137b4e7,,,mouse_move,,,,,,,283.0,356.0,1784665628833.0,,
6a5fd6245409b7b2c137b4e8,,,mouse_move,,,,,,,287.0,356.0,1784665628840.0,,
6a5fd6245409b7b2c137b4e9,,,mouse_move,,,,,,,289.0,357.0,1784665628847.0,,
6a5fd6245409b7b2c137b4ea,,,mouse_move,,,,,,,295.0,360.0,1784665628856.0,,
6a5fd6245409b7b2c137b4eb,,,mouse_move,,,,,,,302.0,365.0,1784665628864.0,,
6a5fd6245409b7b2c137b4ec,,,mouse_move,,,,,,,313.0,372.0,1784665628868.0,,
6a5fd6245409b7b2c137b4ed,,,mouse_move,,,,,,,325.0,381.0,1784665628881.0,,
6a5fd6245409b7b2c137b4ee,,,mouse_move,,,,,,,342.0,394.0,1784665628887.0,,
6a5fd6245409b7b2c137b4ef,,,mouse_move,,,,,,,361.0,407.0,1784665628894.0,,
6a5fd6245409b7b2c137b4f0,,,mouse_move,,,,,,,380.0,420.0,1784665628903.0,,
6a5fd6245409b7b2c137b4f1,,,mouse_move,,,,,,,402.0,436.0,1784665628909.0,,
6a5fd6245409b7b2c137b4f2,,,mouse_move,,,,,,,422.0,453.0,1784665628918.0,,
6a5fd6245409b7b2c137b4f3,,,mouse_move,,,,,,,445.0,473.0,1784665628927.0,,
6a5fd6245409b7b2c137b4f4,,,mouse_move,,,,,,,468.0,501.0,1784665628935.0,,
6a5fd6245409b7b2c137b4f5,,,mouse_move,,,,,,,482.0,525.0,1784665628944.0,,
6a5fd6245409b7b2c137b4f6,,,mouse_move,,,,,,,498.0,559.0,1784665628951.0,,
6a5fd6245409b7b2c137b4f7,,,mouse_move,,,,,,,516.0,603.0,1784665628960.0,,
6a5fd6245409b7b2c137b4f8,,,mouse_move,,,,,,,526.0,641.0,1784665628968.0,,
6a5fd6245409b7b2c137b4f9,,,mouse_move,,,,,,,540.0,692.0,1784665628976.0,,
6a5fd6245409b7b2c137b4fa,,,mouse_move,,,,,,,552.0,743.0,1784665628984.0,,
6a5fd6245409b7b2c137b4fb,,,mouse_move,,,,,,,966.0,745.0,1784665629229.0,,
6a5fd6245409b7b2c137b4fc,,,mouse_move,,,,,,,983.0,704.0,1784665629237.0,,
6a5fd6245409b7b2c137b4fd,,,mouse_move,,,,,,,998.0,660.0,1784665629245.0,,
6a5fd6245409b7b2c137b4fe,,,mouse_move,,,,,,,1010.0,612.0,1784665629254.0,,
6a5fd6245409b7b2c137b4ff,,,mouse_move,,,,,,,1014.0,570.0,1784665629262.0,,
6a5fd6245409b7b2c137b500,,,mouse_move,,,,,,,1014.0,535.0,1784665629270.0,,
6a5fd6245409b7b2c137b501,,,mouse_move,,,,,,,1012.0,509.0,1784665629278.0,,
6a5fd6245409b7b2c137b502,,,mouse_move,,,,,,,1004.0,482.0,1784665629287.0,,
6a5fd6245409b7b2c137b503,,,mouse_move,,,,,,,996.0,460.0,1784665629294.0,,
6a5fd6245409b7b2c137b504,,,mouse_move,,,,,,,986.0,441.0,1784665629304.0,,
6a5fd6245409b7b2c137b505,,,mouse_move,,,,,,,975.0,423.0,1784665629312.0,,
6a5fd6245409b7b2c137b506,,,mouse_move,,,,,,,967.0,413.0,1784665629317.0,,
6a5fd6245409b7b2c137b507,,,mouse_move,,,,,,,959.0,404.0,1784665629326.0,,
6a5fd6245409b7b2c137b508,,,mouse_move,,,,,,,947.0,393.0,1784665629334.0,,
6a5fd6245409b7b2c137b509,,,mouse_move,,,,,,,939.0,386.0,1784665629343.0,,
6a5fd6245409b7b2c137b50a,,,mouse_move,,,,,,,929.0,377.0,1784665629351.0,,
6a5fd6245409b7b2c137b50b,,,mouse_move,,,,,,,918.0,370.0,1784665629359.0,,
6a5fd6245409b7b2c137b50c,,,mouse_move,,,,,,,903.0,364.0,1784665629367.0,,
6a5fd6245409b7b2c137b50d,,,mouse_move,,,,,,,886.0,356.0,1784665629376.0,,
6a5fd6245409b7b2c137b50e,,,mouse_move,,,,,,,875.0,351.0,1784665629384.0,,
6a5fd6245409b7b2c137b50f,,,mouse_move,,,,,,,863.0,347.0,1784665629391.0,,
6a5fd6245409b7b2c137b510,,,mouse_move,,,,,,,856.0,345.0,1784665629399.0,,
6a5fd6245409b7b2c137b511,,,mouse_move,,,,,,,851.0,342.0,1784665629409.0,,
6a5fd6245409b7b2c137b512,,,mouse_move,,,,,,,847.0,340.0,1784665629417.0,,
6a5fd6245409b7b2c137b513,,,mouse_move,,,,,,,845.0,340.0,1784665629429.0,,
6a5fd6245409b7b2c137b514,,,mouse_move,,,,,,,844.0,339.0,1784665629437.0,,
6a5fd6245409b7b2c137b515,,,mouse_move,,,,,,,843.0,339.0,1784665629459.0,,
6a5fd6245409b7b2c137b516,,,mouse_move,,,,,,,842.0,339.0,1784665629467.0,,
6a5fd6245409b7b2c137b517,,,mouse_move,,,,,,,841.0,339.0,1784665629476.0,,
6a5fd6245409b7b2c137b518,,,mouse_move,,,,,,,839.0,339.0,1784665629489.0,,
6a5fd6245409b7b2c137b519,,,mouse_move,,,,,,,837.0,340.0,1784665629510.0,,
6a5fd6245409b7b2c137b51a,,,mouse_move,,,,,,,831.0,345.0,1784665629519.0,,
6a5fd6245409b7b2c137b51b,,,mouse_move,,,,,,,825.0,351.0,1784665629526.0,,
6a5fd6245409b7b2c137b51c,,,mouse_move,,,,,,,818.0,362.0,1784665629536.0,,
6a5fd6245409b7b2c137b51d,,,mouse_move,,,,,,,812.0,375.0,1784665629543.0,,
6a5fd6245409b7b2c137b51e,,,mouse_move,,,,,,,803.0,395.0,1784665629551.0,,
6a5fd6245409b7b2c137b51f,,,mouse_move,,,,,,,797.0,414.0,1784665629559.0,,
6a5fd6245409b7b2c137b520,,,mouse_move,,,,,,,789.0,441.0,1784665629567.0,,
6a5fd6245409b7b2c137b521,,,mouse_move,,,,,,,780.0,494.0,1784665629576.0,,
6a5fd6245409b7b2c137b522,,,mouse_move,,,,,,,777.0,514.0,1784665629585.0,,
6a5fd6245409b7b2c137b523,,,mouse_move,,,,,,,777.0,529.0,1784665629592.0,,
6a5fd6245409b7b2c137b524,,,mouse_move,,,,,,,777.0,551.0,1784665629601.0,,
6a5fd6245409b7b2c137b525,,,mouse_move,,,,,,,777.0,561.0,1784665629609.0,,
6a5fd6245409b7b2c137b526,,,mouse_move,,,,,,,777.0,582.0,1784665629617.0,,
6a5fd6245409b7b2c137b527,,,mouse_move,,,,,,,781.0,598.0,1784665629625.0,,
6a5fd6245409b7b2c137b528,,,mouse_move,,,,,,,785.0,610.0,1784665629634.0,,
6a5fd6245409b7b2c137b529,,,mouse_move,,,,,,,793.0,625.0,1784665629641.0,,
6a5fd6245409b7b2c137b52a,,,mouse_move,,,,,,,800.0,635.0,1784665629652.0,,
6a5fd6245409b7b2c137b52b,,,mouse_move,,,,,,,809.0,645.0,1784665629659.0,,
6a5fd6245409b7b2c137b52c,,,mouse_move,,,,,,,820.0,657.0,1784665629667.0,,
6a5fd6245409b7b2c137b52d,,,mouse_move,,,,,,,835.0,672.0,1784665629675.0,,
6a5fd6245409b7b2c137b52e,,,mouse_move,,,,,,,845.0,681.0,1784665629684.0,,
6a5fd6245409b7b2c137b52f,,,mouse_move,,,,,,,853.0,691.0,1784665629692.0,,
6a5fd6245409b7b2c137b530,,,mouse_move,,,,,,,860.0,698.0,1784665629700.0,,
6a5fd6245409b7b2c137b531,,,mouse_move,,,,,,,868.0,714.0,1784665629709.0,,
6a5fd6245409b7b2c137b532,,,mouse_move,,,,,,,870.0,720.0,1784665629717.0,,
6a5fd6245409b7b2c137b533,,,mouse_move,,,,,,,871.0,727.0,1784665629725.0,,
6a5fd6245409b7b2c137b534,,,mouse_move,,,,,,,872.0,732.0,1784665629735.0,,
6a5fd6245409b7b2c137b535,,,mouse_move,,,,,,,873.0,738.0,1784665629742.0,,
6a5fd6245409b7b2c137b536,,,mouse_move,,,,,,,874.0,744.0,1784665629751.0,,
6a5fd6245409b7b2c137b537,,,mouse_move,,,,,,,875.0,748.0,1784665629759.0,,
6a5fd6245409b7b2c137b538,,,mouse_move,,,,,,,876.0,752.0,1784665629769.0,,
6a5fd6245409b7b2c137b539,,,mouse_move,,,,,,,877.0,755.0,1784665629776.0,,
6a5fd6245409b7b2c137b53a,,,mouse_move,,,,,,,879.0,757.0,1784665629784.0,,
6a5fd6245409b7b2c137b53b,,,mouse_move,,,,,,,880.0,761.0,1784665629792.0,,
6a5fd6245409b7b2c137b53c,,,mouse_move,,,,,,,882.0,764.0,1784665629800.0,,
6a5fd6245409b7b2c137b53d,,,mouse_move,,,,,,,884.0,767.0,1784665629809.0,,
6a5fd6245409b7b2c137b53e,,,mouse_move,,,,,,,741.0,727.0,1784665632271.0,,
6a5fd6245409b7b2c137b53f,,,mouse_move,,,,,,,718.0,669.0,1784665632277.0,,
6a5fd6245409b7b2c137b540,,,mouse_move,,,,,,,699.0,625.0,1784665632285.0,,
6a5fd6245409b7b2c137b541,,,mouse_move,,,,,,,682.0,581.0,1784665632294.0,,
6a5fd6245409b7b2c137b542,,,mouse_move,,,,,,,669.0,540.0,1784665632299.0,,
6a5fd6245409b7b2c137b543,,,mouse_move,,,,,,,656.0,499.0,1784665632307.0,,
6a5fd6245409b7b2c137b544,,,mouse_move,,,,,,,643.0,458.0,1784665632317.0,,
6a5fd6245409b7b2c137b545,,,mouse_move,,,,,,,631.0,418.0,1784665632325.0,,
6a5fd6245409b7b2c137b546,,,mouse_move,,,,,,,627.0,386.0,1784665632332.0,,
6a5fd6245409b7b2c137b547,,,mouse_move,,,,,,,622.0,355.0,1784665632341.0,,
6a5fd6245409b7b2c137b548,,,mouse_move,,,,,,,622.0,336.0,1784665632349.0,,
6a5fd6245409b7b2c137b549,,,mouse_move,,,,,,,622.0,316.0,1784665632358.0,,
6a5fd6245409b7b2c137b54a,,,mouse_move,,,,,,,623.0,301.0,1784665632365.0,,
6a5fd6245409b7b2c137b54b,,,mouse_move,,,,,,,625.0,283.0,1784665632374.0,,
6a5fd6245409b7b2c137b54c,,,mouse_move,,,,,,,628.0,272.0,1784665632382.0,,
6a5fd6245409b7b2c137b54d,,,mouse_move,,,,,,,630.0,265.0,1784665632392.0,,
6a5fd6245409b7b2c137b54e,,,mouse_move,,,,,,,632.0,258.0,1784665632398.0,,
6a5fd6245409b7b2c137b54f,,,mouse_move,,,,,,,632.0,253.0,1784665632408.0,,
6a5fd6245409b7b2c137b550,,,mouse_move,,,,,,,632.0,250.0,1784665632416.0,,
6a5fd6245409b7b2c137b551,,,mouse_move,,,,,,,632.0,247.0,1784665632423.0,,
6a5fd6245409b7b2c137b552,,,mouse_move,,,,,,,632.0,246.0,1784665632432.0,,
6a5fd6245409b7b2c137b553,,,mouse_move,,,,,,,632.0,247.0,1784665632541.0,,
6a5fd6245409b7b2c137b554,,,mouse_move,,,,,,,635.0,252.0,1784665632548.0,,
6a5fd6245409b7b2c137b555,,,mouse_move,,,,,,,641.0,267.0,1784665632558.0,,
6a5fd6245409b7b2c137b556,,,mouse_move,,,,,,,654.0,295.0,1784665632566.0,,
6a5fd6245409b7b2c137b557,,,mouse_move,,,,,,,673.0,337.0,1784665632574.0,,
6a5fd6245409b7b2c137b558,,,mouse_move,,,,,,,695.0,382.0,1784665632582.0,,
6a5fd6245409b7b2c137b559,,,mouse_move,,,,,,,717.0,429.0,1784665632591.0,,
6a5fd6245409b7b2c137b55a,,,mouse_move,,,,,,,736.0,476.0,1784665632599.0,,
6a5fd6245409b7b2c137b55b,,,mouse_move,,,,,,,758.0,526.0,1784665632608.0,,
6a5fd6245409b7b2c137b55c,,,mouse_move,,,,,,,778.0,576.0,1784665632616.0,,
6a5fd6245409b7b2c137b55d,,,mouse_move,,,,,,,802.0,626.0,1784665632623.0,,
6a5fd6245409b7b2c137b55e,,,mouse_move,,,,,,,830.0,676.0,1784665632632.0,,
6a5fd6245409b7b2c137b55f,,,mouse_move,,,,,,,859.0,727.0,1784665632640.0,,
6a5fd6245409b7b2c137b560,,,mouse_move,,,,,,,882.0,767.0,1784665632648.0,,
6a5fd6245409b7b2c137b561,,,mouse_move,,,,,,,1196.0,767.0,1784665632854.0,,
6a5fd6245409b7b2c137b562,,,mouse_move,,,,,,,1174.0,714.0,1784665632862.0,,
6a5fd6245409b7b2c137b563,,,mouse_move,,,,,,,1150.0,666.0,1784665632868.0,,
6a5fd6245409b7b2c137b564,,,mouse_move,,,,,,,1126.0,631.0,1784665632878.0,,
6a5fd6245409b7b2c137b565,,,mouse_move,,,,,,,1101.0,603.0,1784665632887.0,,
6a5fd6245409b7b2c137b566,,,mouse_move,,,,,,,1082.0,580.0,1784665632896.0,,
6a5fd6245409b7b2c137b567,,,mouse_move,,,,,,,1056.0,547.0,1784665632907.0,,
6a5fd6245409b7b2c137b568,,,mouse_move,,,,,,,1037.0,517.0,1784665632915.0,,
6a5fd6245409b7b2c137b569,,,mouse_move,,,,,,,997.0,433.0,1784665632925.0,,
6a5fd6245409b7b2c137b56a,,,mouse_move,,,,,,,978.0,393.0,1784665632932.0,,
6a5fd6245409b7b2c137b56b,,,mouse_move,,,,,,,953.0,335.0,1784665632940.0,,
6a5fd6245409b7b2c137b56c,,,mouse_move,,,,,,,921.0,272.0,1784665632948.0,,
6a5fd6245409b7b2c137b56d,,,mouse_move,,,,,,,890.0,213.0,1784665632957.0,,
6a5fd6245409b7b2c137b56e,,,mouse_move,,,,,,,856.0,154.0,1784665632965.0,,
6a5fd6245409b7b2c137b56f,,,mouse_move,,,,,,,825.0,98.0,1784665632974.0,,
6a5fd6245409b7b2c137b570,,,mouse_move,,,,,,,808.0,69.0,1784665632981.0,,
6a5fd6245409b7b2c137b571,,,mouse_move,,,,,,,787.0,39.0,1784665632990.0,,
6a5fd6245409b7b2c137b572,,,mouse_move,,,,,,,773.0,17.0,1784665632998.0,,
6a5fd6245409b7b2c137b573,,,mouse_move,,,,,,,765.0,7.0,1784665633006.0,,
6a5fd6245409b7b2c137b574,,,mouse_move,,,,,,,869.0,0.0,1784665635527.0,,
6a5fd6245409b7b2c137b575,,,mouse_move,,,,,,,824.0,6.0,1784665635533.0,,
6a5fd6245409b7b2c137b576,,,mouse_move,,,,,,,804.0,8.0,1784665635539.0,,
6a5fd6245409b7b2c137b577,,,mouse_move,,,,,,,759.0,12.0,1784665635548.0,,
6a5fd6245409b7b2c137b578,,,mouse_move,,,,,,,729.0,14.0,1784665635555.0,,
6a5fd6245409b7b2c137b579,,,mouse_move,,,,,,,698.0,15.0,1784665635564.0,,
6a5fd6245409b7b2c137b57a,,,mouse_move,,,,,,,657.0,19.0,1784665635571.0,,
6a5fd6245409b7b2c137b57b,,,mouse_move,,,,,,,628.0,22.0,1784665635580.0,,
6a5fd6245409b7b2c137b57c,,,mouse_move,,,,,,,590.0,26.0,1784665635587.0,,
6a5fd6245409b7b2c137b57d,,,mouse_move,,,,,,,564.0,27.0,1784665635597.0,,
6a5fd6245409b7b2c137b57e,,,mouse_move,,,,,,,539.0,30.0,1784665635603.0,,
6a5fd6245409b7b2c137b57f,,,mouse_move,,,,,,,497.0,35.0,1784665635612.0,,
6a5fd6245409b7b2c137b580,,,mouse_move,,,,,,,476.0,38.0,1784665635620.0,,
6a5fd6245409b7b2c137b581,,,mouse_move,,,,,,,434.0,46.0,1784665635628.0,,
6a5fd6245409b7b2c137b582,,,mouse_move,,,,,,,408.0,49.0,1784665635637.0,,
6a5fd6245409b7b2c137b583,,,mouse_move,,,,,,,380.0,52.0,1784665635645.0,,
6a5fd6245409b7b2c137b584,,,mouse_move,,,,,,,366.0,53.0,1784665635653.0,,
6a5fd6245409b7b2c137b585,,,mouse_move,,,,,,,354.0,54.0,1784665635662.0,,
6a5fd6245409b7b2c137b586,,,mouse_move,,,,,,,342.0,54.0,1784665635669.0,,
6a5fd6245409b7b2c137b587,,,mouse_move,,,,,,,337.0,54.0,1784665635678.0,,
6a5fd6245409b7b2c137b588,,,mouse_move,,,,,,,329.0,54.0,1784665635685.0,,
6a5fd6245409b7b2c137b589,,,mouse_move,,,,,,,322.0,52.0,1784665635695.0,,
6a5fd6245409b7b2c137b58a,,,mouse_move,,,,,,,317.0,50.0,1784665635704.0,,
6a5fd6245409b7b2c137b58b,,,mouse_move,,,,,,,314.0,48.0,1784665635712.0,,
6a5fd6245409b7b2c137b58c,,,mouse_move,,,,,,,312.0,46.0,1784665635721.0,,
6a5fd6245409b7b2c137b58d,,,mouse_move,,,,,,,310.0,43.0,1784665635728.0,,
6a5fd6245409b7b2c137b58e,,,mouse_move,,,,,,,308.0,41.0,1784665635736.0,,
6a5fd6245409b7b2c137b58f,,,mouse_move,,,,,,,307.0,38.0,1784665635745.0,,
6a5fd6245409b7b2c137b590,,,mouse_move,,,,,,,305.0,36.0,1784665635752.0,,
6a5fd6245409b7b2c137b591,,,mouse_move,,,,,,,291.0,26.0,1784665635762.0,,
6a5fd6245409b7b2c137b592,,,mouse_move,,,,,,,283.0,22.0,1784665635769.0,,
6a5fd6245409b7b2c137b593,,,mouse_move,,,,,,,273.0,15.0,1784665635777.0,,
6a5fd6245409b7b2c137b594,,,mouse_move,,,,,,,264.0,11.0,1784665635786.0,,
6a5fd6245409b7b2c137b595,,,mouse_move,,,,,,,256.0,6.0,1784665635794.0,,
6a5fd6245409b7b2c137b596,,,mouse_move,,,,,,,248.0,0.0,1784665635803.0,,
6a5fd62e5409b7b2c137b597,,,mouse_move,,,,,,,532.0,7.0,1784665643466.0,,
6a5fd62e5409b7b2c137b598,,,mouse_move,,,,,,,508.0,20.0,1784665643477.0,,
6a5fd62e5409b7b2c137b599,,,mouse_move,,,,,,,485.0,31.0,1784665643481.0,,
6a5fd62e5409b7b2c137b59a,,,mouse_move,,,,,,,467.0,41.0,1784665643492.0,,
6a5fd62e5409b7b2c137b59b,,,mouse_move,,,,,,,451.0,50.0,1784665643497.0,,
6a5fd62e5409b7b2c137b59c,,,mouse_move,,,,,,,437.0,58.0,1784665643505.0,,
6a5fd62e5409b7b2c137b59d,,,mouse_move,,,,,,,426.0,65.0,1784665643513.0,,
6a5fd62e5409b7b2c137b59e,,,mouse_move,,,,,,,416.0,71.0,1784665643522.0,,
6a5fd62e5409b7b2c137b59f,,,mouse_move,,,,,,,407.0,75.0,1784665643531.0,,
6a5fd62e5409b7b2c137b5a0,,,mouse_move,,,,,,,396.0,79.0,1784665643539.0,,
6a5fd62e5409b7b2c137b5a1,,,mouse_move,,,,,,,386.0,83.0,1784665643548.0,,
6a5fd62e5409b7b2c137b5a2,,,mouse_move,,,,,,,375.0,84.0,1784665643556.0,,
6a5fd62e5409b7b2c137b5a3,,,mouse_move,,,,,,,368.0,84.0,1784665643564.0,,
6a5fd62e5409b7b2c137b5a4,,,mouse_move,,,,,,,360.0,69.0,1784665645945.0,,
6a5fd62e5409b7b2c137b5a5,,,mouse_move,,,,,,,350.0,51.0,1784665645953.0,,
6a5fd62e5409b7b2c137b5a6,,,mouse_move,,,,,,,340.0,32.0,1784665645960.0,,
6a5fd62e5409b7b2c137b5a7,,,mouse_move,,,,,,,331.0,16.0,1784665645967.0,,
6a5fd62e5409b7b2c137b5a8,,,mouse_move,,,,,,,320.0,0.0,1784665645975.0,,
6a5fd67e5409b7b2c137b5a9,,,mouse_move,,,,,,,1148.0,3.0,1784665722589.0,,
6a5fd67e5409b7b2c137b5aa,,,mouse_move,,,,,,,1144.0,53.0,1784665722596.0,,
6a5fd67e5409b7b2c137b5ab,,,mouse_move,,,,,,,1143.0,91.0,1784665722604.0,,
6a5fd67e5409b7b2c137b5ac,,,mouse_move,,,,,,,1143.0,145.0,1784665722612.0,,
6a5fd67e5409b7b2c137b5ad,,,mouse_move,,,,,,,1143.0,194.0,1784665722620.0,,
6a5fd67e5409b7b2c137b5ae,,,mouse_move,,,,,,,1152.0,253.0,1784665722630.0,,
6a5fd67e5409b7b2c137b5af,,,mouse_move,,,,,,,1164.0,304.0,1784665722638.0,,
6a5fd67e5409b7b2c137b5b0,,,mouse_move,,,,,,,1173.0,349.0,1784665722646.0,,
6a5fd67e5409b7b2c137b5b1,,,mouse_move,,,,,,,1178.0,391.0,1784665722654.0,,
6a5fd67e5409b7b2c137b5b2,,,mouse_move,,,,,,,1180.0,427.0,1784665722662.0,,
6a5fd67e5409b7b2c137b5b3,,,mouse_move,,,,,,,1180.0,451.0,1784665722671.0,,
6a5fd67e5409b7b2c137b5b4,,,mouse_move,,,,,,,1180.0,466.0,1784665722680.0,,
6a5fd67e5409b7b2c137b5b5,,,mouse_move,,,,,,,1180.0,482.0,1784665722688.0,,
6a5fd67e5409b7b2c137b5b6,,,mouse_move,,,,,,,1180.0,493.0,1784665722695.0,,
6a5fd67e5409b7b2c137b5b7,,,mouse_move,,,,,,,1178.0,500.0,1784665722704.0,,
6a5fd67e5409b7b2c137b5b8,,,mouse_move,,,,,,,1177.0,505.0,1784665722712.0,,
6a5fd67e5409b7b2c137b5b9,,,mouse_move,,,,,,,1176.0,508.0,1784665722721.0,,
6a5fd67e5409b7b2c137b5ba,,,mouse_move,,,,,,,1176.0,510.0,1784665722730.0,,
6a5fd67e5409b7b2c137b5bb,,,mouse_move,,,,,,,1176.0,509.0,1784665722747.0,,
6a5fd67e5409b7b2c137b5bc,,,mouse_move,,,,,,,1175.0,506.0,1784665722755.0,,
6a5fd67e5409b7b2c137b5bd,,,mouse_move,,,,,,,1173.0,502.0,1784665722763.0,,
6a5fd67e5409b7b2c137b5be,,,mouse_move,,,,,,,1171.0,500.0,1784665722771.0,,
6a5fd67e5409b7b2c137b5bf,,,mouse_move,,,,,,,1159.0,493.0,1784665722779.0,,
6a5fd67e5409b7b2c137b5c0,,,mouse_move,,,,,,,1147.0,489.0,1784665722787.0,,
6a5fd67e5409b7b2c137b5c1,,,mouse_move,,,,,,,1134.0,485.0,1784665722796.0,,
6a5fd67e5409b7b2c137b5c2,,,mouse_move,,,,,,,1111.0,481.0,1784665722803.0,,
6a5fd67e5409b7b2c137b5c3,,,mouse_move,,,,,,,1090.0,478.0,1784665722812.0,,
6a5fd67e5409b7b2c137b5c4,,,mouse_move,,,,,,,1064.0,474.0,1784665722821.0,,
6a5fd67e5409b7b2c137b5c5,,,mouse_move,,,,,,,1047.0,472.0,1784665722829.0,,
6a5fd67e5409b7b2c137b5c6,,,mouse_move,,,,,,,1029.0,470.0,1784665722837.0,,
6a5fd67e5409b7b2c137b5c7,,,mouse_move,,,,,,,1006.0,469.0,1784665722846.0,,
6a5fd67e5409b7b2c137b5c8,,,mouse_move,,,,,,,992.0,469.0,1784665722853.0,,
6a5fd67e5409b7b2c137b5c9,,,mouse_move,,,,,,,978.0,469.0,1784665722862.0,,
6a5fd67e5409b7b2c137b5ca,,,mouse_move,,,,,,,972.0,468.0,1784665722871.0,,
6a5fd67e5409b7b2c137b5cb,,,mouse_move,,,,,,,967.0,467.0,1784665722879.0,,
6a5fd67e5409b7b2c137b5cc,,,mouse_move,,,,,,,965.0,465.0,1784665722887.0,,
6a5fd67e5409b7b2c137b5cd,,,mouse_move,,,,,,,963.0,463.0,1784665722895.0,,
6a5fd67e5409b7b2c137b5ce,,,mouse_move,,,,,,,962.0,460.0,1784665722904.0,,
6a5fd67e5409b7b2c137b5cf,,,mouse_move,,,,,,,961.0,457.0,1784665722912.0,,
6a5fd67e5409b7b2c137b5d0,,,mouse_move,,,,,,,959.0,451.0,1784665722920.0,,
6a5fd67e5409b7b2c137b5d1,,,mouse_move,,,,,,,958.0,445.0,1784665722930.0,,
6a5fd67e5409b7b2c137b5d2,,,mouse_move,,,,,,,957.0,436.0,1784665722937.0,,
6a5fd67e5409b7b2c137b5d3,,,mouse_move,,,,,,,955.0,426.0,1784665722946.0,,
6a5fd67e5409b7b2c137b5d4,,,mouse_move,,,,,,,954.0,421.0,1784665722954.0,,
6a5fd67e5409b7b2c137b5d5,,,mouse_move,,,,,,,954.0,415.0,1784665722962.0,,
6a5fd67e5409b7b2c137b5d6,,,mouse_move,,,,,,,954.0,412.0,1784665722971.0,,
6a5fd67e5409b7b2c137b5d7,,,mouse_move,,,,,,,954.0,409.0,1784665722980.0,,
6a5fd67e5409b7b2c137b5d8,,,mouse_move,,,,,,,954.0,408.0,1784665722989.0,,
6a5fd67e5409b7b2c137b5d9,,,mouse_move,,,,,,,953.0,408.0,1784665722996.0,,
6a5fd67e5409b7b2c137b5da,,,mouse_move,,,,,,,952.0,407.0,1784665723012.0,,
6a5fd67e5409b7b2c137b5db,,,mouse_move,,,,,,,951.0,407.0,1784665723021.0,,
6a5fd67e5409b7b2c137b5dc,,,mouse_move,,,,,,,950.0,406.0,1784665723029.0,,
6a5fd67e5409b7b2c137b5dd,,,mouse_move,,,,,,,948.0,405.0,1784665723038.0,,
6a5fd67e5409b7b2c137b5de,,,mouse_move,,,,,,,947.0,405.0,1784665723046.0,,
6a5fd67e5409b7b2c137b5df,,,mouse_move,,,,,,,945.0,405.0,1784665723059.0,,
6a5fd67e5409b7b2c137b5e0,,,mouse_move,,,,,,,944.0,405.0,1784665723079.0,,
6a5fd67e5409b7b2c137b5e1,,,mouse_move,,,,,,,943.0,405.0,1784665723087.0,,
6a5fd67e5409b7b2c137b5e2,,,mouse_move,,,,,,,942.0,406.0,1784665723095.0,,
6a5fd67e5409b7b2c137b5e3,,,mouse_move,,,,,,,940.0,407.0,1784665723104.0,,
6a5fd67e5409b7b2c137b5e4,,,mouse_move,,,,,,,939.0,407.0,1784665723116.0,,
6a5fd67e5409b7b2c137b5e5,,,mouse_move,,,,,,,938.0,408.0,1784665723124.0,,
6a5fd67e5409b7b2c137b5e6,,,mouse_move,,,,,,,937.0,408.0,1784665723146.0,,
6a5fd67e5409b7b2c137b5e7,,,mouse_move,,,,,,,937.0,409.0,1784665723155.0,,
6a5fd67e5409b7b2c137b5e8,,,mouse_move,,,,,,,938.0,409.0,1784665723189.0,,
6a5fd67e5409b7b2c137b5e9,,,mouse_move,,,,,,,941.0,409.0,1784665723196.0,,
6a5fd67e5409b7b2c137b5ea,,,mouse_move,,,,,,,944.0,408.0,1784665723205.0,,
6a5fd67e5409b7b2c137b5eb,,,mouse_move,,,,,,,949.0,406.0,1784665723213.0,,
6a5fd67e5409b7b2c137b5ec,,,mouse_move,,,,,,,953.0,404.0,1784665723221.0,,
6a5fd67e5409b7b2c137b5ed,,,mouse_move,,,,,,,960.0,402.0,1784665723228.0,,
6a5fd67e5409b7b2c137b5ee,,,mouse_move,,,,,,,966.0,401.0,1784665723237.0,,
6a5fd67e5409b7b2c137b5ef,,,mouse_move,,,,,,,974.0,399.0,1784665723245.0,,
6a5fd67e5409b7b2c137b5f0,,,mouse_move,,,,,,,980.0,397.0,1784665723254.0,,
6a5fd67e5409b7b2c137b5f1,,,mouse_move,,,,,,,990.0,395.0,1784665723262.0,,
6a5fd67e5409b7b2c137b5f2,,,mouse_move,,,,,,,998.0,394.0,1784665723270.0,,
6a5fd67e5409b7b2c137b5f3,,,mouse_move,,,,,,,1007.0,393.0,1784665723279.0,,
6a5fd67e5409b7b2c137b5f4,,,mouse_move,,,,,,,1023.0,390.0,1784665723287.0,,
6a5fd67e5409b7b2c137b5f5,,,mouse_move,,,,,,,1039.0,386.0,1784665723295.0,,
6a5fd67e5409b7b2c137b5f6,,,mouse_move,,,,,,,1054.0,384.0,1784665723304.0,,
6a5fd67e5409b7b2c137b5f7,,,mouse_move,,,,,,,1069.0,381.0,1784665723313.0,,
6a5fd67e5409b7b2c137b5f8,,,mouse_move,,,,,,,1083.0,379.0,1784665723321.0,,
6a5fd67e5409b7b2c137b5f9,,,mouse_move,,,,,,,1094.0,376.0,1784665723328.0,,
6a5fd67e5409b7b2c137b5fa,,,mouse_move,,,,,,,1106.0,373.0,1784665723337.0,,
6a5fd67e5409b7b2c137b5fb,,,mouse_move,,,,,,,1112.0,372.0,1784665723345.0,,
6a5fd67e5409b7b2c137b5fc,,,mouse_move,,,,,,,1116.0,369.0,1784665723354.0,,
6a5fd67e5409b7b2c137b5fd,,,mouse_move,,,,,,,1118.0,368.0,1784665723362.0,,
6a5fd67e5409b7b2c137b5fe,,,mouse_move,,,,,,,1118.0,367.0,1784665723388.0,,
6a5fd67e5409b7b2c137b5ff,,,mouse_click,,,,,,,1118.0,367.0,1784665723719.0,0.0,
6a5fd67e5409b7b2c137b600,,,mouse_move,,,,,,,1118.0,366.0,1784665723795.0,,
6a5fd67e5409b7b2c137b601,,,mouse_move,,,,,,,1113.0,366.0,1784665723835.0,,
6a5fd67e5409b7b2c137b602,,,mouse_move,,,,,,,1100.0,367.0,1784665723843.0,,
6a5fd67e5409b7b2c137b603,,,mouse_move,,,,,,,1094.0,368.0,1784665723852.0,,
6a5fd67e5409b7b2c137b604,,,mouse_move,,,,,,,1090.0,368.0,1784665723859.0,,
6a5fd67e5409b7b2c137b605,,,mouse_move,,,,,,,1086.0,369.0,1784665723868.0,,
6a5fd67e5409b7b2c137b606,,,mouse_move,,,,,,,1084.0,369.0,1784665723877.0,,
6a5fd67e5409b7b2c137b607,,,mouse_move,,,,,,,1083.0,369.0,1784665723885.0,,
6a5fd67e5409b7b2c137b608,,,mouse_move,,,,,,,1081.0,369.0,1784665723893.0,,
6a5fd67e5409b7b2c137b609,,,mouse_move,,,,,,,1079.0,369.0,1784665723906.0,,
6a5fd67e5409b7b2c137b60a,,,mouse_move,,,,,,,1078.0,369.0,1784665723914.0,,
6a5fd67e5409b7b2c137b60b,,,mouse_move,,,,,,,1076.0,369.0,1784665723922.0,,
6a5fd67e5409b7b2c137b60c,,,mouse_move,,,,,,,1075.0,369.0,1784665723930.0,,
6a5fd67e5409b7b2c137b60d,,,mouse_move,,,,,,,1072.0,369.0,1784665723938.0,,
6a5fd67e5409b7b2c137b60e,,,mouse_move,,,,,,,1066.0,369.0,1784665723947.0,,
6a5fd67e5409b7b2c137b60f,,,mouse_move,,,,,,,1059.0,371.0,1784665723955.0,,
6a5fd67e5409b7b2c137b610,,,mouse_move,,,,,,,1049.0,374.0,1784665723963.0,,
6a5fd67e5409b7b2c137b611,,,mouse_move,,,,,,,1040.0,376.0,1784665723971.0,,
6a5fd67e5409b7b2c137b612,,,mouse_move,,,,,,,1031.0,378.0,1784665723979.0,,
6a5fd67e5409b7b2c137b613,,,mouse_move,,,,,,,1020.0,382.0,1784665723987.0,,
6a5fd67e5409b7b2c137b614,,,mouse_move,,,,,,,1011.0,385.0,1784665723995.0,,
6a5fd67e5409b7b2c137b615,,,mouse_move,,,,,,,1004.0,387.0,1784665724003.0,,
6a5fd67e5409b7b2c137b616,,,mouse_move,,,,,,,995.0,391.0,1784665724012.0,,
6a5fd67e5409b7b2c137b617,,,mouse_move,,,,,,,990.0,393.0,1784665724020.0,,
6a5fd67e5409b7b2c137b618,,,mouse_move,,,,,,,984.0,396.0,1784665724028.0,,
6a5fd67e5409b7b2c137b619,,,mouse_move,,,,,,,978.0,400.0,1784665724036.0,,
6a5fd67e5409b7b2c137b61a,,,mouse_move,,,,,,,973.0,402.0,1784665724044.0,,
6a5fd67e5409b7b2c137b61b,,,mouse_move,,,,,,,968.0,405.0,1784665724051.0,,
6a5fd67e5409b7b2c137b61c,,,mouse_move,,,,,,,965.0,406.0,1784665724060.0,,
6a5fd67e5409b7b2c137b61d,,,mouse_move,,,,,,,962.0,409.0,1784665724068.0,,
6a5fd67e5409b7b2c137b61e,,,mouse_move,,,,,,,958.0,410.0,1784665724076.0,,
6a5fd67e5409b7b2c137b61f,,,mouse_move,,,,,,,956.0,412.0,1784665724086.0,,
6a5fd67e5409b7b2c137b620,,,mouse_move,,,,,,,953.0,414.0,1784665724093.0,,
6a5fd67e5409b7b2c137b621,,,mouse_move,,,,,,,951.0,414.0,1784665724101.0,,
6a5fd67e5409b7b2c137b622,,,mouse_move,,,,,,,949.0,415.0,1784665724110.0,,
6a5fd67e5409b7b2c137b623,,,mouse_move,,,,,,,947.0,416.0,1784665724118.0,,
6a5fd67e5409b7b2c137b624,,,mouse_move,,,,,,,946.0,416.0,1784665724126.0,,
6a5fd67e5409b7b2c137b625,,,mouse_move,,,,,,,944.0,418.0,1784665724135.0,,
6a5fd67e5409b7b2c137b626,,,mouse_move,,,,,,,941.0,418.0,1784665724143.0,,
6a5fd67e5409b7b2c137b627,,,mouse_move,,,,,,,940.0,419.0,1784665724152.0,,
6a5fd67e5409b7b2c137b628,,,mouse_move,,,,,,,939.0,419.0,1784665724161.0,,
6a5fd67e5409b7b2c137b629,,,mouse_move,,,,,,,937.0,419.0,1784665724231.0,,
6a5fd67e5409b7b2c137b62a,,,mouse_move,,,,,,,935.0,419.0,1784665724238.0,,
6a5fd67e5409b7b2c137b62b,,,mouse_move,,,,,,,932.0,421.0,1784665724245.0,,
6a5fd67e5409b7b2c137b62c,,,mouse_move,,,,,,,929.0,422.0,1784665724254.0,,
6a5fd67e5409b7b2c137b62d,,,mouse_move,,,,,,,927.0,422.0,1784665724260.0,,
6a5fd67e5409b7b2c137b62e,,,mouse_move,,,,,,,926.0,423.0,1784665724269.0,,
6a5fd67e5409b7b2c137b62f,,,mouse_move,,,,,,,925.0,424.0,1784665724276.0,,
6a5fd67e5409b7b2c137b630,,,mouse_move,,,,,,,923.0,425.0,1784665724284.0,,
6a5fd67e5409b7b2c137b631,,,mouse_move,,,,,,,921.0,426.0,1784665724299.0,,
6a5fd67e5409b7b2c137b632,,,mouse_move,,,,,,,920.0,427.0,1784665724308.0,,
6a5fd67e5409b7b2c137b633,,,mouse_move,,,,,,,919.0,427.0,1784665724315.0,,
6a5fd67e5409b7b2c137b634,,,mouse_move,,,,,,,917.0,429.0,1784665724322.0,,
6a5fd67e5409b7b2c137b635,,,mouse_move,,,,,,,915.0,430.0,1784665724343.0,,
6a5fd67e5409b7b2c137b636,,,mouse_move,,,,,,,915.0,431.0,1784665724351.0,,
6a5fd67e5409b7b2c137b637,,,mouse_move,,,,,,,914.0,431.0,1784665724386.0,,
6a5fd67e5409b7b2c137b638,,,mouse_click,,,,,,,914.0,431.0,1784665724522.0,0.0,
6a5fd6885409b7b2c137b63b,,,mouse_move,,,,,,,1099.0,621.0,1784665732741.0,,
6a5fd6885409b7b2c137b63c,,,mouse_move,,,,,,,1099.0,620.0,1784665732771.0,,
6a5fd6885409b7b2c137b63d,,,mouse_move,,,,,,,1098.0,620.0,1784665732946.0,,
6a5fd6885409b7b2c137b63e,,,mouse_move,,,,,,,1091.0,621.0,1784665732953.0,,
6a5fd6885409b7b2c137b63f,,,mouse_move,,,,,,,1087.0,615.0,1784665733006.0,,
6a5fd6885409b7b2c137b640,,,mouse_move,,,,,,,1087.0,614.0,1784665733190.0,,
6a5fd6885409b7b2c137b641,,,mouse_move,,,,,,,1087.0,612.0,1784665733198.0,,
6a5fd6885409b7b2c137b642,,,mouse_move,,,,,,,1088.0,612.0,1784665733206.0,,
6a5fd6885409b7b2c137b643,,,mouse_move,,,,,,,1088.0,610.0,1784665733211.0,,
6a5fd6885409b7b2c137b644,,,mouse_move,,,,,,,1090.0,609.0,1784665733219.0,,
6a5fd6885409b7b2c137b645,,,mouse_move,,,,,,,1091.0,609.0,1784665733227.0,,
6a5fd6885409b7b2c137b646,,,mouse_move,,,,,,,1091.0,608.0,1784665733236.0,,
6a5fd6885409b7b2c137b647,,,mouse_move,,,,,,,1091.0,614.0,1784665733309.0,,
6a5fd6885409b7b2c137b648,,,mouse_move,,,,,,,1094.0,625.0,1784665733317.0,,
6a5fd6885409b7b2c137b649,,,mouse_move,,,,,,,1097.0,644.0,1784665733328.0,,
6a5fd6885409b7b2c137b64a,,,mouse_move,,,,,,,1102.0,675.0,1784665733335.0,,
6a5fd6885409b7b2c137b64b,,,mouse_move,,,,,,,1102.0,716.0,1784665733345.0,,
6a5fd6885409b7b2c137b64c,,,mouse_move,,,,,,,1102.0,762.0,1784665733353.0,,
6a5fd6925409b7b2c137b655,,,mouse_move,,,,,,,1017.0,761.0,1784665739735.0,,
6a5fd6925409b7b2c137b656,,,mouse_move,,,,,,,1023.0,722.0,1784665739744.0,,
6a5fd6925409b7b2c137b657,,,mouse_move,,,,,,,1029.0,668.0,1784665739751.0,,
6a5fd6925409b7b2c137b658,,,mouse_move,,,,,,,1033.0,649.0,1784665739759.0,,
6a5fd6925409b7b2c137b659,,,mouse_move,,,,,,,1035.0,640.0,1784665739770.0,,
6a5fd6925409b7b2c137b65a,,,mouse_move,,,,,,,1035.0,634.0,1784665739775.0,,
6a5fd6925409b7b2c137b65b,,,mouse_move,,,,,,,1035.0,632.0,1784665739784.0,,
6a5fd6925409b7b2c137b65c,,,mouse_move,,,,,,,1033.0,632.0,1784665739917.0,,
6a5fd6925409b7b2c137b65d,,,mouse_move,,,,,,,1027.0,632.0,1784665739925.0,,
6a5fd6925409b7b2c137b65e,,,mouse_move,,,,,,,1017.0,631.0,1784665739934.0,,
6a5fd6925409b7b2c137b65f,,,mouse_move,,,,,,,1005.0,628.0,1784665739943.0,,
6a5fd6925409b7b2c137b660,,,mouse_move,,,,,,,981.0,618.0,1784665739951.0,,
6a5fd6925409b7b2c137b661,,,mouse_move,,,,,,,952.0,603.0,1784665739959.0,,
6a5fd6925409b7b2c137b662,,,mouse_move,,,,,,,914.0,578.0,1784665739968.0,,
6a5fd6925409b7b2c137b663,,,mouse_move,,,,,,,868.0,542.0,1784665739976.0,,
6a5fd6925409b7b2c137b664,,,mouse_move,,,,,,,834.0,514.0,1784665739985.0,,
6a5fd6925409b7b2c137b665,,,mouse_move,,,,,,,803.0,489.0,1784665739992.0,,
6a5fd6925409b7b2c137b666,,,mouse_move,,,,,,,778.0,467.0,1784665740002.0,,
6a5fd6925409b7b2c137b667,,,mouse_move,,,,,,,768.0,457.0,1784665740008.0,,
6a5fd6925409b7b2c137b668,,,mouse_move,,,,,,,762.0,448.0,1784665740018.0,,
6a5fd6925409b7b2c137b669,,,mouse_move,,,,,,,758.0,441.0,1784665740025.0,,
6a5fd6925409b7b2c137b66a,,,mouse_move,,,,,,,754.0,432.0,1784665740035.0,,
6a5fd6925409b7b2c137b66b,,,mouse_move,,,,,,,752.0,429.0,1784665740042.0,,
6a5fd6925409b7b2c137b66c,,,mouse_move,,,,,,,749.0,422.0,1784665740052.0,,
6a5fd6925409b7b2c137b66d,,,mouse_move,,,,,,,747.0,418.0,1784665740059.0,,
6a5fd6925409b7b2c137b66e,,,mouse_move,,,,,,,744.0,415.0,1784665740069.0,,
6a5fd6925409b7b2c137b66f,,,mouse_move,,,,,,,740.0,410.0,1784665740076.0,,
6a5fd6925409b7b2c137b670,,,mouse_move,,,,,,,738.0,406.0,1784665740084.0,,
6a5fd6925409b7b2c137b671,,,mouse_move,,,,,,,737.0,405.0,1784665740092.0,,
6a5fd6925409b7b2c137b672,,,mouse_move,,,,,,,737.0,404.0,1784665740101.0,,
6a5fd6925409b7b2c137b673,,,mouse_move,,,,,,,740.0,415.0,1784665740333.0,,
6a5fd6925409b7b2c137b674,,,mouse_click,,,,,,,740.0,415.0,1784665740338.0,0.0,
6a5fd6925409b7b2c137b675,,,mouse_move,,,,,,,746.0,428.0,1784665740341.0,,
6a5fd6925409b7b2c137b676,,,mouse_move,,,,,,,746.0,431.0,1784665740345.0,,
6a5fd6925409b7b2c137b677,,,mouse_move,,,,,,,746.0,433.0,1784665740363.0,,
6a5fd6925409b7b2c137b678,,,mouse_move,,,,,,,746.0,434.0,1784665740447.0,,
6a5fd6925409b7b2c137b679,,,mouse_move,,,,,,,746.0,435.0,1784665740470.0,,
6a5fd6925409b7b2c137b67a,,,mouse_click,,,,,,,746.0,435.0,1784665740572.0,0.0,
6a5fd6925409b7b2c137b67b,,,mouse_move,,,,,,,746.0,436.0,1784665740624.0,,
6a5fd6925409b7b2c137b67c,,,mouse_move,,,,,,,746.0,437.0,1784665740654.0,,
6a5fd6925409b7b2c137b67d,,,mouse_move,,,,,,,746.0,438.0,1784665740798.0,,
6a5fd6925409b7b2c137b67e,,,mouse_move,,,,,,,746.0,439.0,1784665740819.0,,
6a5fd6925409b7b2c137b67f,,,mouse_move,,,,,,,746.0,440.0,1784665740835.0,,
6a5fd6925409b7b2c137b680,,,mouse_move,,,,,,,746.0,441.0,1784665740852.0,,
6a5fd6925409b7b2c137b681,,,mouse_move,,,,,,,746.0,442.0,1784665740868.0,,
6a5fd6925409b7b2c137b682,,,mouse_move,,,,,,,746.0,443.0,1784665740883.0,,
6a5fd6925409b7b2c137b683,,,mouse_move,,,,,,,747.0,446.0,1784665740902.0,,
6a5fd6925409b7b2c137b684,,,mouse_move,,,,,,,748.0,447.0,1784665740911.0,,
6a5fd6925409b7b2c137b685,,,mouse_move,,,,,,,748.0,445.0,1784665742249.0,,
6a5fd6925409b7b2c137b686,,,mouse_move,,,,,,,749.0,442.0,1784665742256.0,,
6a5fd6925409b7b2c137b687,,,mouse_move,,,,,,,749.0,439.0,1784665742260.0,,
6a5fd6925409b7b2c137b688,,,mouse_move,,,,,,,751.0,436.0,1784665742269.0,,
6a5fd6925409b7b2c137b689,,,mouse_move,,,,,,,751.0,433.0,1784665742277.0,,
6a5fd6925409b7b2c137b68a,,,mouse_move,,,,,,,754.0,428.0,1784665742286.0,,
6a5fd6925409b7b2c137b68b,,,mouse_move,,,,,,,755.0,426.0,1784665742293.0,,
6a5fd6925409b7b2c137b68c,,,mouse_move,,,,,,,757.0,424.0,1784665742302.0,,
6a5fd6925409b7b2c137b68d,,,mouse_move,,,,,,,757.0,421.0,1784665742310.0,,
6a5fd6925409b7b2c137b68e,,,mouse_move,,,,,,,758.0,420.0,1784665742319.0,,
6a5fd6925409b7b2c137b68f,,,mouse_move,,,,,,,759.0,419.0,1784665742326.0,,
6a5fd6925409b7b2c137b690,,,mouse_move,,,,,,,759.0,418.0,1784665742335.0,,
6a5fd6925409b7b2c137b691,,,mouse_move,,,,,,,760.0,418.0,1784665742373.0,,
6a5fd6925409b7b2c137b692,,,mouse_move,,,,,,,760.0,419.0,1784665742380.0,,
6a5fd6925409b7b2c137b693,,,mouse_move,,,,,,,761.0,420.0,1784665742388.0,,
6a5fd6925409b7b2c137b694,,,mouse_move,,,,,,,761.0,421.0,1784665742411.0,,
6a5fd6925409b7b2c137b695,,,mouse_move,,,,,,,762.0,421.0,1784665742436.0,,
6a5fd6925409b7b2c137b696,,,mouse_move,,,,,,,763.0,421.0,1784665742445.0,,
6a5fd6925409b7b2c137b697,,,mouse_move,,,,,,,764.0,422.0,1784665742453.0,,
6a5fd6925409b7b2c137b698,,,mouse_move,,,,,,,765.0,423.0,1784665742461.0,,
6a5fd6925409b7b2c137b699,,,mouse_move,,,,,,,768.0,425.0,1784665742469.0,,
6a5fd6925409b7b2c137b69a,,,mouse_move,,,,,,,769.0,427.0,1784665742477.0,,
6a5fd6925409b7b2c137b69b,,,mouse_move,,,,,,,771.0,431.0,1784665742486.0,,
6a5fd6925409b7b2c137b69c,,,mouse_move,,,,,,,772.0,434.0,1784665742493.0,,
6a5fd6925409b7b2c137b69d,,,mouse_move,,,,,,,773.0,439.0,1784665742502.0,,
6a5fd6925409b7b2c137b69e,,,mouse_move,,,,,,,773.0,443.0,1784665742510.0,,
6a5fd6925409b7b2c137b69f,,,mouse_move,,,,,,,775.0,448.0,1784665742519.0,,
6a5fd6925409b7b2c137b6a0,,,mouse_move,,,,,,,777.0,455.0,1784665742526.0,,
6a5fd6925409b7b2c137b6a1,,,mouse_move,,,,,,,779.0,462.0,1784665742535.0,,
6a5fd6925409b7b2c137b6a2,,,mouse_move,,,,,,,780.0,469.0,1784665742544.0,,
6a5fd6925409b7b2c137b6a3,,,mouse_move,,,,,,,782.0,477.0,1784665742553.0,,
6a5fd6925409b7b2c137b6a4,,,mouse_move,,,,,,,783.0,485.0,1784665742560.0,,
6a5fd6925409b7b2c137b6a5,,,mouse_move,,,,,,,783.0,488.0,1784665742570.0,,
6a5fd6925409b7b2c137b6a6,,,mouse_move,,,,,,,784.0,493.0,1784665742576.0,,
6a5fd6925409b7b2c137b6a7,,,mouse_move,,,,,,,784.0,495.0,1784665742587.0,,
6a5fd6925409b7b2c137b6a8,,,mouse_move,,,,,,,785.0,498.0,1784665742593.0,,
6a5fd6925409b7b2c137b6a9,,,mouse_move,,,,,,,785.0,500.0,1784665742602.0,,
6a5fd6925409b7b2c137b6aa,,,mouse_move,,,,,,,785.0,501.0,1784665742611.0,,
6a5fd6925409b7b2c137b6ab,,,mouse_move,,,,,,,786.0,503.0,1784665742619.0,,
6a5fd6925409b7b2c137b6ac,,,mouse_move,,,,,,,786.0,504.0,1784665742627.0,,
6a5fd6925409b7b2c137b6ad,,,mouse_move,,,,,,,786.0,506.0,1784665742636.0,,
6a5fd6925409b7b2c137b6ae,,,mouse_move,,,,,,,786.0,507.0,1784665742644.0,,
6a5fd6925409b7b2c137b6af,,,mouse_move,,,,,,,786.0,509.0,1784665742654.0,,
6a5fd6925409b7b2c137b6b0,,,mouse_move,,,,,,,786.0,510.0,1784665742661.0,,
6a5fd6925409b7b2c137b6b1,,,mouse_move,,,,,,,785.0,510.0,1784665742757.0,,
6a5fd6925409b7b2c137b6b2,,,mouse_move,,,,,,,785.0,509.0,1784665742777.0,,
6a5fd6925409b7b2c137b6b3,,,mouse_move,,,,,,,784.0,508.0,1784665742803.0,,
6a5fd6925409b7b2c137b6b4,,,mouse_move,,,,,,,784.0,507.0,1784665742828.0,,
6a5fd6925409b7b2c137b6b5,,,mouse_move,,,,,,,784.0,506.0,1784665742843.0,,
6a5fd6925409b7b2c137b6b6,,,mouse_move,,,,,,,784.0,505.0,1784665742875.0,,
6a5fd6925409b7b2c137b6b7,,,mouse_move,,,,,,,784.0,504.0,1784665742923.0,,
6a5fd6925409b7b2c137b6b8,,,mouse_move,,,,,,,784.0,503.0,1784665743184.0,,
6a5fd6925409b7b2c137b6b9,,,mouse_move,,,,,,,786.0,503.0,1784665743300.0,,
6a5fd6925409b7b2c137b6ba,,,mouse_move,,,,,,,789.0,503.0,1784665743311.0,,
6a5fd6925409b7b2c137b6bb,,,mouse_move,,,,,,,809.0,503.0,1784665743318.0,,
6a5fd6925409b7b2c137b6bc,,,mouse_move,,,,,,,831.0,503.0,1784665743327.0,,
6a5fd6925409b7b2c137b6bd,,,mouse_move,,,,,,,857.0,498.0,1784665743336.0,,
6a5fd6925409b7b2c137b6be,,,mouse_move,,,,,,,897.0,493.0,1784665743343.0,,
6a5fd6925409b7b2c137b6bf,,,mouse_move,,,,,,,931.0,486.0,1784665743351.0,,
6a5fd6925409b7b2c137b6c0,,,mouse_move,,,,,,,982.0,476.0,1784665743360.0,,
6a5fd6925409b7b2c137b6c1,,,mouse_move,,,,,,,1011.0,471.0,1784665743368.0,,
6a5fd6925409b7b2c137b6c2,,,mouse_move,,,,,,,1059.0,462.0,1784665743377.0,,
6a5fd6925409b7b2c137b6c3,,,mouse_move,,,,,,,1096.0,455.0,1784665743385.0,,
6a5fd6925409b7b2c137b6c4,,,mouse_move,,,,,,,1130.0,448.0,1784665743393.0,,
6a5fd6925409b7b2c137b6c5,,,mouse_move,,,,,,,1178.0,438.0,1784665743401.0,,
6a5fd6925409b7b2c137b6c6,,,mouse_move,,,,,,,1210.0,432.0,1784665743409.0,,
6a5fd6925409b7b2c137b6c7,,,mouse_move,,,,,,,1251.0,422.0,1784665743418.0,,
6a5fd6925409b7b2c137b6c8,,,mouse_move,,,,,,,1275.0,416.0,1784665743427.0,,
6a5fd6925409b7b2c137b6c9,,,mouse_move,,,,,,,1293.0,412.0,1784665743435.0,,
6a5fd6925409b7b2c137b6ca,,,mouse_move,,,,,,,1307.0,409.0,1784665743443.0,,
6a5fd6925409b7b2c137b6cb,,,mouse_move,,,,,,,1320.0,406.0,1784665743453.0,,
6a5fd6925409b7b2c137b6cc,,,mouse_move,,,,,,,1326.0,405.0,1784665743461.0,,
6a5fd6925409b7b2c137b6cd,,,mouse_move,,,,,,,1327.0,405.0,1784665743469.0,,
6a5fd6925409b7b2c137b6ce,,,mouse_move,,,,,,,1327.0,404.0,1784665743477.0,,
6a5fd6925409b7b2c137b6cf,,,mouse_click,,,,,,,1327.0,404.0,1784665743615.0,0.0,
6a5fd6925409b7b2c137b6d0,,,mouse_move,,,,,,,1326.0,404.0,1784665743736.0,,
6a5fd6925409b7b2c137b6d1,,,mouse_move,,,,,,,1325.0,404.0,1784665743765.0,,
6a5fd6925409b7b2c137b6d2,,,mouse_move,,,,,,,1321.0,404.0,1784665743777.0,,
6a5fd6925409b7b2c137b6d3,,,mouse_move,,,,,,,1319.0,404.0,1784665743786.0,,
6a5fd6925409b7b2c137b6d4,,,mouse_move,,,,,,,1316.0,404.0,1784665743797.0,,
6a5fd6925409b7b2c137b6d5,,,mouse_move,,,,,,,1315.0,404.0,1784665743807.0,,
6a5fd6925409b7b2c137b6d6,,,mouse_move,,,,,,,1314.0,404.0,1784665743814.0,,
6a5fd6925409b7b2c137b6d7,,,mouse_move,,,,,,,1313.0,404.0,1784665743823.0,,
6a5fd6925409b7b2c137b6d8,,,mouse_move,,,,,,,1312.0,404.0,1784665743828.0,,
6a5fd6925409b7b2c137b6d9,,,mouse_move,,,,,,,1312.0,403.0,1784665743883.0,,
6a5fd6925409b7b2c137b6da,,,mouse_click,,,,,,,1312.0,403.0,1784665743956.0,0.0,
6a5fd6925409b7b2c137b6db,,,mouse_move,,,,,,,1312.0,403.0,1784665743962.0,,
6a5fd6925409b7b2c137b6dc,,,mouse_move,,,,,,,1311.0,403.0,1784665743993.0,,
6a5fd6925409b7b2c137b6dd,,,mouse_click,,,,,,,1311.0,403.0,1784665744140.0,0.0,
6a5fd6925409b7b2c137b6de,,,mouse_click,,,,,,,1311.0,403.0,1784665744315.0,0.0,
6a5fd6925409b7b2c137b6df,,,mouse_move,,,,,,,1308.0,402.0,1784665744325.0,,
6a5fd6925409b7b2c137b6e0,,,mouse_move,,,,,,,1290.0,402.0,1784665744335.0,,
6a5fd6925409b7b2c137b6e1,,,mouse_move,,,,,,,1248.0,404.0,1784665744343.0,,
6a5fd6925409b7b2c137b6e2,,,mouse_move,,,,,,,1209.0,411.0,1784665744351.0,,
6a5fd6925409b7b2c137b6e3,,,mouse_move,,,,,,,1166.0,419.0,1784665744361.0,,
6a5fd6925409b7b2c137b6e4,,,mouse_move,,,,,,,1116.0,429.0,1784665744369.0,,
6a5fd6925409b7b2c137b6e5,,,mouse_move,,,,,,,1057.0,441.0,1784665744376.0,,
6a5fd6925409b7b2c137b6e6,,,mouse_move,,,,,,,998.0,453.0,1784665744385.0,,
6a5fd6925409b7b2c137b6e7,,,mouse_move,,,,,,,946.0,459.0,1784665744393.0,,
6a5fd6925409b7b2c137b6e8,,,mouse_move,,,,,,,909.0,462.0,1784665744401.0,,
6a5fd6925409b7b2c137b6e9,,,mouse_move,,,,,,,883.0,467.0,1784665744409.0,,
6a5fd6925409b7b2c137b6ea,,,mouse_move,,,,,,,863.0,468.0,1784665744419.0,,
6a5fd6925409b7b2c137b6eb,,,mouse_move,,,,,,,845.0,471.0,1784665744427.0,,
6a5fd6925409b7b2c137b6ec,,,mouse_move,,,,,,,833.0,473.0,1784665744434.0,,
6a5fd6925409b7b2c137b6ed,,,mouse_move,,,,,,,820.0,476.0,1784665744444.0,,
6a5fd6925409b7b2c137b6ee,,,mouse_move,,,,,,,810.0,478.0,1784665744452.0,,
6a5fd6925409b7b2c137b6ef,,,mouse_move,,,,,,,805.0,479.0,1784665744460.0,,
6a5fd6925409b7b2c137b6f0,,,mouse_move,,,,,,,799.0,480.0,1784665744468.0,,
6a5fd6925409b7b2c137b6f1,,,mouse_move,,,,,,,796.0,481.0,1784665744477.0,,
6a5fd6925409b7b2c137b6f2,,,mouse_move,,,,,,,791.0,481.0,1784665744484.0,,
6a5fd6925409b7b2c137b6f3,,,mouse_move,,,,,,,789.0,481.0,1784665744498.0,,
6a5fd6925409b7b2c137b6f4,,,mouse_move,,,,,,,788.0,481.0,1784665744517.0,,
6a5fd6925409b7b2c137b6f5,,,mouse_move,,,,,,,787.0,478.0,1784665744544.0,,
6a5fd6925409b7b2c137b6f6,,,mouse_move,,,,,,,787.0,477.0,1784665744558.0,,
6a5fd6925409b7b2c137b6f7,,,mouse_move,,,,,,,787.0,474.0,1784665744567.0,,
6a5fd6925409b7b2c137b6f8,,,mouse_move,,,,,,,786.0,472.0,1784665744575.0,,
6a5fd6925409b7b2c137b6f9,,,mouse_move,,,,,,,785.0,469.0,1784665744584.0,,
6a5fd6925409b7b2c137b6fa,,,mouse_move,,,,,,,784.0,467.0,1784665744589.0,,
6a5fd6925409b7b2c137b6fb,,,mouse_move,,,,,,,784.0,465.0,1784665744595.0,,
6a5fd6925409b7b2c137b6fc,,,mouse_move,,,,,,,784.0,462.0,1784665744606.0,,
6a5fd6925409b7b2c137b6fd,,,mouse_move,,,,,,,784.0,460.0,1784665744616.0,,
6a5fd6925409b7b2c137b6fe,,,mouse_move,,,,,,,784.0,457.0,1784665744621.0,,
6a5fd6925409b7b2c137b6ff,,,mouse_move,,,,,,,784.0,454.0,1784665744628.0,,
6a5fd6925409b7b2c137b700,,,mouse_move,,,,,,,784.0,452.0,1784665744635.0,,
6a5fd6925409b7b2c137b701,,,mouse_move,,,,,,,784.0,450.0,1784665744645.0,,
6a5fd6925409b7b2c137b702,,,mouse_move,,,,,,,784.0,448.0,1784665744660.0,,
6a5fd6925409b7b2c137b703,,,mouse_move,,,,,,,784.0,446.0,1784665744670.0,,
6a5fd6925409b7b2c137b704,,,mouse_move,,,,,,,784.0,445.0,1784665744683.0,,
6a5fd6925409b7b2c137b705,,,mouse_move,,,,,,,783.0,443.0,1784665744711.0,,
6a5fd6925409b7b2c137b706,,,mouse_move,,,,,,,783.0,442.0,1784665744734.0,,
6a5fd6925409b7b2c137b707,,,mouse_move,,,,,,,783.0,441.0,1784665744767.0,,
6a5fd6925409b7b2c137b708,,,mouse_click,,,,,,,783.0,441.0,1784665744875.0,0.0,
6a5fd6925409b7b2c137b709,,,mouse_move,,,,,,,784.0,441.0,1784665744909.0,,
6a5fd6925409b7b2c137b70a,,,mouse_move,,,,,,,786.0,441.0,1784665744918.0,,
6a5fd6925409b7b2c137b70b,,,mouse_move,,,,,,,788.0,443.0,1784665744926.0,,
6a5fd6925409b7b2c137b70c,,,mouse_move,,,,,,,791.0,444.0,1784665744935.0,,
6a5fd6925409b7b2c137b70d,,,mouse_move,,,,,,,795.0,447.0,1784665744943.0,,
6a5fd6925409b7b2c137b70e,,,mouse_move,,,,,,,803.0,449.0,1784665744952.0,,
6a5fd6925409b7b2c137b70f,,,mouse_move,,,,,,,809.0,449.0,1784665744959.0,,
6a5fd6925409b7b2c137b710,,,mouse_move,,,,,,,819.0,450.0,1784665744967.0,,
6a5fd6925409b7b2c137b711,,,mouse_move,,,,,,,830.0,450.0,1784665744976.0,,
6a5fd6925409b7b2c137b712,,,mouse_move,,,,,,,841.0,450.0,1784665744985.0,,
6a5fd6925409b7b2c137b713,,,mouse_move,,,,,,,851.0,450.0,1784665744993.0,,
6a5fd6925409b7b2c137b714,,,mouse_move,,,,,,,864.0,450.0,1784665745000.0,,
6a5fd6925409b7b2c137b715,,,mouse_move,,,,,,,874.0,450.0,1784665745009.0,,
6a5fd6925409b7b2c137b716,,,mouse_move,,,,,,,881.0,450.0,1784665745017.0,,
6a5fd6925409b7b2c137b717,,,mouse_move,,,,,,,889.0,450.0,1784665745026.0,,
6a5fd6925409b7b2c137b718,,,mouse_move,,,,,,,894.0,450.0,1784665745034.0,,
6a5fd6925409b7b2c137b719,,,mouse_move,,,,,,,902.0,450.0,1784665745043.0,,
6a5fd6925409b7b2c137b71a,,,mouse_move,,,,,,,906.0,450.0,1784665745051.0,,
6a5fd6925409b7b2c137b71b,,,mouse_move,,,,,,,909.0,450.0,1784665745060.0,,
6a5fd6925409b7b2c137b71c,,,mouse_move,,,,,,,911.0,450.0,1784665745067.0,,
6a5fd6925409b7b2c137b71d,,,mouse_move,,,,,,,913.0,450.0,1784665745076.0,,
6a5fd6925409b7b2c137b71e,,,mouse_move,,,,,,,914.0,450.0,1784665745103.0,,
6a5fd6925409b7b2c137b71f,,,mouse_move,,,,,,,915.0,450.0,1784665745135.0,,
6a5fd6925409b7b2c137b720,,,mouse_move,,,,,,,916.0,450.0,1784665745150.0,,
6a5fd6925409b7b2c137b721,,,mouse_move,,,,,,,917.0,450.0,1784665745176.0,,
6a5fd6925409b7b2c137b722,,,mouse_move,,,,,,,918.0,450.0,1784665745204.0,,
6a5fd6925409b7b2c137b723,,,mouse_move,,,,,,,919.0,450.0,1784665745211.0,,
6a5fd6925409b7b2c137b724,,,mouse_move,,,,,,,920.0,450.0,1784665745220.0,,
6a5fd6925409b7b2c137b725,,,mouse_move,,,,,,,921.0,450.0,1784665745243.0,,
6a5fd6925409b7b2c137b726,,,mouse_move,,,,,,,922.0,450.0,1784665745250.0,,
6a5fd6925409b7b2c137b727,,,mouse_move,,,,,,,923.0,450.0,1784665745259.0,,
6a5fd6925409b7b2c137b728,,,mouse_move,,,,,,,924.0,450.0,1784665745268.0,,
6a5fd6925409b7b2c137b729,,,mouse_move,,,,,,,925.0,450.0,1784665745283.0,,
6a5fd6925409b7b2c137b72a,,,mouse_move,,,,,,,926.0,450.0,1784665745316.0,,
6a5fd6925409b7b2c137b72b,,,mouse_move,,,,,,,926.0,449.0,1784665745325.0,,
6a5fd6925409b7b2c137b72c,,,mouse_move,,,,,,,926.0,447.0,1784665745334.0,,
6a5fd6925409b7b2c137b72d,,,mouse_move,,,,,,,927.0,445.0,1784665745344.0,,
6a5fd6925409b7b2c137b72e,,,mouse_move,,,,,,,927.0,444.0,1784665745351.0,,
6a5fd6925409b7b2c137b72f,,,mouse_move,,,,,,,927.0,443.0,1784665745359.0,,
6a5fd6925409b7b2c137b730,,,mouse_move,,,,,,,927.0,442.0,1784665745374.0,,
6a5fd6925409b7b2c137b731,,,mouse_click,,,,,,,927.0,442.0,1784665745500.0,0.0,
6a5fd6925409b7b2c137b732,,,mouse_move,,,,,,,926.0,442.0,1784665745545.0,,
6a5fd6925409b7b2c137b733,,,mouse_move,,,,,,,923.0,442.0,1784665745551.0,,
6a5fd6925409b7b2c137b734,,,mouse_move,,,,,,,920.0,442.0,1784665745561.0,,
6a5fd6925409b7b2c137b735,,,mouse_move,,,,,,,913.0,442.0,1784665745568.0,,
6a5fd6925409b7b2c137b736,,,mouse_move,,,,,,,907.0,442.0,1784665745576.0,,
6a5fd6925409b7b2c137b737,,,mouse_move,,,,,,,899.0,442.0,1784665745585.0,,
6a5fd6925409b7b2c137b738,,,mouse_move,,,,,,,889.0,442.0,1784665745594.0,,
6a5fd6925409b7b2c137b739,,,mouse_move,,,,,,,880.0,442.0,1784665745601.0,,
6a5fd6925409b7b2c137b73a,,,mouse_move,,,,,,,867.0,442.0,1784665745611.0,,
6a5fd6925409b7b2c137b73b,,,mouse_move,,,,,,,856.0,442.0,1784665745618.0,,
6a5fd6925409b7b2c137b73c,,,mouse_move,,,,,,,845.0,442.0,1784665745626.0,,
6a5fd6925409b7b2c137b73d,,,mouse_move,,,,,,,835.0,442.0,1784665745634.0,,
6a5fd6925409b7b2c137b73e,,,mouse_move,,,,,,,826.0,442.0,1784665745643.0,,
6a5fd6925409b7b2c137b73f,,,mouse_move,,,,,,,821.0,442.0,1784665745652.0,,
6a5fd6925409b7b2c137b740,,,mouse_move,,,,,,,818.0,442.0,1784665745661.0,,
6a5fd6925409b7b2c137b741,,,mouse_move,,,,,,,817.0,442.0,1784665745668.0,,
6a5fd6925409b7b2c137b742,,,mouse_click,,,,,,,817.0,442.0,1784665745859.0,0.0,
6a5fd6925409b7b2c137b743,,,mouse_move,,,,,,,816.0,443.0,1784665745876.0,,
6a5fd6925409b7b2c137b744,,,mouse_move,,,,,,,815.0,443.0,1784665745884.0,,
6a5fd6925409b7b2c137b745,,,mouse_move,,,,,,,814.0,444.0,1784665745893.0,,
6a5fd6925409b7b2c137b746,,,mouse_move,,,,,,,814.0,445.0,1784665745901.0,,
6a5fd6925409b7b2c137b747,,,mouse_move,,,,,,,812.0,446.0,1784665745909.0,,
6a5fd6925409b7b2c137b748,,,mouse_move,,,,,,,809.0,448.0,1784665745917.0,,
6a5fd6925409b7b2c137b749,,,mouse_move,,,,,,,807.0,450.0,1784665745926.0,,
6a5fd6925409b7b2c137b74a,,,mouse_move,,,,,,,805.0,450.0,1784665745934.0,,
6a5fd6925409b7b2c137b74b,,,mouse_move,,,,,,,803.0,451.0,1784665745943.0,,
6a5fd6925409b7b2c137b74c,,,mouse_move,,,,,,,802.0,451.0,1784665745957.0,,
6a5fd6925409b7b2c137b74d,,,mouse_move,,,,,,,802.0,452.0,1784665746093.0,,
6a5fd6925409b7b2c137b74e,,,mouse_move,,,,,,,802.0,453.0,1784665746119.0,,
6a5fd6925409b7b2c137b74f,,,mouse_click,,,,,,,802.0,453.0,1784665746123.0,0.0,
6a5fd6925409b7b2c137b750,,,mouse_move,,,,,,,802.0,453.0,1784665746128.0,,
6a5fd6925409b7b2c137b751,,,mouse_move,,,,,,,802.0,455.0,1784665746140.0,,
6a5fd6925409b7b2c137b752,,,mouse_move,,,,,,,801.0,458.0,1784665746147.0,,
6a5fd6925409b7b2c137b753,,,mouse_move,,,,,,,800.0,462.0,1784665746156.0,,
6a5fd6925409b7b2c137b754,,,mouse_move,,,,,,,799.0,465.0,1784665746165.0,,
6a5fd6925409b7b2c137b755,,,mouse_move,,,,,,,797.0,469.0,1784665746173.0,,
6a5fd6925409b7b2c137b756,,,mouse_move,,,,,,,794.0,475.0,1784665746182.0,,
6a5fd6925409b7b2c137b757,,,mouse_move,,,,,,,793.0,478.0,1784665746188.0,,
6a5fd6925409b7b2c137b758,,,mouse_move,,,,,,,792.0,482.0,1784665746198.0,,
6a5fd6925409b7b2c137b759,,,mouse_move,,,,,,,791.0,485.0,1784665746206.0,,
6a5fd6925409b7b2c137b75a,,,mouse_move,,,,,,,790.0,488.0,1784665746213.0,,
6a5fd6925409b7b2c137b75b,,,mouse_move,,,,,,,790.0,490.0,1784665746221.0,,
6a5fd6925409b7b2c137b75c,,,mouse_move,,,,,,,790.0,492.0,1784665746227.0,,
6a5fd6925409b7b2c137b75d,,,mouse_move,,,,,,,790.0,493.0,1784665746235.0,,
6a5fd6925409b7b2c137b75e,,,mouse_move,,,,,,,790.0,496.0,1784665746244.0,,
6a5fd6925409b7b2c137b75f,,,mouse_move,,,,,,,790.0,497.0,1784665746255.0,,
6a5fd6925409b7b2c137b760,,,mouse_move,,,,,,,790.0,499.0,1784665746263.0,,
6a5fd6925409b7b2c137b761,,,mouse_move,,,,,,,789.0,499.0,1784665746271.0,,
6a5fd6925409b7b2c137b762,,,mouse_move,,,,,,,789.0,500.0,1784665746276.0,,
6a5fd6925409b7b2c137b763,,,mouse_move,,,,,,,789.0,501.0,1784665746286.0,,
6a5fd6925409b7b2c137b764,,,mouse_move,,,,,,,789.0,502.0,1784665746351.0,,
6a5fd6925409b7b2c137b765,,,mouse_click,,,,,,,789.0,502.0,1784665746430.0,0.0,
6a5fd6925409b7b2c137b766,,,mouse_move,,,,,,,789.0,502.0,1784665746444.0,,
6a5fd6925409b7b2c137b767,,,mouse_move,,,,,,,790.0,502.0,1784665746496.0,,
6a5fd6925409b7b2c137b768,,,mouse_move,,,,,,,791.0,502.0,1784665746614.0,,
6a5fd6925409b7b2c137b769,,,mouse_move,,,,,,,793.0,502.0,1784665746623.0,,
6a5fd6925409b7b2c137b76a,,,mouse_move,,,,,,,796.0,502.0,1784665746629.0,,
6a5fd6925409b7b2c137b76b,,,mouse_move,,,,,,,800.0,503.0,1784665746640.0,,
6a5fd6925409b7b2c137b76c,,,mouse_move,,,,,,,805.0,503.0,1784665746647.0,,
6a5fd6925409b7b2c137b76d,,,mouse_move,,,,,,,814.0,503.0,1784665746655.0,,
6a5fd6925409b7b2c137b76e,,,mouse_move,,,,,,,822.0,503.0,1784665746663.0,,
6a5fd6925409b7b2c137b76f,,,mouse_move,,,,,,,831.0,503.0,1784665746671.0,,
6a5fd6925409b7b2c137b770,,,mouse_move,,,,,,,841.0,503.0,1784665746678.0,,
6a5fd69c5409b7b2c137b771,,,mouse_move,,,,,,,851.0,503.0,1784665746688.0,,
6a5fd69c5409b7b2c137b772,,,mouse_move,,,,,,,862.0,503.0,1784665746696.0,,
6a5fd69c5409b7b2c137b773,,,mouse_move,,,,,,,875.0,503.0,1784665746702.0,,
6a5fd69c5409b7b2c137b774,,,mouse_move,,,,,,,886.0,503.0,1784665746709.0,,
6a5fd69c5409b7b2c137b775,,,mouse_move,,,,,,,895.0,503.0,1784665746717.0,,
6a5fd69c5409b7b2c137b776,,,mouse_move,,,,,,,907.0,503.0,1784665746725.0,,
6a5fd69c5409b7b2c137b777,,,mouse_move,,,,,,,918.0,503.0,1784665746735.0,,
6a5fd69c5409b7b2c137b778,,,mouse_move,,,,,,,924.0,503.0,1784665746743.0,,
6a5fd69c5409b7b2c137b779,,,mouse_move,,,,,,,932.0,504.0,1784665746751.0,,
6a5fd69c5409b7b2c137b77a,,,mouse_move,,,,,,,938.0,505.0,1784665746760.0,,
6a5fd69c5409b7b2c137b77b,,,mouse_move,,,,,,,944.0,505.0,1784665746768.0,,
6a5fd69c5409b7b2c137b77c,,,mouse_move,,,,,,,949.0,506.0,1784665746775.0,,
6a5fd69c5409b7b2c137b77d,,,mouse_move,,,,,,,952.0,507.0,1784665746783.0,,
6a5fd69c5409b7b2c137b77e,,,mouse_move,,,,,,,956.0,509.0,1784665746792.0,,
6a5fd69c5409b7b2c137b77f,,,mouse_move,,,,,,,957.0,509.0,1784665746802.0,,
6a5fd69c5409b7b2c137b780,,,mouse_move,,,,,,,958.0,509.0,1784665746810.0,,
6a5fd69c5409b7b2c137b781,,,mouse_move,,,,,,,960.0,510.0,1784665746817.0,,
6a5fd69c5409b7b2c137b782,,,mouse_move,,,,,,,960.0,511.0,1784665746831.0,,
6a5fd69c5409b7b2c137b783,,,mouse_move,,,,,,,961.0,511.0,1784665746836.0,,
6a5fd69c5409b7b2c137b784,,,mouse_move,,,,,,,962.0,511.0,1784665746844.0,,
6a5fd69c5409b7b2c137b785,,,mouse_move,,,,,,,963.0,511.0,1784665746854.0,,
6a5fd69c5409b7b2c137b786,,,mouse_move,,,,,,,966.0,511.0,1784665746859.0,,
6a5fd69c5409b7b2c137b787,,,mouse_move,,,,,,,969.0,511.0,1784665746870.0,,
6a5fd69c5409b7b2c137b788,,,mouse_move,,,,,,,974.0,511.0,1784665746877.0,,
6a5fd69c5409b7b2c137b789,,,mouse_move,,,,,,,978.0,511.0,1784665746884.0,,
6a5fd69c5409b7b2c137b78a,,,mouse_move,,,,,,,984.0,510.0,1784665746893.0,,
6a5fd69c5409b7b2c137b78b,,,mouse_move,,,,,,,992.0,509.0,1784665746902.0,,
6a5fd69c5409b7b2c137b78c,,,mouse_move,,,,,,,999.0,508.0,1784665746910.0,,
6a5fd69c5409b7b2c137b78d,,,mouse_move,,,,,,,1006.0,507.0,1784665746918.0,,
6a5fd69c5409b7b2c137b78e,,,mouse_move,,,,,,,1012.0,506.0,1784665746927.0,,
6a5fd69c5409b7b2c137b78f,,,mouse_move,,,,,,,1016.0,506.0,1784665746934.0,,
6a5fd69c5409b7b2c137b790,,,mouse_move,,,,,,,1018.0,505.0,1784665746941.0,,
6a5fd69c5409b7b2c137b791,,,mouse_move,,,,,,,1019.0,505.0,1784665746956.0,,
6a5fd69c5409b7b2c137b792,,,mouse_move,,,,,,,1020.0,505.0,1784665746975.0,,
6a5fd69c5409b7b2c137b793,,,mouse_move,,,,,,,1020.0,504.0,1784665746985.0,,
6a5fd69c5409b7b2c137b794,,,mouse_move,,,,,,,1021.0,504.0,1784665746992.0,,
6a5fd69c5409b7b2c137b795,,,mouse_move,,,,,,,1021.0,503.0,1784665747000.0,,
6a5fd69c5409b7b2c137b796,,,mouse_move,,,,,,,1022.0,502.0,1784665747008.0,,
6a5fd69c5409b7b2c137b797,,,mouse_move,,,,,,,1024.0,501.0,1784665747017.0,,
6a5fd69c5409b7b2c137b798,,,mouse_move,,,,,,,1025.0,500.0,1784665747025.0,,
6a5fd69c5409b7b2c137b799,,,mouse_move,,,,,,,1026.0,499.0,1784665747033.0,,
6a5fd69c5409b7b2c137b79a,,,mouse_move,,,,,,,1027.0,498.0,1784665747041.0,,
6a5fd69c5409b7b2c137b79b,,,mouse_move,,,,,,,1028.0,497.0,1784665747050.0,,
6a5fd69c5409b7b2c137b79c,,,mouse_move,,,,,,,1029.0,497.0,1784665747059.0,,
6a5fd69c5409b7b2c137b79d,,,mouse_move,,,,,,,1025.0,499.0,1784665747139.0,,
6a5fd69c5409b7b2c137b79e,,,mouse_move,,,,,,,1019.0,502.0,1784665747149.0,,
6a5fd69c5409b7b2c137b79f,,,mouse_move,,,,,,,1011.0,505.0,1784665747156.0,,
6a5fd69c5409b7b2c137b7a0,,,mouse_move,,,,,,,1005.0,508.0,1784665747165.0,,
6a5fd69c5409b7b2c137b7a1,,,mouse_move,,,,,,,996.0,510.0,1784665747172.0,,
6a5fd69c5409b7b2c137b7a2,,,mouse_move,,,,,,,983.0,514.0,1784665747183.0,,
6a5fd69c5409b7b2c137b7a3,,,mouse_move,,,,,,,968.0,517.0,1784665747192.0,,
6a5fd69c5409b7b2c137b7a4,,,mouse_move,,,,,,,960.0,518.0,1784665747200.0,,
6a5fd69c5409b7b2c137b7a5,,,mouse_move,,,,,,,946.0,521.0,1784665747210.0,,
6a5fd69c5409b7b2c137b7a6,,,mouse_move,,,,,,,942.0,522.0,1784665747216.0,,
6a5fd69c5409b7b2c137b7a7,,,mouse_move,,,,,,,939.0,522.0,1784665747225.0,,
6a5fd69c5409b7b2c137b7a8,,,mouse_move,,,,,,,938.0,522.0,1784665747234.0,,
6a5fd69c5409b7b2c137b7a9,,,mouse_move,,,,,,,937.0,522.0,1784665747260.0,,
6a5fd69c5409b7b2c137b7aa,,,mouse_move,,,,,,,937.0,521.0,1784665747537.0,,
6a5fd69c5409b7b2c137b7ab,,,mouse_move,,,,,,,937.0,520.0,1784665747542.0,,
6a5fd69c5409b7b2c137b7ac,,,mouse_move,,,,,,,937.0,519.0,1784665747558.0,,
6a5fd69c5409b7b2c137b7ad,,,mouse_move,,,,,,,937.0,518.0,1784665747565.0,,
6a5fd69c5409b7b2c137b7ae,,,mouse_move,,,,,,,936.0,516.0,1784665747574.0,,
6a5fd69c5409b7b2c137b7af,,,mouse_move,,,,,,,935.0,513.0,1784665747581.0,,
6a5fd69c5409b7b2c137b7b0,,,mouse_move,,,,,,,934.0,508.0,1784665747589.0,,
6a5fd69c5409b7b2c137b7b1,,,mouse_move,,,,,,,930.0,504.0,1784665747600.0,,
6a5fd69c5409b7b2c137b7b2,,,mouse_move,,,,,,,929.0,499.0,1784665747608.0,,
6a5fd69c5409b7b2c137b7b3,,,mouse_move,,,,,,,923.0,493.0,1784665747618.0,,
6a5fd69c5409b7b2c137b7b4,,,mouse_move,,,,,,,919.0,487.0,1784665747625.0,,
6a5fd69c5409b7b2c137b7b5,,,mouse_move,,,,,,,913.0,481.0,1784665747633.0,,
6a5fd69c5409b7b2c137b7b6,,,mouse_move,,,,,,,905.0,471.0,1784665747642.0,,
6a5fd69c5409b7b2c137b7b7,,,mouse_move,,,,,,,898.0,464.0,1784665747650.0,,
6a5fd69c5409b7b2c137b7b8,,,mouse_move,,,,,,,890.0,456.0,1784665747658.0,,
6a5fd69c5409b7b2c137b7b9,,,mouse_move,,,,,,,884.0,448.0,1784665747667.0,,
6a5fd69c5409b7b2c137b7ba,,,mouse_move,,,,,,,876.0,438.0,1784665747675.0,,
6a5fd69c5409b7b2c137b7bb,,,mouse_move,,,,,,,870.0,431.0,1784665747683.0,,
6a5fd69c5409b7b2c137b7bc,,,mouse_move,,,,,,,865.0,425.0,1784665747692.0,,
6a5fd69c5409b7b2c137b7bd,,,mouse_move,,,,,,,859.0,416.0,1784665747700.0,,
6a5fd69c5409b7b2c137b7be,,,mouse_move,,,,,,,856.0,410.0,1784665747709.0,,
6a5fd69c5409b7b2c137b7bf,,,mouse_move,,,,,,,851.0,402.0,1784665747718.0,,
6a5fd69c5409b7b2c137b7c0,,,mouse_move,,,,,,,849.0,399.0,1784665747726.0,,
6a5fd69c5409b7b2c137b7c1,,,mouse_move,,,,,,,847.0,395.0,1784665747733.0,,
6a5fd69c5409b7b2c137b7c2,,,mouse_move,,,,,,,845.0,393.0,1784665747742.0,,
6a5fd69c5409b7b2c137b7c3,,,mouse_move,,,,,,,845.0,392.0,1784665747750.0,,
6a5fd69c5409b7b2c137b7c4,,,mouse_move,,,,,,,842.0,390.0,1784665747758.0,,
6a5fd69c5409b7b2c137b7c5,,,mouse_move,,,,,,,842.0,389.0,1784665747767.0,,
6a5fd69c5409b7b2c137b7c6,,,mouse_move,,,,,,,840.0,388.0,1784665747776.0,,
6a5fd69c5409b7b2c137b7c7,,,mouse_move,,,,,,,839.0,385.0,1784665747875.0,,
6a5fd69c5409b7b2c137b7c8,,,mouse_move,,,,,,,847.0,379.0,1784665748297.0,,
6a5fd69c5409b7b2c137b7c9,,,mouse_move,,,,,,,854.0,374.0,1784665748305.0,,
6a5fd69c5409b7b2c137b7ca,,,mouse_move,,,,,,,865.0,367.0,1784665748309.0,,
6a5fd69c5409b7b2c137b7cb,,,mouse_move,,,,,,,874.0,362.0,1784665748317.0,,
6a5fd69c5409b7b2c137b7cc,,,mouse_move,,,,,,,926.0,329.0,1784665748325.0,,
6a5fd69c5409b7b2c137b7cd,,,mouse_move,,,,,,,956.0,310.0,1784665748335.0,,
6a5fd69c5409b7b2c137b7ce,,,mouse_move,,,,,,,988.0,290.0,1784665748343.0,,
6a5fd69c5409b7b2c137b7cf,,,mouse_move,,,,,,,1031.0,267.0,1784665748350.0,,
6a5fd69c5409b7b2c137b7d0,,,mouse_move,,,,,,,1253.0,285.0,1784665749166.0,,
6a5fd69c5409b7b2c137b7d1,,,mouse_move,,,,,,,1244.0,293.0,1784665749177.0,,
6a5fd69c5409b7b2c137b7d2,,,mouse_move,,,,,,,1234.0,303.0,1784665749183.0,,
6a5fd69c5409b7b2c137b7d3,,,mouse_move,,,,,,,1228.0,310.0,1784665749191.0,,
6a5fd69c5409b7b2c137b7d4,,,mouse_move,,,,,,,1223.0,317.0,1784665749200.0,,
6a5fd69c5409b7b2c137b7d5,,,mouse_move,,,,,,,1219.0,323.0,1784665749210.0,,
6a5fd69c5409b7b2c137b7d6,,,mouse_move,,,,,,,1213.0,329.0,1784665749217.0,,
6a5fd69c5409b7b2c137b7d7,,,mouse_move,,,,,,,1212.0,332.0,1784665749226.0,,
6a5fd69c5409b7b2c137b7d8,,,mouse_move,,,,,,,1209.0,341.0,1784665749290.0,,
6a5fd69c5409b7b2c137b7d9,,,mouse_move,,,,,,,1210.0,355.0,1784665749298.0,,
6a5fd69c5409b7b2c137b7da,,,mouse_move,,,,,,,1211.0,357.0,1784665749301.0,,
6a5fd69c5409b7b2c137b7db,,,mouse_move,,,,,,,1213.0,361.0,1784665749313.0,,
6a5fd69c5409b7b2c137b7dc,,,mouse_move,,,,,,,1214.0,363.0,1784665749317.0,,
6a5fd69c5409b7b2c137b7dd,,,mouse_move,,,,,,,1215.0,365.0,1784665749325.0,,
6a5fd69c5409b7b2c137b7de,,,mouse_move,,,,,,,1216.0,366.0,1784665749334.0,,
6a5fd69c5409b7b2c137b7df,,,mouse_move,,,,,,,1217.0,368.0,1784665749342.0,,
6a5fd69c5409b7b2c137b7e0,,,mouse_move,,,,,,,1217.0,369.0,1784665749373.0,,
6a5fd69c5409b7b2c137b7e1,,,mouse_move,,,,,,,1217.0,370.0,1784665749436.0,,
6a5fd69c5409b7b2c137b7e2,,,mouse_move,,,,,,,1217.0,371.0,1784665749476.0,,
6a5fd69c5409b7b2c137b7e3,,,mouse_move,,,,,,,1217.0,372.0,1784665749504.0,,
6a5fd69c5409b7b2c137b7e4,,,mouse_move,,,,,,,1216.0,372.0,1784665749872.0,,
6a5fd69c5409b7b2c137b7e5,,,mouse_move,,,,,,,1215.0,372.0,1784665749899.0,,
6a5fd69c5409b7b2c137b7e6,,,mouse_move,,,,,,,1214.0,372.0,1784665749910.0,,
6a5fd69c5409b7b2c137b7e7,,,mouse_move,,,,,,,1214.0,373.0,1784665749918.0,,
6a5fd69c5409b7b2c137b7e8,,,mouse_move,,,,,,,1213.0,373.0,1784665749927.0,,
6a5fd69c5409b7b2c137b7e9,,,mouse_move,,,,,,,1212.0,373.0,1784665749934.0,,
6a5fd69c5409b7b2c137b7ea,,,mouse_move,,,,,,,1211.0,374.0,1784665749943.0,,
6a5fd69c5409b7b2c137b7eb,,,mouse_move,,,,,,,1209.0,375.0,1784665749966.0,,
6a5fd69c5409b7b2c137b7ec,,,mouse_move,,,,,,,1209.0,376.0,1784665749974.0,,
6a5fd69c5409b7b2c137b7ed,,,mouse_move,,,,,,,1208.0,376.0,1784665749989.0,,
6a5fd69c5409b7b2c137b7ee,,,mouse_move,,,,,,,1207.0,375.0,1784665750248.0,,
6a5fd69c5409b7b2c137b7ef,,,mouse_move,,,,,,,1206.0,375.0,1784665750277.0,,
6a5fd69c5409b7b2c137b7f0,,,mouse_move,,,,,,,1206.0,374.0,1784665750299.0,,
6a5fd69c5409b7b2c137b7f1,,,mouse_move,,,,,,,1205.0,374.0,1784665750308.0,,
6a5fd69c5409b7b2c137b7f2,,,mouse_move,,,,,,,1205.0,373.0,1784665750316.0,,
6a5fd69c5409b7b2c137b7f3,,,mouse_move,,,,,,,1203.0,372.0,1784665750477.0,,
6a5fd69c5409b7b2c137b7f4,,,mouse_move,,,,,,,1202.0,371.0,1784665750484.0,,
6a5fd69c5409b7b2c137b7f5,,,mouse_move,,,,,,,1201.0,370.0,1784665750496.0,,
6a5fd69c5409b7b2c137b7f6,,,mouse_move,,,,,,,1199.0,370.0,1784665750500.0,,
6a5fd69c5409b7b2c137b7f7,,,mouse_move,,,,,,,1198.0,370.0,1784665750508.0,,
6a5fd69c5409b7b2c137b7f8,,,mouse_move,,,,,,,1197.0,369.0,1784665750516.0,,
6a5fd69c5409b7b2c137b7f9,,,mouse_move,,,,,,,1195.0,369.0,1784665750524.0,,
6a5fd69c5409b7b2c137b7fa,,,mouse_move,,,,,,,1194.0,368.0,1784665750533.0,,
6a5fd69c5409b7b2c137b7fb,,,mouse_move,,,,,,,1193.0,368.0,1784665750541.0,,
6a5fd69c5409b7b2c137b7fc,,,mouse_move,,,,,,,1191.0,368.0,1784665750548.0,,
6a5fd69c5409b7b2c137b7fd,,,mouse_move,,,,,,,1191.0,367.0,1784665750557.0,,
6a5fd69c5409b7b2c137b7fe,,,mouse_move,,,,,,,1190.0,367.0,1784665750566.0,,
6a5fd69c5409b7b2c137b7ff,,,mouse_move,,,,,,,1188.0,366.0,1784665750574.0,,
6a5fd69c5409b7b2c137b800,,,mouse_move,,,,,,,1187.0,365.0,1784665750582.0,,
6a5fd69c5409b7b2c137b801,,,mouse_move,,,,,,,1185.0,364.0,1784665750591.0,,
6a5fd69c5409b7b2c137b802,,,mouse_move,,,,,,,1183.0,364.0,1784665750603.0,,
6a5fd69c5409b7b2c137b803,,,mouse_move,,,,,,,1182.0,363.0,1784665750611.0,,
6a5fd69c5409b7b2c137b804,,,mouse_move,,,,,,,1181.0,363.0,1784665750619.0,,
6a5fd69c5409b7b2c137b805,,,mouse_move,,,,,,,1180.0,363.0,1784665750627.0,,
6a5fd69c5409b7b2c137b806,,,mouse_move,,,,,,,1179.0,363.0,1784665750635.0,,
6a5fd69c5409b7b2c137b807,,,mouse_move,,,,,,,1178.0,362.0,1784665750643.0,,
6a5fd69c5409b7b2c137b808,,,mouse_move,,,,,,,1177.0,362.0,1784665750652.0,,
6a5fd69c5409b7b2c137b809,,,mouse_move,,,,,,,1176.0,362.0,1784665750677.0,,
6a5fd69c5409b7b2c137b80a,,,mouse_move,,,,,,,1175.0,362.0,1784665750700.0,,
6a5fd69c5409b7b2c137b80b,,,mouse_move,,,,,,,1174.0,362.0,1784665750724.0,,
6a5fd69c5409b7b2c137b80c,,,mouse_move,,,,,,,1173.0,362.0,1784665750732.0,,
6a5fd69c5409b7b2c137b80d,,,mouse_move,,,,,,,1172.0,362.0,1784665750747.0,,
6a5fd69c5409b7b2c137b80e,,,mouse_move,,,,,,,1170.0,362.0,1784665750766.0,,
6a5fd69c5409b7b2c137b80f,,,mouse_move,,,,,,,1169.0,362.0,1784665750773.0,,
6a5fd69c5409b7b2c137b810,,,mouse_move,,,,,,,1169.0,361.0,1784665750783.0,,
6a5fd69c5409b7b2c137b811,,,mouse_move,,,,,,,1167.0,361.0,1784665750792.0,,
6a5fd69c5409b7b2c137b812,,,mouse_move,,,,,,,1166.0,361.0,1784665750800.0,,
6a5fd69c5409b7b2c137b813,,,mouse_move,,,,,,,1165.0,360.0,1784665750808.0,,
6a5fd69c5409b7b2c137b814,,,mouse_move,,,,,,,1163.0,360.0,1784665750815.0,,
6a5fd69c5409b7b2c137b815,,,mouse_move,,,,,,,1162.0,359.0,1784665750824.0,,
6a5fd69c5409b7b2c137b816,,,mouse_move,,,,,,,1161.0,359.0,1784665750832.0,,
6a5fd69c5409b7b2c137b817,,,mouse_move,,,,,,,1159.0,359.0,1784665750842.0,,
6a5fd69c5409b7b2c137b818,,,mouse_move,,,,,,,1158.0,359.0,1784665750849.0,,
6a5fd69c5409b7b2c137b819,,,mouse_move,,,,,,,1157.0,358.0,1784665750857.0,,
6a5fd69c5409b7b2c137b81a,,,mouse_move,,,,,,,1155.0,358.0,1784665750866.0,,
6a5fd69c5409b7b2c137b81b,,,mouse_move,,,,,,,1154.0,358.0,1784665750874.0,,
6a5fd69c5409b7b2c137b81c,,,mouse_move,,,,,,,1153.0,358.0,1784665750884.0,,
6a5fd69c5409b7b2c137b81d,,,mouse_move,,,,,,,1152.0,358.0,1784665750892.0,,
6a5fd69c5409b7b2c137b81e,,,mouse_move,,,,,,,1150.0,358.0,1784665750916.0,,
6a5fd69c5409b7b2c137b81f,,,mouse_move,,,,,,,1149.0,358.0,1784665750924.0,,
6a5fd69c5409b7b2c137b820,,,mouse_move,,,,,,,1148.0,359.0,1784665750948.0,,
6a5fd69c5409b7b2c137b821,,,mouse_move,,,,,,,1147.0,359.0,1784665750996.0,,
6a5fd69c5409b7b2c137b822,,,mouse_move,,,,,,,1146.0,359.0,1784665751015.0,,
6a5fd69c5409b7b2c137b823,,,mouse_move,,,,,,,1145.0,359.0,1784665751025.0,,
6a5fd69c5409b7b2c137b824,,,mouse_move,,,,,,,1144.0,359.0,1784665751032.0,,
6a5fd69c5409b7b2c137b825,,,mouse_move,,,,,,,1143.0,359.0,1784665751043.0,,
6a5fd69c5409b7b2c137b826,,,mouse_move,,,,,,,1142.0,359.0,1784665751053.0,,
6a5fd69c5409b7b2c137b827,,,mouse_move,,,,,,,1141.0,359.0,1784665751123.0,,
6a5fd69c5409b7b2c137b828,,,mouse_move,,,,,,,1140.0,359.0,1784665751139.0,,
6a5fd69c5409b7b2c137b829,,,mouse_move,,,,,,,1139.0,360.0,1784665751156.0,,
6a5fd69c5409b7b2c137b82a,,,mouse_move,,,,,,,1138.0,360.0,1784665751172.0,,
6a5fd69c5409b7b2c137b82b,,,mouse_move,,,,,,,1137.0,360.0,1784665751212.0,,
6a5fd69c5409b7b2c137b82c,,,mouse_move,,,,,,,1136.0,360.0,1784665751252.0,,
6a5fd69c5409b7b2c137b82d,,,mouse_move,,,,,,,1135.0,360.0,1784665751340.0,,
6a5fd69c5409b7b2c137b82e,,,mouse_move,,,,,,,1134.0,360.0,1784665751364.0,,
6a5fd69c5409b7b2c137b82f,,,mouse_move,,,,,,,1133.0,360.0,1784665751390.0,,
6a5fd69c5409b7b2c137b830,,,mouse_move,,,,,,,1132.0,360.0,1784665751539.0,,
6a5fd69c5409b7b2c137b831,,,mouse_move,,,,,,,1131.0,360.0,1784665751574.0,,
6a5fd69c5409b7b2c137b832,,,mouse_move,,,,,,,1130.0,360.0,1784665751583.0,,
6a5fd69c5409b7b2c137b833,,,mouse_move,,,,,,,1129.0,360.0,1784665751612.0,,
6a5fd69c5409b7b2c137b834,,,mouse_move,,,,,,,1127.0,360.0,1784665751684.0,,
6a5fd69c5409b7b2c137b835,,,mouse_move,,,,,,,1127.0,361.0,1784665751691.0,,
6a5fd69c5409b7b2c137b836,,,mouse_move,,,,,,,1126.0,361.0,1784665751699.0,,
6a5fd69c5409b7b2c137b837,,,mouse_move,,,,,,,1125.0,362.0,1784665751724.0,,
6a5fd69c5409b7b2c137b838,,,mouse_move,,,,,,,1124.0,362.0,1784665751732.0,,
6a5fd69c5409b7b2c137b839,,,mouse_move,,,,,,,1123.0,363.0,1784665751757.0,,
6a5fd69c5409b7b2c137b83a,,,mouse_move,,,,,,,1122.0,364.0,1784665751772.0,,
6a5fd69c5409b7b2c137b83b,,,mouse_move,,,,,,,1120.0,364.0,1784665751781.0,,
6a5fd69c5409b7b2c137b83c,,,mouse_move,,,,,,,1119.0,364.0,1784665751804.0,,
6a5fd69c5409b7b2c137b83d,,,mouse_move,,,,,,,1118.0,365.0,1784665751825.0,,
6a5fd69c5409b7b2c137b83e,,,mouse_move,,,,,,,1117.0,366.0,1784665751833.0,,
6a5fd69c5409b7b2c137b83f,,,mouse_move,,,,,,,1116.0,367.0,1784665751842.0,,
6a5fd69c5409b7b2c137b840,,,mouse_move,,,,,,,1115.0,367.0,1784665751850.0,,
6a5fd69c5409b7b2c137b841,,,mouse_move,,,,,,,1114.0,368.0,1784665751858.0,,
6a5fd69c5409b7b2c137b842,,,mouse_move,,,,,,,1113.0,370.0,1784665751869.0,,
6a5fd69c5409b7b2c137b843,,,mouse_move,,,,,,,1111.0,370.0,1784665751877.0,,
6a5fd69c5409b7b2c137b844,,,mouse_move,,,,,,,1111.0,371.0,1784665751884.0,,
6a5fd69c5409b7b2c137b845,,,mouse_move,,,,,,,1110.0,371.0,1784665751892.0,,
6a5fd69c5409b7b2c137b846,,,mouse_move,,,,,,,1109.0,372.0,1784665751901.0,,
6a5fd69c5409b7b2c137b847,,,mouse_move,,,,,,,1109.0,373.0,1784665751908.0,,
6a5fd69c5409b7b2c137b848,,,mouse_move,,,,,,,1108.0,373.0,1784665751917.0,,
6a5fd69c5409b7b2c137b849,,,mouse_move,,,,,,,1107.0,373.0,1784665751933.0,,
6a5fd69c5409b7b2c137b84a,,,mouse_move,,,,,,,1107.0,374.0,1784665752053.0,,
6a5fd69c5409b7b2c137b84b,,,mouse_move,,,,,,,1106.0,375.0,1784665752100.0,,
6a5fd69c5409b7b2c137b84c,,,mouse_move,,,,,,,1105.0,376.0,1784665752124.0,,
6a5fd69c5409b7b2c137b84d,,,mouse_move,,,,,,,1105.0,377.0,1784665752156.0,,
6a5fd69c5409b7b2c137b84e,,,mouse_move,,,,,,,1104.0,377.0,1784665752164.0,,
6a5fd69c5409b7b2c137b84f,,,mouse_move,,,,,,,1104.0,378.0,1784665752187.0,,
6a5fd69c5409b7b2c137b850,,,mouse_move,,,,,,,1103.0,378.0,1784665752212.0,,
6a5fd69c5409b7b2c137b851,,,mouse_move,,,,,,,1103.0,379.0,1784665752236.0,,
6a5fd69c5409b7b2c137b852,,,mouse_move,,,,,,,1103.0,380.0,1784665752244.0,,
6a5fd69c5409b7b2c137b853,,,mouse_move,,,,,,,1102.0,381.0,1784665752253.0,,
6a5fd69c5409b7b2c137b854,,,mouse_move,,,,,,,1101.0,382.0,1784665752261.0,,
6a5fd69c5409b7b2c137b855,,,mouse_move,,,,,,,1100.0,384.0,1784665752271.0,,
6a5fd69c5409b7b2c137b856,,,mouse_move,,,,,,,1099.0,385.0,1784665752277.0,,
6a5fd69c5409b7b2c137b857,,,mouse_move,,,,,,,1099.0,387.0,1784665752286.0,,
6a5fd69c5409b7b2c137b858,,,mouse_move,,,,,,,1096.0,390.0,1784665752294.0,,
6a5fd69c5409b7b2c137b859,,,mouse_move,,,,,,,1095.0,392.0,1784665752303.0,,
6a5fd69c5409b7b2c137b85a,,,mouse_move,,,,,,,1093.0,395.0,1784665752311.0,,
6a5fd69c5409b7b2c137b85b,,,mouse_move,,,,,,,1093.0,397.0,1784665752319.0,,
6a5fd69c5409b7b2c137b85c,,,mouse_move,,,,,,,1092.0,399.0,1784665752328.0,,
6a5fd69c5409b7b2c137b85d,,,mouse_move,,,,,,,1091.0,400.0,1784665752336.0,,
6a5fd69c5409b7b2c137b85e,,,mouse_move,,,,,,,1090.0,401.0,1784665752347.0,,
6a5fd69c5409b7b2c137b85f,,,mouse_move,,,,,,,1090.0,402.0,1784665752370.0,,
6a5fd69c5409b7b2c137b860,,,mouse_move,,,,,,,1089.0,404.0,1784665752394.0,,
6a5fd69c5409b7b2c137b861,,,mouse_move,,,,,,,1088.0,404.0,1784665752403.0,,
6a5fd69c5409b7b2c137b862,,,mouse_move,,,,,,,1087.0,405.0,1784665752412.0,,
6a5fd69c5409b7b2c137b863,,,mouse_move,,,,,,,1086.0,407.0,1784665752419.0,,
6a5fd69c5409b7b2c137b864,,,mouse_move,,,,,,,1085.0,409.0,1784665752444.0,,
6a5fd69c5409b7b2c137b865,,,mouse_move,,,,,,,1084.0,410.0,1784665752452.0,,
6a5fd69c5409b7b2c137b866,,,mouse_move,,,,,,,1083.0,411.0,1784665752461.0,,
6a5fd69c5409b7b2c137b867,,,mouse_move,,,,,,,1083.0,413.0,1784665752470.0,,
6a5fd69c5409b7b2c137b868,,,mouse_move,,,,,,,1082.0,413.0,1784665752477.0,,
6a5fd69c5409b7b2c137b869,,,mouse_move,,,,,,,1082.0,414.0,1784665752486.0,,
6a5fd69c5409b7b2c137b86a,,,mouse_move,,,,,,,1081.0,415.0,1784665752494.0,,
6a5fd69c5409b7b2c137b86b,,,mouse_move,,,,,,,1079.0,417.0,1784665752508.0,,
6a5fd69c5409b7b2c137b86c,,,mouse_move,,,,,,,1079.0,418.0,1784665752516.0,,
6a5fd69c5409b7b2c137b86d,,,mouse_move,,,,,,,1076.0,422.0,1784665752537.0,,
6a5fd69c5409b7b2c137b86e,,,mouse_move,,,,,,,1070.0,427.0,1784665752551.0,,
6a5fd69c5409b7b2c137b86f,,,mouse_move,,,,,,,1068.0,429.0,1784665752557.0,,
6a5fd69c5409b7b2c137b870,,,mouse_move,,,,,,,1065.0,430.0,1784665752564.0,,
6a5fd69c5409b7b2c137b871,,,mouse_move,,,,,,,1058.0,432.0,1784665752572.0,,
6a5fd69c5409b7b2c137b872,,,mouse_move,,,,,,,1052.0,432.0,1784665752580.0,,
6a5fd69c5409b7b2c137b873,,,mouse_move,,,,,,,1043.0,432.0,1784665752588.0,,
6a5fd69c5409b7b2c137b874,,,mouse_move,,,,,,,1028.0,431.0,1784665752597.0,,
6a5fd69c5409b7b2c137b875,,,mouse_move,,,,,,,1015.0,429.0,1784665752604.0,,
6a5fd69c5409b7b2c137b876,,,mouse_move,,,,,,,992.0,419.0,1784665752613.0,,
6a5fd69c5409b7b2c137b877,,,mouse_move,,,,,,,964.0,407.0,1784665752620.0,,
6a5fd69c5409b7b2c137b878,,,mouse_move,,,,,,,930.0,389.0,1784665752628.0,,
6a5fd69c5409b7b2c137b879,,,mouse_move,,,,,,,884.0,364.0,1784665752637.0,,
6a5fd69c5409b7b2c137b87a,,,mouse_move,,,,,,,833.0,331.0,1784665752646.0,,
6a5fd69c5409b7b2c137b87b,,,mouse_move,,,,,,,795.0,302.0,1784665752655.0,,
6a5fd69c5409b7b2c137b87c,,,mouse_move,,,,,,,746.0,270.0,1784665752661.0,,
6a5fd69c5409b7b2c137b87d,,,mouse_move,,,,,,,711.0,246.0,1784665752668.0,,
6a5fd69c5409b7b2c137b87e,,,mouse_move,,,,,,,678.0,224.0,1784665752676.0,,
6a5fd69c5409b7b2c137b87f,,,mouse_move,,,,,,,638.0,199.0,1784665752684.0,,
6a5fd69c5409b7b2c137b880,,,mouse_move,,,,,,,611.0,182.0,1784665752692.0,,
6a5fd69c5409b7b2c137b881,,,mouse_move,,,,,,,574.0,162.0,1784665752701.0,,
6a5fd69c5409b7b2c137b882,,,mouse_move,,,,,,,558.0,152.0,1784665752710.0,,
6a5fd69c5409b7b2c137b883,,,mouse_move,,,,,,,522.0,138.0,1784665752718.0,,
6a5fd69c5409b7b2c137b884,,,mouse_move,,,,,,,497.0,130.0,1784665752726.0,,
6a5fd69c5409b7b2c137b885,,,mouse_move,,,,,,,468.0,124.0,1784665752734.0,,
6a5fd69c5409b7b2c137b886,,,mouse_move,,,,,,,430.0,113.0,1784665752742.0,,
6a5fd69c5409b7b2c137b887,,,mouse_move,,,,,,,403.0,107.0,1784665752750.0,,
6a5fd69c5409b7b2c137b888,,,mouse_move,,,,,,,371.0,100.0,1784665752760.0,,
6a5fd69c5409b7b2c137b889,,,mouse_move,,,,,,,350.0,94.0,1784665752768.0,,
6a5fd69c5409b7b2c137b88a,,,mouse_move,,,,,,,335.0,88.0,1784665752776.0,,
6a5fd69c5409b7b2c137b88b,,,mouse_move,,,,,,,317.0,80.0,1784665752785.0,,
6a5fd69c5409b7b2c137b88c,,,mouse_move,,,,,,,307.0,73.0,1784665752792.0,,
6a5fd69c5409b7b2c137b88d,,,mouse_move,,,,,,,302.0,67.0,1784665752801.0,,
6a5fd69c5409b7b2c137b88e,,,mouse_move,,,,,,,295.0,58.0,1784665752810.0,,
6a5fd69c5409b7b2c137b88f,,,mouse_move,,,,,,,290.0,51.0,1784665752818.0,,
6a5fd69c5409b7b2c137b890,,,mouse_move,,,,,,,284.0,41.0,1784665752826.0,,
6a5fd69c5409b7b2c137b891,,,mouse_move,,,,,,,279.0,34.0,1784665752834.0,,
6a5fd69c5409b7b2c137b892,,,mouse_move,,,,,,,275.0,28.0,1784665752843.0,,
6a5fd69c5409b7b2c137b893,,,mouse_move,,,,,,,270.0,20.0,1784665752851.0,,
6a5fd69c5409b7b2c137b894,,,mouse_move,,,,,,,259.0,8.0,1784665752860.0,,
6a5fd69c5409b7b2c137b895,,,mouse_move,,,,,,,251.0,1.0,1784665752867.0,,
6a5fd7137096f0a31879b0ab,,,mouse_move,,,,,,,869.0,571.0,1784665865859.0,,
6a5fd7137096f0a31879b0ac,,,mouse_move,,,,,,,869.0,570.0,1784665865865.0,,
6a5fd7137096f0a31879b0ad,,,mouse_move,,,,,,,869.0,568.0,1784665865877.0,,
6a5fd7137096f0a31879b0ae,,,mouse_move,,,,,,,870.0,567.0,1784665865894.0,,
6a5fd7137096f0a31879b0af,,,mouse_move,,,,,,,871.0,565.0,1784665865901.0,,
6a5fd7137096f0a31879b0b0,,,mouse_move,,,,,,,886.0,562.0,1784665865924.0,,
6a5fd7137096f0a31879b0b1,,,mouse_move,,,,,,,888.0,562.0,1784665865934.0,,
6a5fd7137096f0a31879b0b2,,,mouse_move,,,,,,,888.0,561.0,1784665865942.0,,
6a5fd7137096f0a31879b0b3,,,mouse_move,,,,,,,889.0,561.0,1784665865969.0,,
6a5fd7137096f0a31879b0b4,,,mouse_move,,,,,,,889.0,560.0,1784665866190.0,,
6a5fd7137096f0a31879b0b5,,,mouse_move,,,,,,,887.0,558.0,1784665866199.0,,
6a5fd7137096f0a31879b0b6,,,mouse_move,,,,,,,885.0,556.0,1784665866207.0,,
6a5fd7137096f0a31879b0b7,,,mouse_move,,,,,,,884.0,554.0,1784665866216.0,,
6a5fd7137096f0a31879b0b8,,,mouse_move,,,,,,,828.0,510.0,1784665866297.0,,
6a5fd7137096f0a31879b0b9,,,mouse_move,,,,,,,818.0,499.0,1784665866298.0,,
6a5fd7137096f0a31879b0ba,,,mouse_move,,,,,,,805.0,479.0,1784665866305.0,,
6a5fd7137096f0a31879b0bb,,,mouse_move,,,,,,,794.0,463.0,1784665866314.0,,
6a5fd7137096f0a31879b0bc,,,mouse_move,,,,,,,783.0,444.0,1784665866322.0,,
6a5fd7137096f0a31879b0bd,,,mouse_move,,,,,,,769.0,418.0,1784665866331.0,,
6a5fd7137096f0a31879b0be,,,mouse_move,,,,,,,761.0,405.0,1784665866340.0,,
6a5fd7137096f0a31879b0bf,,,mouse_move,,,,,,,754.0,393.0,1784665866347.0,,
6a5fd7137096f0a31879b0c0,,,mouse_move,,,,,,,748.0,385.0,1784665866357.0,,
6a5fd7137096f0a31879b0c1,,,mouse_move,,,,,,,742.0,380.0,1784665866364.0,,
6a5fd7137096f0a31879b0c2,,,mouse_move,,,,,,,736.0,378.0,1784665866372.0,,
6a5fd7137096f0a31879b0c3,,,mouse_move,,,,,,,731.0,377.0,1784665866379.0,,
6a5fd7137096f0a31879b0c4,,,mouse_move,,,,,,,728.0,377.0,1784665866387.0,,
6a5fd7137096f0a31879b0c5,,,mouse_move,,,,,,,727.0,377.0,1784665866407.0,,
6a5fd7137096f0a31879b0c6,,,mouse_move,,,,,,,726.0,377.0,1784665866588.0,,
6a5fd7137096f0a31879b0c7,,,mouse_move,,,,,,,725.0,378.0,1784665866652.0,,
6a5fd7137096f0a31879b0c8,,,mouse_move,,,,,,,724.0,379.0,1784665866660.0,,
6a5fd7137096f0a31879b0c9,,,mouse_move,,,,,,,723.0,380.0,1784665866666.0,,
6a5fd7137096f0a31879b0ca,,,mouse_move,,,,,,,723.0,381.0,1784665866671.0,,
6a5fd7137096f0a31879b0cb,,,mouse_move,,,,,,,723.0,382.0,1784665866789.0,,
6a5fd7137096f0a31879b0cc,,,mouse_move,,,,,,,723.0,383.0,1784665866804.0,,
6a5fd7137096f0a31879b0cd,,,mouse_move,,,,,,,723.0,384.0,1784665866824.0,,
6a5fd7137096f0a31879b0ce,,,mouse_move,,,,,,,723.0,385.0,1784665866831.0,,
6a5fd7137096f0a31879b0cf,,,mouse_move,,,,,,,723.0,386.0,1784665866840.0,,
6a5fd7137096f0a31879b0d0,,,mouse_move,,,,,,,723.0,387.0,1784665866849.0,,
6a5fd7137096f0a31879b0d1,,,mouse_move,,,,,,,723.0,388.0,1784665866990.0,,
6a5fd7137096f0a31879b0d2,,,mouse_move,,,,,,,724.0,389.0,1784665867013.0,,
6a5fd7137096f0a31879b0d3,,,mouse_move,,,,,,,724.0,390.0,1784665867021.0,,
6a5fd7137096f0a31879b0d4,,,mouse_move,,,,,,,725.0,391.0,1784665867030.0,,
6a5fd7137096f0a31879b0d5,,,mouse_move,,,,,,,725.0,392.0,1784665867037.0,,
6a5fd7137096f0a31879b0d6,,,mouse_move,,,,,,,726.0,392.0,1784665867046.0,,
6a5fd7137096f0a31879b0d7,,,mouse_move,,,,,,,727.0,394.0,1784665867054.0,,
6a5fd7137096f0a31879b0d8,,,mouse_move,,,,,,,727.0,395.0,1784665867064.0,,
6a5fd7137096f0a31879b0d9,,,mouse_move,,,,,,,728.0,395.0,1784665867070.0,,
6a5fd7137096f0a31879b0da,,,mouse_move,,,,,,,728.0,396.0,1784665867079.0,,
6a5fd7137096f0a31879b0db,,,mouse_move,,,,,,,729.0,397.0,1784665867096.0,,
6a5fd7137096f0a31879b0dc,,,mouse_move,,,,,,,730.0,398.0,1784665867105.0,,
6a5fd7137096f0a31879b0dd,,,mouse_move,,,,,,,730.0,399.0,1784665867121.0,,
6a5fd7137096f0a31879b0de,,,mouse_move,,,,,,,730.0,400.0,1784665867138.0,,
6a5fd7137096f0a31879b0df,,,mouse_move,,,,,,,731.0,401.0,1784665867154.0,,
6a5fd7137096f0a31879b0e0,,,mouse_move,,,,,,,731.0,402.0,1784665867162.0,,
6a5fd7137096f0a31879b0e1,,,mouse_move,,,,,,,732.0,405.0,1784665867171.0,,
6a5fd7137096f0a31879b0e2,,,mouse_move,,,,,,,733.0,407.0,1784665867182.0,,
6a5fd7137096f0a31879b0e3,,,mouse_move,,,,,,,733.0,408.0,1784665867223.0,,
6a5fd7137096f0a31879b0e4,,,mouse_move,,,,,,,733.0,409.0,1784665867892.0,,
6a5fd7137096f0a31879b0e5,,,mouse_move,,,,,,,733.0,410.0,1784665867942.0,,
6a5fd7137096f0a31879b0e6,,,mouse_move,,,,,,,734.0,410.0,1784665867976.0,,
6a5fd7137096f0a31879b0e7,,,mouse_move,,,,,,,734.0,411.0,1784665868058.0,,
6a5fd7137096f0a31879b0e8,,,mouse_move,,,,,,,734.0,412.0,1784665868075.0,,
6a5fd7137096f0a31879b0e9,,,mouse_move,,,,,,,735.0,413.0,1784665868108.0,,
6a5fd7137096f0a31879b0ea,,,mouse_move,,,,,,,735.0,414.0,1784665868166.0,,
6a5fd7137096f0a31879b0eb,,,mouse_move,,,,,,,735.0,415.0,1784665868195.0,,
6a5fd7137096f0a31879b0ec,,,mouse_move,,,,,,,735.0,416.0,1784665868219.0,,
6a5fd7137096f0a31879b0ed,,,mouse_move,,,,,,,736.0,417.0,1784665868411.0,,
6a5fd7137096f0a31879b0ee,,,mouse_move,,,,,,,736.0,418.0,1784665868433.0,,
6a5fd7137096f0a31879b0ef,,,mouse_move,,,,,,,736.0,419.0,1784665868443.0,,
6a5fd7137096f0a31879b0f0,,,mouse_move,,,,,,,736.0,420.0,1784665868469.0,,
6a5fd7137096f0a31879b0f1,,,mouse_move,,,,,,,737.0,420.0,1784665868757.0,,
6a5fd7137096f0a31879b0f2,,,mouse_move,,,,,,,737.0,419.0,1784665868965.0,,
6a5fd7137096f0a31879b0f3,,,mouse_move,,,,,,,737.0,417.0,1784665868974.0,,
6a5fd7137096f0a31879b0f4,,,mouse_move,,,,,,,737.0,416.0,1784665868981.0,,
6a5fd7137096f0a31879b0f5,,,mouse_move,,,,,,,737.0,415.0,1784665868991.0,,
6a5fd7137096f0a31879b0f6,,,mouse_move,,,,,,,737.0,414.0,1784665869000.0,,
6a5fd7137096f0a31879b0f7,,,mouse_move,,,,,,,737.0,413.0,1784665869025.0,,
6a5fd7137096f0a31879b0f8,,,mouse_move,,,,,,,730.0,408.0,1784665869032.0,,
6a5fd7137096f0a31879b0f9,,,mouse_move,,,,,,,723.0,402.0,1784665869041.0,,
6a5fd7137096f0a31879b0fa,,,mouse_move,,,,,,,718.0,397.0,1784665869049.0,,
6a5fd7137096f0a31879b0fb,,,mouse_move,,,,,,,715.0,393.0,1784665869057.0,,
6a5fd7137096f0a31879b0fc,,,mouse_move,,,,,,,714.0,390.0,1784665869065.0,,
6a5fd7137096f0a31879b0fd,,,mouse_move,,,,,,,714.0,388.0,1784665869074.0,,
6a5fd7137096f0a31879b0fe,,,mouse_move,,,,,,,716.0,385.0,1784665869091.0,,
6a5fd7137096f0a31879b0ff,,,mouse_move,,,,,,,721.0,380.0,1784665869098.0,,
6a5fd7137096f0a31879b100,,,mouse_move,,,,,,,723.0,378.0,1784665869107.0,,
6a5fd7137096f0a31879b101,,,mouse_move,,,,,,,726.0,367.0,1784665869121.0,,
6a5fd7137096f0a31879b102,,,mouse_move,,,,,,,724.0,364.0,1784665869128.0,,
6a5fd7137096f0a31879b103,,,mouse_move,,,,,,,719.0,358.0,1784665869137.0,,
6a5fd7137096f0a31879b104,,,mouse_move,,,,,,,715.0,355.0,1784665869145.0,,
6a5fd7137096f0a31879b105,,,mouse_move,,,,,,,712.0,351.0,1784665869154.0,,
6a5fd7137096f0a31879b106,,,mouse_move,,,,,,,708.0,346.0,1784665869163.0,,
6a5fd7137096f0a31879b107,,,mouse_move,,,,,,,707.0,346.0,1784665869179.0,,
6a5fd7137096f0a31879b108,,,mouse_move,,,,,,,707.0,345.0,1784665869187.0,,
6a5fd7137096f0a31879b109,,,mouse_move,,,,,,,707.0,343.0,1784665869221.0,,
6a5fd7137096f0a31879b10a,,,mouse_move,,,,,,,707.0,342.0,1784665869230.0,,
6a5fd7137096f0a31879b10b,,,mouse_move,,,,,,,709.0,339.0,1784665869236.0,,
6a5fd7137096f0a31879b10c,,,mouse_move,,,,,,,711.0,337.0,1784665869245.0,,
6a5fd7137096f0a31879b10d,,,mouse_move,,,,,,,714.0,334.0,1784665869254.0,,
6a5fd7137096f0a31879b10e,,,mouse_move,,,,,,,715.0,331.0,1784665869263.0,,
6a5fd7137096f0a31879b10f,,,mouse_move,,,,,,,716.0,331.0,1784665869270.0,,
6a5fd7137096f0a31879b110,,,mouse_move,,,,,,,716.0,330.0,1784665869278.0,,
6a5fd7137096f0a31879b111,,,mouse_move,,,,,,,718.0,329.0,1784665869284.0,,
6a5fd7137096f0a31879b112,,,mouse_move,,,,,,,719.0,328.0,1784665869303.0,,
6a5fd7137096f0a31879b113,,,mouse_move,,,,,,,721.0,327.0,1784665869321.0,,
6a5fd7137096f0a31879b114,,,mouse_move,,,,,,,722.0,327.0,1784665869337.0,,
6a5fd7137096f0a31879b115,,,mouse_move,,,,,,,723.0,327.0,1784665869346.0,,
6a5fd7137096f0a31879b116,,,mouse_move,,,,,,,723.0,328.0,1784665869512.0,,
6a5fd7137096f0a31879b117,,,mouse_move,,,,,,,723.0,329.0,1784665869546.0,,
6a5fd7137096f0a31879b118,,,mouse_move,,,,,,,722.0,330.0,1784665869554.0,,
6a5fd7137096f0a31879b119,,,mouse_move,,,,,,,721.0,332.0,1784665869562.0,,
6a5fd7137096f0a31879b11a,,,mouse_move,,,,,,,719.0,334.0,1784665869570.0,,
6a5fd7137096f0a31879b11b,,,mouse_move,,,,,,,719.0,342.0,1784665869579.0,,
6a5fd7137096f0a31879b11c,,,mouse_move,,,,,,,719.0,349.0,1784665869587.0,,
6a5fd7137096f0a31879b11d,,,mouse_move,,,,,,,719.0,356.0,1784665869596.0,,
6a5fd7137096f0a31879b11e,,,mouse_move,,,,,,,719.0,358.0,1784665869612.0,,
6a5fd7137096f0a31879b11f,,,mouse_move,,,,,,,720.0,359.0,1784665869621.0,,
6a5fd7137096f0a31879b120,,,mouse_move,,,,,,,720.0,360.0,1784665869655.0,,
6a5fd7137096f0a31879b121,,,mouse_move,,,,,,,724.0,358.0,1784665869671.0,,
6a5fd7137096f0a31879b122,,,mouse_move,,,,,,,731.0,353.0,1784665869680.0,,
6a5fd7137096f0a31879b123,,,mouse_move,,,,,,,739.0,348.0,1784665869687.0,,
6a5fd7137096f0a31879b124,,,mouse_move,,,,,,,745.0,343.0,1784665869695.0,,
6a5fd7137096f0a31879b125,,,mouse_move,,,,,,,747.0,341.0,1784665869704.0,,
6a5fd7137096f0a31879b126,,,mouse_move,,,,,,,748.0,340.0,1784665869712.0,,
6a5fd7137096f0a31879b127,,,mouse_move,,,,,,,745.0,353.0,1784665869745.0,,
6a5fd7137096f0a31879b128,,,mouse_move,,,,,,,738.0,378.0,1784665869754.0,,
6a5fd7137096f0a31879b129,,,mouse_move,,,,,,,738.0,402.0,1784665869770.0,,
6a5fd7137096f0a31879b12a,,,mouse_move,,,,,,,738.0,422.0,1784665869788.0,,
6a5fd7137096f0a31879b12b,,,mouse_move,,,,,,,738.0,426.0,1784665869795.0,,
6a5fd7137096f0a31879b12c,,,mouse_move,,,,,,,739.0,428.0,1784665869805.0,,
6a5fd7137096f0a31879b12d,,,mouse_move,,,,,,,740.0,429.0,1784665869813.0,,
6a5fd7137096f0a31879b12e,,,mouse_move,,,,,,,741.0,428.0,1784665869846.0,,
6a5fd7137096f0a31879b12f,,,mouse_move,,,,,,,741.0,426.0,1784665869853.0,,
6a5fd7137096f0a31879b130,,,mouse_move,,,,,,,742.0,423.0,1784665869862.0,,
6a5fd7137096f0a31879b131,,,mouse_move,,,,,,,744.0,415.0,1784665869871.0,,
6a5fd7137096f0a31879b132,,,mouse_move,,,,,,,747.0,408.0,1784665869879.0,,
6a5fd7137096f0a31879b133,,,mouse_move,,,,,,,749.0,402.0,1784665869888.0,,
6a5fd7137096f0a31879b134,,,mouse_move,,,,,,,752.0,395.0,1784665869896.0,,
6a5fd7137096f0a31879b135,,,mouse_move,,,,,,,753.0,391.0,1784665869903.0,,
6a5fd7137096f0a31879b136,,,mouse_move,,,,,,,755.0,386.0,1784665869912.0,,
6a5fd7137096f0a31879b137,,,mouse_move,,,,,,,756.0,385.0,1784665869920.0,,
6a5fd7137096f0a31879b138,,,mouse_move,,,,,,,756.0,383.0,1784665869930.0,,
6a5fd7137096f0a31879b139,,,mouse_move,,,,,,,758.0,378.0,1784665869937.0,,
6a5fd7137096f0a31879b13a,,,mouse_move,,,,,,,760.0,370.0,1784665869945.0,,
6a5fd7137096f0a31879b13b,,,mouse_move,,,,,,,762.0,364.0,1784665869953.0,,
6a5fd7137096f0a31879b13c,,,mouse_move,,,,,,,767.0,355.0,1784665869963.0,,
6a5fd7137096f0a31879b13d,,,mouse_move,,,,,,,768.0,353.0,1784665869970.0,,
6a5fd7137096f0a31879b13e,,,mouse_move,,,,,,,769.0,351.0,1784665869979.0,,
6a5fd7137096f0a31879b13f,,,mouse_move,,,,,,,770.0,351.0,1784665869987.0,,
6a5fd7137096f0a31879b140,,,mouse_move,,,,,,,771.0,351.0,1784665869996.0,,
6a5fd7137096f0a31879b141,,,mouse_move,,,,,,,772.0,350.0,1784665870004.0,,
6a5fd7137096f0a31879b142,,,mouse_move,,,,,,,773.0,350.0,1784665870012.0,,
6a5fd7137096f0a31879b143,,,mouse_move,,,,,,,774.0,350.0,1784665870028.0,,
6a5fd7137096f0a31879b144,,,mouse_move,,,,,,,775.0,352.0,1784665870036.0,,
6a5fd7137096f0a31879b145,,,mouse_move,,,,,,,775.0,358.0,1784665870043.0,,
6a5fd7137096f0a31879b146,,,mouse_move,,,,,,,775.0,362.0,1784665870051.0,,
6a5fd7137096f0a31879b147,,,mouse_move,,,,,,,775.0,365.0,1784665870060.0,,
6a5fd7137096f0a31879b148,,,mouse_move,,,,,,,775.0,367.0,1784665870068.0,,
6a5fd7137096f0a31879b149,,,mouse_move,,,,,,,776.0,365.0,1784665870115.0,,
6a5fd7137096f0a31879b14a,,,mouse_move,,,,,,,776.0,364.0,1784665870138.0,,
6a5fd7137096f0a31879b14b,,,mouse_move,,,,,,,776.0,363.0,1784665870172.0,,
6a5fd7137096f0a31879b14c,,,mouse_move,,,,,,,777.0,363.0,1784665870184.0,,
6a5fd7137096f0a31879b14d,,,mouse_move,,,,,,,778.0,363.0,1784665870189.0,,
6a5fd7137096f0a31879b14e,,,mouse_move,,,,,,,780.0,365.0,1784665870197.0,,
6a5fd7137096f0a31879b14f,,,mouse_move,,,,,,,781.0,367.0,1784665870203.0,,
6a5fd7137096f0a31879b150,,,mouse_move,,,,,,,783.0,371.0,1784665870212.0,,
6a5fd7137096f0a31879b151,,,mouse_move,,,,,,,783.0,374.0,1784665870222.0,,
6a5fd7137096f0a31879b152,,,mouse_move,,,,,,,785.0,377.0,1784665870228.0,,
6a5fd7137096f0a31879b153,,,mouse_move,,,,,,,786.0,380.0,1784665870238.0,,
6a5fd7137096f0a31879b154,,,mouse_move,,,,,,,787.0,382.0,1784665870245.0,,
6a5fd7137096f0a31879b155,,,mouse_move,,,,,,,787.0,384.0,1784665870254.0,,
6a5fd7137096f0a31879b156,,,mouse_move,,,,,,,788.0,385.0,1784665870266.0,,
6a5fd7137096f0a31879b157,,,mouse_move,,,,,,,789.0,385.0,1784665870287.0,,
6a5fd7137096f0a31879b158,,,mouse_move,,,,,,,790.0,386.0,1784665870295.0,,
6a5fd7137096f0a31879b159,,,mouse_move,,,,,,,794.0,388.0,1784665870304.0,,
6a5fd7137096f0a31879b15a,,,mouse_move,,,,,,,796.0,389.0,1784665870313.0,,
6a5fd7137096f0a31879b15b,,,mouse_move,,,,,,,798.0,391.0,1784665870321.0,,
6a5fd7137096f0a31879b15c,,,mouse_move,,,,,,,799.0,391.0,1784665870330.0,,
6a5fd7137096f0a31879b15d,,,mouse_move,,,,,,,801.0,391.0,1784665870337.0,,
6a5fd7137096f0a31879b15e,,,mouse_move,,,,,,,804.0,394.0,1784665870363.0,,
6a5fd7137096f0a31879b15f,,,mouse_move,,,,,,,813.0,398.0,1784665870372.0,,
6a5fd7137096f0a31879b160,,,mouse_move,,,,,,,825.0,403.0,1784665870379.0,,
6a5fd7137096f0a31879b161,,,mouse_move,,,,,,,835.0,406.0,1784665870387.0,,
6a5fd7137096f0a31879b162,,,mouse_move,,,,,,,848.0,410.0,1784665870395.0,,
6a5fd7137096f0a31879b163,,,mouse_move,,,,,,,856.0,412.0,1784665870405.0,,
6a5fd7137096f0a31879b164,,,mouse_move,,,,,,,864.0,415.0,1784665870412.0,,
6a5fd7137096f0a31879b165,,,mouse_move,,,,,,,869.0,415.0,1784665870421.0,,
6a5fd7137096f0a31879b166,,,mouse_move,,,,,,,872.0,417.0,1784665870431.0,,
6a5fd7137096f0a31879b167,,,mouse_move,,,,,,,873.0,418.0,1784665870438.0,,
6a5fd7137096f0a31879b168,,,mouse_move,,,,,,,876.0,420.0,1784665870446.0,,
6a5fd7137096f0a31879b169,,,mouse_move,,,,,,,876.0,422.0,1784665870454.0,,
6a5fd7137096f0a31879b16a,,,mouse_move,,,,,,,877.0,424.0,1784665870463.0,,
6a5fd7137096f0a31879b16b,,,mouse_move,,,,,,,878.0,427.0,1784665870471.0,,
6a5fd7137096f0a31879b16c,,,mouse_move,,,,,,,879.0,431.0,1784665870480.0,,
6a5fd7137096f0a31879b16d,,,mouse_move,,,,,,,880.0,434.0,1784665870487.0,,
6a5fd7137096f0a31879b16e,,,mouse_move,,,,,,,882.0,436.0,1784665870495.0,,
6a5fd7137096f0a31879b16f,,,mouse_move,,,,,,,884.0,437.0,1784665870504.0,,
6a5fd7137096f0a31879b170,,,mouse_move,,,,,,,886.0,438.0,1784665870513.0,,
6a5fd7137096f0a31879b171,,,mouse_move,,,,,,,888.0,438.0,1784665870521.0,,
6a5fd7137096f0a31879b172,,,mouse_move,,,,,,,889.0,438.0,1784665870529.0,,
6a5fd7137096f0a31879b173,,,mouse_move,,,,,,,890.0,438.0,1784665870537.0,,
6a5fd7137096f0a31879b174,,,mouse_move,,,,,,,891.0,438.0,1784665870546.0,,
6a5fd7137096f0a31879b175,,,mouse_move,,,,,,,892.0,438.0,1784665870571.0,,
6a5fd7137096f0a31879b176,,,mouse_move,,,,,,,893.0,438.0,1784665870595.0,,
6a5fd7137096f0a31879b177,,,mouse_move,,,,,,,894.0,438.0,1784665870620.0,,
6a5fd7137096f0a31879b178,,,mouse_move,,,,,,,894.0,437.0,1784665870699.0,,
6a5fd7137096f0a31879b179,,,mouse_move,,,,,,,894.0,436.0,1784665870707.0,,
6a5fd7137096f0a31879b17a,,,mouse_move,,,,,,,894.0,434.0,1784665870715.0,,
6a5fd7137096f0a31879b17b,,,mouse_move,,,,,,,895.0,433.0,1784665870723.0,,
6a5fd7137096f0a31879b17c,,,mouse_move,,,,,,,896.0,430.0,1784665870731.0,,
6a5fd7137096f0a31879b17d,,,mouse_move,,,,,,,896.0,428.0,1784665870739.0,,
6a5fd7137096f0a31879b17e,,,mouse_move,,,,,,,900.0,421.0,1784665870747.0,,
6a5fd7137096f0a31879b17f,,,mouse_move,,,,,,,908.0,411.0,1784665870754.0,,
6a5fd7137096f0a31879b180,,,mouse_move,,,,,,,912.0,405.0,1784665870762.0,,
6a5fd7137096f0a31879b181,,,mouse_move,,,,,,,915.0,402.0,1784665870771.0,,
6a5fd7137096f0a31879b182,,,mouse_move,,,,,,,918.0,398.0,1784665870778.0,,
6a5fd7137096f0a31879b183,,,mouse_move,,,,,,,919.0,398.0,1784665870787.0,,
6a5fd7137096f0a31879b184,,,mouse_move,,,,,,,919.0,399.0,1784665870899.0,,
6a5fd7137096f0a31879b185,,,mouse_move,,,,,,,919.0,402.0,1784665870907.0,,
6a5fd7137096f0a31879b186,,,mouse_move,,,,,,,919.0,404.0,1784665870914.0,,
6a5fd7137096f0a31879b187,,,mouse_move,,,,,,,919.0,407.0,1784665870923.0,,
6a5fd7137096f0a31879b188,,,mouse_move,,,,,,,919.0,410.0,1784665870929.0,,
6a5fd7137096f0a31879b189,,,mouse_move,,,,,,,919.0,413.0,1784665870939.0,,
6a5fd7137096f0a31879b18a,,,mouse_move,,,,,,,919.0,414.0,1784665870947.0,,
6a5fd7137096f0a31879b18b,,,mouse_move,,,,,,,919.0,415.0,1784665870954.0,,
6a5fd7137096f0a31879b18c,,,mouse_move,,,,,,,918.0,417.0,1784665870963.0,,
6a5fd7137096f0a31879b18d,,,mouse_move,,,,,,,917.0,418.0,1784665870971.0,,
6a5fd7137096f0a31879b18e,,,mouse_move,,,,,,,916.0,419.0,1784665870979.0,,
6a5fd7137096f0a31879b18f,,,mouse_move,,,,,,,916.0,420.0,1784665870988.0,,
6a5fd7137096f0a31879b190,,,mouse_move,,,,,,,913.0,421.0,1784665870996.0,,
6a5fd7137096f0a31879b191,,,mouse_move,,,,,,,913.0,422.0,1784665871004.0,,
6a5fd7137096f0a31879b192,,,mouse_move,,,,,,,912.0,423.0,1784665871012.0,,
6a5fd7137096f0a31879b193,,,mouse_move,,,,,,,911.0,425.0,1784665871026.0,,
6a5fd7137096f0a31879b194,,,mouse_move,,,,,,,910.0,427.0,1784665871034.0,,
6a5fd7137096f0a31879b195,,,mouse_move,,,,,,,909.0,429.0,1784665871042.0,,
6a5fd7137096f0a31879b196,,,mouse_move,,,,,,,909.0,431.0,1784665871050.0,,
6a5fd7137096f0a31879b197,,,mouse_move,,,,,,,906.0,435.0,1784665871058.0,,
6a5fd7137096f0a31879b198,,,mouse_move,,,,,,,905.0,438.0,1784665871066.0,,
6a5fd7137096f0a31879b199,,,mouse_move,,,,,,,903.0,443.0,1784665871074.0,,
6a5fd7137096f0a31879b19a,,,mouse_move,,,,,,,901.0,446.0,1784665871082.0,,
6a5fd7137096f0a31879b19b,,,mouse_move,,,,,,,898.0,450.0,1784665871090.0,,
6a5fd7137096f0a31879b19c,,,mouse_move,,,,,,,898.0,451.0,1784665871098.0,,
6a5fd7137096f0a31879b19d,,,mouse_move,,,,,,,897.0,453.0,1784665871106.0,,
6a5fd7137096f0a31879b19e,,,mouse_move,,,,,,,897.0,454.0,1784665871114.0,,
6a5fd7137096f0a31879b19f,,,mouse_move,,,,,,,896.0,456.0,1784665871122.0,,
6a5fd7137096f0a31879b1a0,,,mouse_move,,,,,,,896.0,457.0,1784665871145.0,,
6a5fd7137096f0a31879b1a1,,,mouse_move,,,,,,,895.0,458.0,1784665871154.0,,
6a5fd7137096f0a31879b1a2,,,mouse_move,,,,,,,895.0,459.0,1784665871195.0,,
6a5fd7137096f0a31879b1a3,,,mouse_move,,,,,,,894.0,461.0,1784665871210.0,,
6a5fd7137096f0a31879b1a4,,,mouse_move,,,,,,,893.0,462.0,1784665871228.0,,
6a5fd7137096f0a31879b1a5,,,mouse_move,,,,,,,893.0,463.0,1784665871239.0,,
6a5fd7137096f0a31879b1a6,,,mouse_move,,,,,,,893.0,464.0,1784665871247.0,,
6a5fd7137096f0a31879b1a7,,,mouse_move,,,,,,,893.0,465.0,1784665871254.0,,
6a5fd7137096f0a31879b1a8,,,mouse_move,,,,,,,892.0,465.0,1784665871268.0,,
6a5fd7137096f0a31879b1a9,,,mouse_move,,,,,,,892.0,466.0,1784665871276.0,,
6a5fd7137096f0a31879b1aa,,,mouse_move,,,,,,,892.0,467.0,1784665871307.0,,
6a5fd7137096f0a31879b1ab,,,mouse_move,,,,,,,892.0,468.0,1784665871363.0,,
6a5fd7137096f0a31879b1ac,,,mouse_move,,,,,,,892.0,467.0,1784665871617.0,,
6a5fd7137096f0a31879b1ad,,,mouse_move,,,,,,,892.0,466.0,1784665871639.0,,
6a5fd7137096f0a31879b1ae,,,mouse_move,,,,,,,892.0,465.0,1784665871647.0,,
6a5fd7137096f0a31879b1af,,,mouse_move,,,,,,,891.0,465.0,1784665871655.0,,
6a5fd7137096f0a31879b1b0,,,mouse_move,,,,,,,891.0,464.0,1784665871672.0,,
6a5fd7137096f0a31879b1b1,,,mouse_move,,,,,,,891.0,463.0,1784665871680.0,,
6a5fd7137096f0a31879b1b2,,,mouse_move,,,,,,,890.0,463.0,1784665871697.0,,
6a5fd7137096f0a31879b1b3,,,mouse_move,,,,,,,889.0,463.0,1784665871713.0,,
6a5fd7137096f0a31879b1b4,,,mouse_move,,,,,,,887.0,463.0,1784665871731.0,,
6a5fd7137096f0a31879b1b5,,,mouse_move,,,,,,,886.0,463.0,1784665871747.0,,
6a5fd7137096f0a31879b1b6,,,mouse_move,,,,,,,885.0,463.0,1784665871764.0,,
6a5fd7137096f0a31879b1b7,,,mouse_move,,,,,,,883.0,463.0,1784665871796.0,,
6a5fd7137096f0a31879b1b8,,,mouse_move,,,,,,,882.0,463.0,1784665871805.0,,
6a5fd7137096f0a31879b1b9,,,mouse_move,,,,,,,881.0,463.0,1784665871822.0,,
6a5fd7137096f0a31879b1ba,,,mouse_move,,,,,,,880.0,463.0,1784665871857.0,,
6a5fd7137096f0a31879b1bb,,,mouse_move,,,,,,,879.0,463.0,1784665871889.0,,
6a5fd7137096f0a31879b1bc,,,mouse_move,,,,,,,878.0,463.0,1784665871897.0,,
6a5fd7137096f0a31879b1bd,,,mouse_move,,,,,,,878.0,462.0,1784665871905.0,,
6a5fd7137096f0a31879b1be,,,mouse_move,,,,,,,877.0,462.0,1784665871913.0,,
6a5fd7137096f0a31879b1bf,,,mouse_move,,,,,,,875.0,462.0,1784665871930.0,,
6a5fd7137096f0a31879b1c0,,,mouse_move,,,,,,,874.0,463.0,1784665871939.0,,
6a5fd7137096f0a31879b1c1,,,mouse_move,,,,,,,873.0,463.0,1784665871946.0,,
6a5fd7137096f0a31879b1c2,,,mouse_move,,,,,,,872.0,464.0,1784665871955.0,,
6a5fd7137096f0a31879b1c3,,,mouse_move,,,,,,,870.0,466.0,1784665871964.0,,
6a5fd7137096f0a31879b1c4,,,mouse_move,,,,,,,869.0,467.0,1784665871978.0,,
6a5fd7137096f0a31879b1c5,,,mouse_move,,,,,,,869.0,468.0,1784665871992.0,,
6a5fd7137096f0a31879b1c6,,,mouse_move,,,,,,,868.0,468.0,1784665872040.0,,
6a5fd7137096f0a31879b1c7,,,mouse_move,,,,,,,867.0,468.0,1784665872060.0,,
6a5fd7137096f0a31879b1c8,,,mouse_move,,,,,,,867.0,471.0,1784665872207.0,,
6a5fd7137096f0a31879b1c9,,,mouse_move,,,,,,,867.0,474.0,1784665872213.0,,
6a5fd7137096f0a31879b1ca,,,mouse_move,,,,,,,867.0,476.0,1784665872222.0,,
6a5fd7137096f0a31879b1cb,,,mouse_move,,,,,,,866.0,477.0,1784665872230.0,,
6a5fd7137096f0a31879b1cc,,,mouse_move,,,,,,,863.0,481.0,1784665872238.0,,
6a5fd7137096f0a31879b1cd,,,mouse_move,,,,,,,860.0,484.0,1784665872247.0,,
6a5fd7137096f0a31879b1ce,,,mouse_move,,,,,,,855.0,488.0,1784665872255.0,,
6a5fd7137096f0a31879b1cf,,,mouse_move,,,,,,,849.0,492.0,1784665872264.0,,
6a5fd7137096f0a31879b1d0,,,mouse_move,,,,,,,842.0,498.0,1784665872272.0,,
6a5fd7137096f0a31879b1d1,,,mouse_move,,,,,,,834.0,503.0,1784665872281.0,,
6a5fd7137096f0a31879b1d2,,,mouse_move,,,,,,,827.0,510.0,1784665872288.0,,
6a5fd7137096f0a31879b1d3,,,mouse_move,,,,,,,822.0,514.0,1784665872297.0,,
6a5fd7137096f0a31879b1d4,,,mouse_move,,,,,,,817.0,517.0,1784665872305.0,,
6a5fd7137096f0a31879b1d5,,,mouse_move,,,,,,,813.0,519.0,1784665872314.0,,
6a5fd7137096f0a31879b1d6,,,mouse_move,,,,,,,810.0,520.0,1784665872322.0,,
6a5fd7137096f0a31879b1d7,,,mouse_move,,,,,,,808.0,520.0,1784665872331.0,,
6a5fd7137096f0a31879b1d8,,,mouse_move,,,,,,,806.0,521.0,1784665872340.0,,
6a5fd7137096f0a31879b1d9,,,mouse_move,,,,,,,805.0,521.0,1784665872347.0,,
6a5fd7137096f0a31879b1da,,,mouse_move,,,,,,,797.0,526.0,1784665872355.0,,
6a5fd7137096f0a31879b1db,,,mouse_move,,,,,,,789.0,542.0,1784665872372.0,,
6a5fd7137096f0a31879b1dc,,,mouse_move,,,,,,,779.0,563.0,1784665872388.0,,
6a5fd7137096f0a31879b1dd,,,mouse_move,,,,,,,772.0,577.0,1784665872397.0,,
6a5fd7137096f0a31879b1de,,,mouse_move,,,,,,,768.0,587.0,1784665872406.0,,
6a5fd7137096f0a31879b1df,,,mouse_move,,,,,,,766.0,596.0,1784665872414.0,,
6a5fd7137096f0a31879b1e0,,,mouse_move,,,,,,,765.0,602.0,1784665872422.0,,
6a5fd7137096f0a31879b1e1,,,mouse_move,,,,,,,765.0,606.0,1784665872430.0,,
6a5fd7137096f0a31879b1e2,,,mouse_move,,,,,,,765.0,609.0,1784665872439.0,,
6a5fd7137096f0a31879b1e3,,,mouse_move,,,,,,,765.0,611.0,1784665872447.0,,
6a5fd7137096f0a31879b1e4,,,mouse_move,,,,,,,766.0,612.0,1784665872463.0,,
6a5fd7137096f0a31879b1e5,,,mouse_move,,,,,,,767.0,612.0,1784665872472.0,,
6a5fd7137096f0a31879b1e6,,,mouse_move,,,,,,,767.0,613.0,1784665872480.0,,
6a5fd7137096f0a31879b1e7,,,mouse_move,,,,,,,768.0,615.0,1784665872488.0,,
6a5fd7137096f0a31879b1e8,,,mouse_move,,,,,,,768.0,617.0,1784665872496.0,,
6a5fd7137096f0a31879b1e9,,,mouse_move,,,,,,,768.0,620.0,1784665872506.0,,
6a5fd7137096f0a31879b1ea,,,mouse_move,,,,,,,768.0,627.0,1784665872513.0,,
6a5fd7137096f0a31879b1eb,,,mouse_move,,,,,,,767.0,633.0,1784665872523.0,,
6a5fd7137096f0a31879b1ec,,,mouse_move,,,,,,,765.0,639.0,1784665872527.0,,
6a5fd7137096f0a31879b1ed,,,mouse_move,,,,,,,765.0,643.0,1784665872533.0,,
6a5fd7137096f0a31879b1ee,,,mouse_move,,,,,,,765.0,646.0,1784665872543.0,,
6a5fd7137096f0a31879b1ef,,,mouse_move,,,,,,,765.0,649.0,1784665872559.0,,
6a5fd7137096f0a31879b1f0,,,mouse_move,,,,,,,765.0,650.0,1784665872566.0,,
6a5fd7137096f0a31879b1f1,,,mouse_move,,,,,,,765.0,651.0,1784665872575.0,,
6a5fd7137096f0a31879b1f2,,,mouse_move,,,,,,,766.0,652.0,1784665872583.0,,
6a5fd7137096f0a31879b1f3,,,mouse_move,,,,,,,767.0,653.0,1784665872599.0,,
6a5fd7137096f0a31879b1f4,,,mouse_move,,,,,,,767.0,655.0,1784665872840.0,,
6a5fd7137096f0a31879b1f5,,,mouse_move,,,,,,,767.0,657.0,1784665872848.0,,
6a5fd7137096f0a31879b1f6,,,mouse_move,,,,,,,767.0,659.0,1784665872858.0,,
6a5fd7137096f0a31879b1f7,,,mouse_move,,,,,,,767.0,660.0,1784665872865.0,,
6a5fd7137096f0a31879b1f8,,,mouse_move,,,,,,,767.0,661.0,1784665872889.0,,
6a5fd7137096f0a31879b1f9,,,mouse_move,,,,,,,767.0,662.0,1784665872897.0,,
6a5fd7137096f0a31879b1fa,,,mouse_move,,,,,,,768.0,662.0,1784665873135.0,,
6a5fd7137096f0a31879b1fb,,,mouse_move,,,,,,,770.0,660.0,1784665873143.0,,
6a5fd7137096f0a31879b1fc,,,mouse_move,,,,,,,773.0,656.0,1784665873148.0,,
6a5fd7137096f0a31879b1fd,,,mouse_move,,,,,,,786.0,641.0,1784665873155.0,,
6a5fd7137096f0a31879b1fe,,,mouse_move,,,,,,,797.0,628.0,1784665873163.0,,
6a5fd7137096f0a31879b1ff,,,mouse_move,,,,,,,815.0,610.0,1784665873172.0,,
6a5fd7137096f0a31879b200,,,mouse_move,,,,,,,837.0,586.0,1784665873181.0,,
6a5fd7137096f0a31879b201,,,mouse_move,,,,,,,860.0,567.0,1784665873188.0,,
6a5fd7137096f0a31879b202,,,mouse_move,,,,,,,912.0,523.0,1784665873197.0,,
6a5fd7137096f0a31879b203,,,mouse_move,,,,,,,950.0,498.0,1784665873205.0,,
6a5fd7137096f0a31879b204,,,mouse_move,,,,,,,995.0,475.0,1784665873213.0,,
6a5fd7137096f0a31879b205,,,mouse_move,,,,,,,1032.0,456.0,1784665873222.0,,
6a5fd7137096f0a31879b206,,,mouse_move,,,,,,,1066.0,440.0,1784665873229.0,,
6a5fd7137096f0a31879b207,,,mouse_move,,,,,,,1104.0,425.0,1784665873239.0,,
6a5fd7137096f0a31879b208,,,mouse_move,,,,,,,1124.0,418.0,1784665873247.0,,
6a5fd7137096f0a31879b209,,,mouse_move,,,,,,,1136.0,414.0,1784665873254.0,,
6a5fd7137096f0a31879b20a,,,mouse_move,,,,,,,1141.0,412.0,1784665873264.0,,
6a5fd7137096f0a31879b20b,,,mouse_move,,,,,,,1143.0,411.0,1784665873273.0,,
6a5fd7137096f0a31879b20c,,,mouse_move,,,,,,,1144.0,411.0,1784665873288.0,,
6a5fd7137096f0a31879b20d,,,mouse_move,,,,,,,1145.0,411.0,1784665873323.0,,
6a5fd7137096f0a31879b20e,,,mouse_move,,,,,,,1146.0,412.0,1784665873380.0,,
6a5fd7137096f0a31879b20f,,,mouse_move,,,,,,,1147.0,413.0,1784665873398.0,,
6a5fd7137096f0a31879b210,,,mouse_move,,,,,,,1147.0,415.0,1784665873405.0,,
6a5fd7137096f0a31879b211,,,mouse_move,,,,,,,1148.0,415.0,1784665873413.0,,
6a5fd7137096f0a31879b212,,,mouse_move,,,,,,,1149.0,417.0,1784665873422.0,,
6a5fd7137096f0a31879b213,,,mouse_move,,,,,,,1149.0,418.0,1784665873430.0,,
6a5fd7137096f0a31879b214,,,mouse_move,,,,,,,1151.0,422.0,1784665873439.0,,
6a5fd7137096f0a31879b215,,,mouse_move,,,,,,,1151.0,425.0,1784665873447.0,,
6a5fd7137096f0a31879b216,,,mouse_move,,,,,,,1151.0,431.0,1784665873456.0,,
6a5fd7137096f0a31879b217,,,mouse_move,,,,,,,1150.0,435.0,1784665873463.0,,
6a5fd7137096f0a31879b218,,,mouse_move,,,,,,,1148.0,440.0,1784665873472.0,,
6a5fd7137096f0a31879b219,,,mouse_move,,,,,,,1144.0,444.0,1784665873480.0,,
6a5fd7137096f0a31879b21a,,,mouse_move,,,,,,,1140.0,450.0,1784665873490.0,,
6a5fd7137096f0a31879b21b,,,mouse_move,,,,,,,1135.0,457.0,1784665873497.0,,
6a5fd7137096f0a31879b21c,,,mouse_move,,,,,,,1125.0,465.0,1784665873506.0,,
6a5fd7137096f0a31879b21d,,,mouse_move,,,,,,,1118.0,472.0,1784665873514.0,,
6a5fd7137096f0a31879b21e,,,mouse_move,,,,,,,1109.0,481.0,1784665873522.0,,
6a5fd7137096f0a31879b21f,,,mouse_move,,,,,,,1101.0,487.0,1784665873531.0,,
6a5fd7137096f0a31879b220,,,mouse_move,,,,,,,1090.0,496.0,1784665873538.0,,
6a5fd7137096f0a31879b221,,,mouse_move,,,,,,,1082.0,503.0,1784665873547.0,,
6a5fd7137096f0a31879b222,,,mouse_move,,,,,,,1069.0,516.0,1784665873555.0,,
6a5fd7137096f0a31879b223,,,mouse_move,,,,,,,1064.0,520.0,1784665873564.0,,
6a5fd7137096f0a31879b224,,,mouse_move,,,,,,,1061.0,524.0,1784665873571.0,,
6a5fd7137096f0a31879b225,,,mouse_move,,,,,,,1060.0,526.0,1784665873580.0,,
6a5fd7137096f0a31879b226,,,mouse_move,,,,,,,1059.0,526.0,1784665873589.0,,
6a5fd7137096f0a31879b227,,,mouse_move,,,,,,,1059.0,528.0,1784665873596.0,,
6a5fd7137096f0a31879b228,,,mouse_move,,,,,,,1058.0,528.0,1784665873611.0,,
6a5fd7137096f0a31879b229,,,mouse_move,,,,,,,1057.0,528.0,1784665873675.0,,
6a5fd7137096f0a31879b22a,,,mouse_move,,,,,,,1056.0,528.0,1784665873698.0,,
6a5fd7137096f0a31879b22b,,,mouse_move,,,,,,,1055.0,528.0,1784665873721.0,,
6a5fd7137096f0a31879b22c,,,mouse_move,,,,,,,1054.0,528.0,1784665873731.0,,
6a5fd7137096f0a31879b22d,,,mouse_move,,,,,,,1053.0,528.0,1784665873739.0,,
6a5fd7137096f0a31879b22e,,,mouse_move,,,,,,,1052.0,528.0,1784665873747.0,,
6a5fd7137096f0a31879b22f,,,mouse_move,,,,,,,1051.0,528.0,1784665873779.0,,
6a5fd7137096f0a31879b230,,,mouse_move,,,,,,,1051.0,527.0,1784665873805.0,,
6a5fd7137096f0a31879b231,,,mouse_move,,,,,,,1050.0,526.0,1784665873819.0,,
6a5fd7137096f0a31879b232,,,mouse_move,,,,,,,1049.0,526.0,1784665873827.0,,
6a5fd7137096f0a31879b233,,,mouse_move,,,,,,,1049.0,525.0,1784665873843.0,,
6a5fd7137096f0a31879b234,,,mouse_move,,,,,,,1048.0,524.0,1784665873867.0,,
6a5fd7137096f0a31879b235,,,mouse_move,,,,,,,1047.0,522.0,1784665873901.0,,
6a5fd7137096f0a31879b236,,,mouse_move,,,,,,,1046.0,520.0,1784665873909.0,,
6a5fd7137096f0a31879b237,,,mouse_move,,,,,,,1046.0,519.0,1784665873917.0,,
6a5fd7137096f0a31879b238,,,mouse_move,,,,,,,1045.0,517.0,1784665873923.0,,
6a5fd7137096f0a31879b239,,,mouse_move,,,,,,,1043.0,515.0,1784665873930.0,,
6a5fd7137096f0a31879b23a,,,mouse_move,,,,,,,1043.0,514.0,1784665873938.0,,
6a5fd7137096f0a31879b23b,,,mouse_move,,,,,,,1043.0,513.0,1784665873948.0,,
6a5fd7137096f0a31879b23c,,,mouse_move,,,,,,,1043.0,512.0,1784665873963.0,,
6a5fd7137096f0a31879b23d,,,mouse_move,,,,,,,1043.0,511.0,1784665873979.0,,
6a5fd7137096f0a31879b23e,,,mouse_move,,,,,,,1042.0,511.0,1784665874131.0,,
6a5fd7137096f0a31879b23f,,,mouse_move,,,,,,,1041.0,510.0,1784665874227.0,,
6a5fd7137096f0a31879b240,,,mouse_move,,,,,,,1038.0,509.0,1784665874235.0,,
6a5fd7137096f0a31879b241,,,mouse_move,,,,,,,1036.0,507.0,1784665874242.0,,
6a5fd7137096f0a31879b242,,,mouse_move,,,,,,,1034.0,506.0,1784665874251.0,,
6a5fd7137096f0a31879b243,,,mouse_move,,,,,,,1031.0,504.0,1784665874258.0,,
6a5fd7137096f0a31879b244,,,mouse_move,,,,,,,1026.0,500.0,1784665874266.0,,
6a5fd7137096f0a31879b245,,,mouse_move,,,,,,,1021.0,497.0,1784665874274.0,,
6a5fd7137096f0a31879b246,,,mouse_move,,,,,,,1015.0,494.0,1784665874282.0,,
6a5fd7137096f0a31879b247,,,mouse_move,,,,,,,1014.0,493.0,1784665874290.0,,
6a5fd7137096f0a31879b248,,,mouse_move,,,,,,,1012.0,492.0,1784665874298.0,,
6a5fd7137096f0a31879b249,,,mouse_move,,,,,,,1011.0,491.0,1784665874306.0,,
6a5fd7137096f0a31879b24a,,,mouse_move,,,,,,,1010.0,490.0,1784665874315.0,,
6a5fd7137096f0a31879b24b,,,mouse_move,,,,,,,1008.0,489.0,1784665874322.0,,
6a5fd7137096f0a31879b24c,,,mouse_move,,,,,,,1007.0,487.0,1784665874331.0,,
6a5fd7137096f0a31879b24d,,,mouse_move,,,,,,,1006.0,486.0,1784665874339.0,,
6a5fd7137096f0a31879b24e,,,mouse_move,,,,,,,1003.0,486.0,1784665874347.0,,
6a5fd7137096f0a31879b24f,,,mouse_move,,,,,,,1002.0,485.0,1784665874355.0,,
6a5fd7137096f0a31879b250,,,mouse_move,,,,,,,1001.0,484.0,1784665874364.0,,
6a5fd7137096f0a31879b251,,,mouse_move,,,,,,,998.0,483.0,1784665874371.0,,
6a5fd7137096f0a31879b252,,,mouse_move,,,,,,,996.0,483.0,1784665874379.0,,
6a5fd7137096f0a31879b253,,,mouse_move,,,,,,,995.0,483.0,1784665874388.0,,
6a5fd7137096f0a31879b254,,,mouse_move,,,,,,,993.0,483.0,1784665874396.0,,
6a5fd7137096f0a31879b255,,,mouse_move,,,,,,,992.0,483.0,1784665874421.0,,
6a5fd7137096f0a31879b256,,,mouse_move,,,,,,,993.0,483.0,1784665874477.0,,
6a5fd7137096f0a31879b257,,,mouse_move,,,,,,,994.0,483.0,1784665874486.0,,
6a5fd7137096f0a31879b258,,,mouse_move,,,,,,,993.0,483.0,1784665874519.0,,
6a5fd7137096f0a31879b259,,,mouse_move,,,,,,,992.0,483.0,1784665874528.0,,
6a5fd7137096f0a31879b25a,,,mouse_move,,,,,,,995.0,479.0,1784665874808.0,,
6a5fd7137096f0a31879b25b,,,mouse_move,,,,,,,1005.0,471.0,1784665874816.0,,
6a5fd7137096f0a31879b25c,,,mouse_move,,,,,,,1018.0,464.0,1784665874825.0,,
6a5fd7137096f0a31879b25d,,,mouse_move,,,,,,,1026.0,458.0,1784665874833.0,,
6a5fd7137096f0a31879b25e,,,mouse_move,,,,,,,1033.0,453.0,1784665874841.0,,
6a5fd7137096f0a31879b25f,,,mouse_move,,,,,,,1038.0,448.0,1784665874851.0,,
6a5fd7137096f0a31879b260,,,mouse_move,,,,,,,1040.0,444.0,1784665874857.0,,
6a5fd7137096f0a31879b261,,,mouse_move,,,,,,,1041.0,444.0,1784665874867.0,,
6a5fd7137096f0a31879b262,,,mouse_move,,,,,,,1040.0,444.0,1784665874883.0,,
6a5fd7137096f0a31879b263,,,mouse_move,,,,,,,1039.0,446.0,1784665874892.0,,
6a5fd7137096f0a31879b264,,,mouse_move,,,,,,,1037.0,446.0,1784665874903.0,,
6a5fd7137096f0a31879b265,,,mouse_move,,,,,,,1037.0,447.0,1784665874920.0,,
6a5fd7137096f0a31879b266,,,mouse_move,,,,,,,1037.0,450.0,1784665875043.0,,
6a5fd7137096f0a31879b267,,,mouse_move,,,,,,,1036.0,454.0,1784665875050.0,,
6a5fd7137096f0a31879b268,,,mouse_move,,,,,,,1035.0,457.0,1784665875059.0,,
6a5fd7137096f0a31879b269,,,mouse_move,,,,,,,1035.0,460.0,1784665875067.0,,
6a5fd7137096f0a31879b26a,,,mouse_move,,,,,,,1034.0,464.0,1784665875076.0,,
6a5fd7137096f0a31879b26b,,,mouse_move,,,,,,,1034.0,467.0,1784665875083.0,,
6a5fd7137096f0a31879b26c,,,mouse_move,,,,,,,1034.0,471.0,1784665875092.0,,
6a5fd7137096f0a31879b26d,,,mouse_move,,,,,,,1033.0,475.0,1784665875106.0,,
6a5fd7137096f0a31879b26e,,,mouse_move,,,,,,,1032.0,480.0,1784665875114.0,,
6a5fd7137096f0a31879b26f,,,mouse_move,,,,,,,1032.0,481.0,1784665875123.0,,
6a5fd7137096f0a31879b270,,,mouse_move,,,,,,,1032.0,483.0,1784665875130.0,,
6a5fd7137096f0a31879b271,,,mouse_move,,,,,,,1032.0,484.0,1784665875156.0,,
6a5fd7137096f0a31879b272,,,mouse_move,,,,,,,1031.0,486.0,1784665875189.0,,
6a5fd7137096f0a31879b273,,,mouse_move,,,,,,,1028.0,489.0,1784665875198.0,,
6a5fd7137096f0a31879b274,,,mouse_move,,,,,,,1026.0,491.0,1784665875206.0,,
6a5fd7137096f0a31879b275,,,mouse_move,,,,,,,1025.0,493.0,1784665875214.0,,
6a5fd7137096f0a31879b276,,,mouse_move,,,,,,,1022.0,495.0,1784665875223.0,,
6a5fd7137096f0a31879b277,,,mouse_move,,,,,,,1022.0,497.0,1784665875231.0,,
6a5fd7137096f0a31879b278,,,mouse_move,,,,,,,1020.0,500.0,1784665875239.0,,
6a5fd7137096f0a31879b279,,,mouse_move,,,,,,,1019.0,501.0,1784665875248.0,,
6a5fd7137096f0a31879b27a,,,mouse_move,,,,,,,1019.0,503.0,1784665875272.0,,
6a5fd7137096f0a31879b27b,,,mouse_move,,,,,,,1018.0,503.0,1784665875315.0,,
6a5fd7137096f0a31879b27c,,,mouse_move,,,,,,,1018.0,504.0,1784665875407.0,,
6a5fd7137096f0a31879b27d,,,mouse_move,,,,,,,1017.0,504.0,1784665875449.0,,
6a5fd7137096f0a31879b27e,,,mouse_move,,,,,,,1016.0,504.0,1784665875464.0,,
6a5fd7137096f0a31879b27f,,,mouse_move,,,,,,,1015.0,504.0,1784665875481.0,,
6a5fd7137096f0a31879b280,,,mouse_move,,,,,,,1014.0,504.0,1784665875489.0,,
6a5fd7137096f0a31879b281,,,mouse_move,,,,,,,1013.0,504.0,1784665875499.0,,
6a5fd7137096f0a31879b282,,,mouse_move,,,,,,,1012.0,504.0,1784665875507.0,,
6a5fd7137096f0a31879b283,,,mouse_move,,,,,,,1011.0,504.0,1784665875523.0,,
6a5fd7137096f0a31879b284,,,mouse_move,,,,,,,1010.0,504.0,1784665875555.0,,
6a5fd71d7096f0a31879b287,,,mouse_move,,,,,,,1012.0,504.0,1784665876206.0,,
6a5fd71d7096f0a31879b288,,,mouse_move,,,,,,,1013.0,504.0,1784665876230.0,,
6a5fd71d7096f0a31879b289,,,mouse_move,,,,,,,1012.0,504.0,1784665877115.0,,
6a5fd71d7096f0a31879b28a,,,mouse_move,,,,,,,1011.0,504.0,1784665877118.0,,
6a5fd71d7096f0a31879b28b,,,mouse_move,,,,,,,1010.0,503.0,1784665877142.0,,
6a5fd71d7096f0a31879b28c,,,mouse_move,,,,,,,1008.0,503.0,1784665877151.0,,
6a5fd71d7096f0a31879b28d,,,mouse_move,,,,,,,1007.0,503.0,1784665877158.0,,
6a5fd71d7096f0a31879b28e,,,mouse_move,,,,,,,1005.0,502.0,1784665877166.0,,
6a5fd71d7096f0a31879b28f,,,mouse_move,,,,,,,1001.0,499.0,1784665877175.0,,
6a5fd71d7096f0a31879b290,,,mouse_move,,,,,,,997.0,498.0,1784665877183.0,,
6a5fd71d7096f0a31879b291,,,mouse_move,,,,,,,992.0,496.0,1784665877191.0,,
6a5fd71d7096f0a31879b292,,,mouse_move,,,,,,,985.0,495.0,1784665877200.0,,
6a5fd71d7096f0a31879b293,,,mouse_move,,,,,,,980.0,494.0,1784665877208.0,,
6a5fd71d7096f0a31879b294,,,mouse_move,,,,,,,970.0,494.0,1784665877216.0,,
6a5fd71d7096f0a31879b295,,,mouse_move,,,,,,,963.0,494.0,1784665877225.0,,
6a5fd71d7096f0a31879b296,,,mouse_move,,,,,,,958.0,494.0,1784665877233.0,,
6a5fd71d7096f0a31879b297,,,mouse_move,,,,,,,954.0,494.0,1784665877242.0,,
6a5fd71d7096f0a31879b298,,,mouse_move,,,,,,,951.0,494.0,1784665877249.0,,
6a5fd71d7096f0a31879b299,,,mouse_move,,,,,,,949.0,494.0,1784665877258.0,,
6a5fd71d7096f0a31879b29a,,,mouse_move,,,,,,,947.0,494.0,1784665877266.0,,
6a5fd71d7096f0a31879b29b,,,mouse_move,,,,,,,945.0,494.0,1784665877274.0,,
6a5fd71d7096f0a31879b29c,,,mouse_move,,,,,,,944.0,494.0,1784665877525.0,,
6a5fd71d7096f0a31879b29d,,,mouse_move,,,,,,,942.0,494.0,1784665877533.0,,
6a5fd71d7096f0a31879b29e,,,mouse_move,,,,,,,940.0,494.0,1784665877541.0,,
6a5fd71d7096f0a31879b29f,,,mouse_move,,,,,,,938.0,495.0,1784665877549.0,,
6a5fd71d7096f0a31879b2a0,,,mouse_move,,,,,,,935.0,495.0,1784665877557.0,,
6a5fd71d7096f0a31879b2a1,,,mouse_move,,,,,,,930.0,495.0,1784665877566.0,,
6a5fd71d7096f0a31879b2a2,,,mouse_move,,,,,,,924.0,496.0,1784665877575.0,,
6a5fd71d7096f0a31879b2a3,,,mouse_move,,,,,,,915.0,496.0,1784665877582.0,,
6a5fd71d7096f0a31879b2a4,,,mouse_move,,,,,,,903.0,499.0,1784665877591.0,,
6a5fd71d7096f0a31879b2a5,,,mouse_move,,,,,,,891.0,499.0,1784665877599.0,,
6a5fd71d7096f0a31879b2a6,,,mouse_move,,,,,,,876.0,500.0,1784665877609.0,,
6a5fd71d7096f0a31879b2a7,,,mouse_move,,,,,,,851.0,502.0,1784665877616.0,,
6a5fd71d7096f0a31879b2a8,,,mouse_move,,,,,,,832.0,504.0,1784665877625.0,,
6a5fd71d7096f0a31879b2a9,,,mouse_move,,,,,,,803.0,507.0,1784665877633.0,,
6a5fd71d7096f0a31879b2aa,,,mouse_move,,,,,,,781.0,508.0,1784665877642.0,,
6a5fd71d7096f0a31879b2ab,,,mouse_move,,,,,,,753.0,510.0,1784665877649.0,,
6a5fd71d7096f0a31879b2ac,,,mouse_move,,,,,,,728.0,510.0,1784665877658.0,,
6a5fd71d7096f0a31879b2ad,,,mouse_move,,,,,,,676.0,512.0,1784665877667.0,,
6a5fd71d7096f0a31879b2ae,,,mouse_move,,,,,,,618.0,512.0,1784665877691.0,,
6a5fd71d7096f0a31879b2af,,,mouse_move,,,,,,,605.0,512.0,1784665877699.0,,
6a5fd71d7096f0a31879b2b0,,,mouse_move,,,,,,,592.0,511.0,1784665877708.0,,
6a5fd71d7096f0a31879b2b1,,,mouse_move,,,,,,,580.0,511.0,1784665877716.0,,
6a5fd71d7096f0a31879b2b2,,,mouse_move,,,,,,,567.0,509.0,1784665877724.0,,
6a5fd71d7096f0a31879b2b3,,,mouse_move,,,,,,,556.0,509.0,1784665877733.0,,
6a5fd71d7096f0a31879b2b4,,,mouse_move,,,,,,,545.0,508.0,1784665877741.0,,
6a5fd71d7096f0a31879b2b5,,,mouse_move,,,,,,,536.0,508.0,1784665877749.0,,
6a5fd71d7096f0a31879b2b6,,,mouse_move,,,,,,,528.0,507.0,1784665877757.0,,
6a5fd71d7096f0a31879b2b7,,,mouse_move,,,,,,,520.0,507.0,1784665877766.0,,
6a5fd71d7096f0a31879b2b8,,,mouse_move,,,,,,,515.0,505.0,1784665877775.0,,
6a5fd71d7096f0a31879b2b9,,,mouse_move,,,,,,,513.0,505.0,1784665877783.0,,
6a5fd71d7096f0a31879b2ba,,,mouse_move,,,,,,,510.0,504.0,1784665877791.0,,
6a5fd71d7096f0a31879b2bb,,,mouse_move,,,,,,,508.0,504.0,1784665877800.0,,
6a5fd71d7096f0a31879b2bc,,,mouse_move,,,,,,,507.0,504.0,1784665877808.0,,
6a5fd71d7096f0a31879b2bd,,,mouse_move,,,,,,,505.0,504.0,1784665877816.0,,
6a5fd71d7096f0a31879b2be,,,mouse_move,,,,,,,503.0,504.0,1784665877824.0,,
6a5fd71d7096f0a31879b2bf,,,mouse_move,,,,,,,499.0,504.0,1784665877834.0,,
6a5fd71d7096f0a31879b2c0,,,mouse_move,,,,,,,490.0,504.0,1784665877841.0,,
6a5fd71d7096f0a31879b2c1,,,mouse_move,,,,,,,484.0,504.0,1784665877849.0,,
6a5fd71d7096f0a31879b2c2,,,mouse_move,,,,,,,477.0,505.0,1784665877851.0,,
6a5fd71d7096f0a31879b2c3,,,mouse_move,,,,,,,473.0,505.0,1784665877858.0,,
6a5fd71d7096f0a31879b2c4,,,mouse_move,,,,,,,466.0,505.0,1784665877867.0,,
6a5fd71d7096f0a31879b2c5,,,mouse_move,,,,,,,462.0,505.0,1784665877875.0,,
6a5fd71d7096f0a31879b2c6,,,mouse_move,,,,,,,454.0,503.0,1784665877883.0,,
6a5fd71d7096f0a31879b2c7,,,mouse_move,,,,,,,447.0,500.0,1784665877891.0,,
6a5fd71d7096f0a31879b2c8,,,mouse_move,,,,,,,438.0,497.0,1784665877900.0,,
6a5fd71d7096f0a31879b2c9,,,mouse_move,,,,,,,424.0,493.0,1784665877909.0,,
6a5fd71d7096f0a31879b2ca,,,mouse_move,,,,,,,413.0,489.0,1784665877916.0,,
6a5fd71d7096f0a31879b2cb,,,mouse_move,,,,,,,397.0,483.0,1784665877924.0,,
6a5fd71d7096f0a31879b2cc,,,mouse_move,,,,,,,381.0,478.0,1784665877933.0,,
6a5fd71d7096f0a31879b2cd,,,mouse_move,,,,,,,356.0,469.0,1784665877942.0,,
6a5fd71d7096f0a31879b2ce,,,mouse_move,,,,,,,340.0,465.0,1784665877949.0,,
6a5fd71d7096f0a31879b2cf,,,mouse_move,,,,,,,323.0,460.0,1784665877958.0,,
6a5fd71d7096f0a31879b2d0,,,mouse_move,,,,,,,304.0,456.0,1784665877966.0,,
6a5fd71d7096f0a31879b2d1,,,mouse_move,,,,,,,295.0,454.0,1784665877974.0,,
6a5fd71d7096f0a31879b2d2,,,mouse_move,,,,,,,288.0,452.0,1784665877984.0,,
6a5fd71d7096f0a31879b2d3,,,mouse_move,,,,,,,278.0,451.0,1784665877991.0,,
6a5fd71d7096f0a31879b2d4,,,mouse_move,,,,,,,275.0,450.0,1784665878000.0,,
6a5fd71d7096f0a31879b2d5,,,mouse_move,,,,,,,270.0,450.0,1784665878008.0,,
6a5fd71d7096f0a31879b2d6,,,mouse_move,,,,,,,268.0,449.0,1784665878017.0,,
6a5fd7277096f0a31879b2d7,,,mouse_move,,,,,,,1591.0,762.0,1784665885885.0,,
6a5fd7277096f0a31879b2d8,,,mouse_move,,,,,,,1591.0,762.0,1784665885890.0,,
6a5fd7277096f0a31879b2d9,,,mouse_move,,,,,,,1591.0,761.0,1784665885908.0,,
6a5fd7277096f0a31879b2da,,,mouse_move,,,,,,,1590.0,761.0,1784665885997.0,,
6a5fd7277096f0a31879b2db,,,mouse_move,,,,,,,1586.0,760.0,1784665886037.0,,
6a5fd7277096f0a31879b2dc,,,mouse_move,,,,,,,1583.0,757.0,1784665886044.0,,
6a5fd7277096f0a31879b2dd,,,mouse_move,,,,,,,1581.0,755.0,1784665886052.0,,
6a5fd7277096f0a31879b2de,,,mouse_move,,,,,,,1580.0,755.0,1784665886062.0,,
6a5fd7277096f0a31879b2df,,,mouse_move,,,,,,,1578.0,752.0,1784665886068.0,,
6a5fd7277096f0a31879b2e0,,,mouse_move,,,,,,,1576.0,750.0,1784665886076.0,,
6a5fd7277096f0a31879b2e1,,,mouse_move,,,,,,,1573.0,747.0,1784665886085.0,,
6a5fd7277096f0a31879b2e2,,,mouse_move,,,,,,,1569.0,743.0,1784665886093.0,,
6a5fd7277096f0a31879b2e3,,,mouse_move,,,,,,,1555.0,730.0,1784665886102.0,,
6a5fd7277096f0a31879b2e4,,,mouse_move,,,,,,,1547.0,723.0,1784665886110.0,,
6a5fd7277096f0a31879b2e5,,,mouse_move,,,,,,,1534.0,714.0,1784665886118.0,,
6a5fd7277096f0a31879b2e6,,,mouse_move,,,,,,,1525.0,708.0,1784665886127.0,,
6a5fd7277096f0a31879b2e7,,,mouse_move,,,,,,,1516.0,704.0,1784665886137.0,,
6a5fd7277096f0a31879b2e8,,,mouse_move,,,,,,,1494.0,692.0,1784665886147.0,,
6a5fd7277096f0a31879b2e9,,,mouse_move,,,,,,,1482.0,687.0,1784665886155.0,,
6a5fd7277096f0a31879b2ea,,,mouse_move,,,,,,,1455.0,677.0,1784665886163.0,,
6a5fd7277096f0a31879b2eb,,,mouse_move,,,,,,,1435.0,668.0,1784665886168.0,,
6a5fd7277096f0a31879b2ec,,,mouse_move,,,,,,,1417.0,660.0,1784665886176.0,,
6a5fd7277096f0a31879b2ed,,,mouse_move,,,,,,,1403.0,650.0,1784665886184.0,,
6a5fd7277096f0a31879b2ee,,,mouse_move,,,,,,,1387.0,632.0,1784665886193.0,,
6a5fd7277096f0a31879b2ef,,,mouse_move,,,,,,,1379.0,617.0,1784665886202.0,,
6a5fd7277096f0a31879b2f0,,,mouse_move,,,,,,,1371.0,599.0,1784665886210.0,,
6a5fd7277096f0a31879b2f1,,,mouse_move,,,,,,,1355.0,562.0,1784665886218.0,,
6a5fd7277096f0a31879b2f2,,,mouse_move,,,,,,,1346.0,550.0,1784665886227.0,,
6a5fd7277096f0a31879b2f3,,,mouse_move,,,,,,,1345.0,549.0,1784665886236.0,,
6a5fd7277096f0a31879b2f4,,,mouse_move,,,,,,,1345.0,548.0,1784665886243.0,,
6a5fd7277096f0a31879b2f5,,,mouse_move,,,,,,,1344.0,548.0,1784665886404.0,,
6a5fd7277096f0a31879b2f6,,,mouse_move,,,,,,,1341.0,551.0,1784665886411.0,,
6a5fd7277096f0a31879b2f7,,,mouse_move,,,,,,,1334.0,557.0,1784665886419.0,,
6a5fd7277096f0a31879b2f8,,,mouse_move,,,,,,,1328.0,563.0,1784665886427.0,,
6a5fd7277096f0a31879b2f9,,,mouse_move,,,,,,,1325.0,569.0,1784665886436.0,,
6a5fd7277096f0a31879b2fa,,,mouse_move,,,,,,,1325.0,572.0,1784665886447.0,,
6a5fd7277096f0a31879b2fb,,,mouse_move,,,,,,,1325.0,573.0,1784665886456.0,,
6a5fd7277096f0a31879b2fc,,,mouse_move,,,,,,,1323.0,575.0,1784665886494.0,,
6a5fd7277096f0a31879b2fd,,,mouse_move,,,,,,,1320.0,575.0,1784665886502.0,,
6a5fd7277096f0a31879b2fe,,,mouse_move,,,,,,,1310.0,580.0,1784665886511.0,,
6a5fd7277096f0a31879b2ff,,,mouse_move,,,,,,,1299.0,581.0,1784665886520.0,,
6a5fd7277096f0a31879b300,,,mouse_move,,,,,,,1292.0,582.0,1784665886526.0,,
6a5fd7277096f0a31879b301,,,mouse_move,,,,,,,1281.0,583.0,1784665886535.0,,
6a5fd7277096f0a31879b302,,,mouse_move,,,,,,,1272.0,584.0,1784665886544.0,,
6a5fd7277096f0a31879b303,,,mouse_move,,,,,,,1264.0,584.0,1784665886551.0,,
6a5fd7277096f0a31879b304,,,mouse_move,,,,,,,1255.0,584.0,1784665886559.0,,
6a5fd7277096f0a31879b305,,,mouse_move,,,,,,,1248.0,584.0,1784665886570.0,,
6a5fd7277096f0a31879b306,,,mouse_move,,,,,,,1243.0,584.0,1784665886575.0,,
6a5fd7277096f0a31879b307,,,mouse_move,,,,,,,1236.0,584.0,1784665886584.0,,
6a5fd7277096f0a31879b308,,,mouse_move,,,,,,,1232.0,584.0,1784665886593.0,,
6a5fd7277096f0a31879b309,,,mouse_move,,,,,,,1229.0,584.0,1784665886605.0,,
6a5fd7277096f0a31879b30a,,,mouse_move,,,,,,,1226.0,584.0,1784665886613.0,,
6a5fd7277096f0a31879b30b,,,mouse_move,,,,,,,1224.0,584.0,1784665886618.0,,
6a5fd7277096f0a31879b30c,,,mouse_move,,,,,,,1222.0,584.0,1784665886630.0,,
6a5fd7277096f0a31879b30d,,,mouse_move,,,,,,,1220.0,584.0,1784665886638.0,,
6a5fd7277096f0a31879b30e,,,mouse_move,,,,,,,1219.0,584.0,1784665886663.0,,
6a5fd7277096f0a31879b30f,,,mouse_move,,,,,,,1218.0,584.0,1784665886688.0,,
6a5fd7277096f0a31879b310,,,mouse_move,,,,,,,1218.0,583.0,1784665886696.0,,
6a5fd7277096f0a31879b311,,,mouse_move,,,,,,,1217.0,583.0,1784665886710.0,,
6a5fd7277096f0a31879b312,,,mouse_move,,,,,,,1216.0,582.0,1784665886721.0,,
6a5fd7277096f0a31879b313,,,mouse_move,,,,,,,1214.0,582.0,1784665886730.0,,
6a5fd7277096f0a31879b314,,,mouse_move,,,,,,,1210.0,579.0,1784665886746.0,,
6a5fd7277096f0a31879b315,,,mouse_move,,,,,,,1207.0,579.0,1784665886756.0,,
6a5fd7277096f0a31879b316,,,mouse_move,,,,,,,1204.0,578.0,1784665886764.0,,
6a5fd7277096f0a31879b317,,,mouse_move,,,,,,,1200.0,576.0,1784665886774.0,,
6a5fd7277096f0a31879b318,,,mouse_move,,,,,,,1197.0,574.0,1784665886787.0,,
6a5fd7277096f0a31879b319,,,mouse_move,,,,,,,1195.0,573.0,1784665886796.0,,
6a5fd7277096f0a31879b31a,,,mouse_move,,,,,,,1192.0,572.0,1784665886803.0,,
6a5fd7277096f0a31879b31b,,,mouse_move,,,,,,,1190.0,570.0,1784665886818.0,,
6a5fd7277096f0a31879b31c,,,mouse_move,,,,,,,1189.0,570.0,1784665886827.0,,
6a5fd7277096f0a31879b31d,,,mouse_move,,,,,,,1188.0,569.0,1784665886843.0,,
6a5fd7277096f0a31879b31e,,,mouse_move,,,,,,,1187.0,569.0,1784665886852.0,,
6a5fd7277096f0a31879b31f,,,mouse_move,,,,,,,1185.0,569.0,1784665886859.0,,
6a5fd7277096f0a31879b320,,,mouse_move,,,,,,,1183.0,568.0,1784665886867.0,,
6a5fd7277096f0a31879b321,,,mouse_move,,,,,,,1180.0,567.0,1784665886876.0,,
6a5fd7277096f0a31879b322,,,mouse_move,,,,,,,1177.0,567.0,1784665886884.0,,
6a5fd7277096f0a31879b323,,,mouse_move,,,,,,,1173.0,565.0,1784665886893.0,,
6a5fd7277096f0a31879b324,,,mouse_move,,,,,,,1172.0,564.0,1784665886901.0,,
6a5fd7277096f0a31879b325,,,mouse_move,,,,,,,1170.0,562.0,1784665886910.0,,
6a5fd7277096f0a31879b326,,,mouse_move,,,,,,,1168.0,560.0,1784665886918.0,,
6a5fd7277096f0a31879b327,,,mouse_move,,,,,,,1166.0,559.0,1784665886925.0,,
6a5fd7277096f0a31879b328,,,mouse_move,,,,,,,1164.0,557.0,1784665886935.0,,
6a5fd7277096f0a31879b329,,,mouse_move,,,,,,,1163.0,556.0,1784665886943.0,,
6a5fd7277096f0a31879b32a,,,mouse_move,,,,,,,1159.0,552.0,1784665886951.0,,
6a5fd7277096f0a31879b32b,,,mouse_move,,,,,,,1157.0,549.0,1784665886959.0,,
6a5fd7277096f0a31879b32c,,,mouse_move,,,,,,,1154.0,545.0,1784665886968.0,,
6a5fd7277096f0a31879b32d,,,mouse_move,,,,,,,1151.0,542.0,1784665886976.0,,
6a5fd7277096f0a31879b32e,,,mouse_move,,,,,,,1149.0,536.0,1784665886985.0,,
6a5fd7277096f0a31879b32f,,,mouse_move,,,,,,,1144.0,531.0,1784665886993.0,,
6a5fd7277096f0a31879b330,,,mouse_move,,,,,,,1136.0,520.0,1784665887001.0,,
6a5fd7277096f0a31879b331,,,mouse_move,,,,,,,1126.0,512.0,1784665887010.0,,
6a5fd7277096f0a31879b332,,,mouse_move,,,,,,,1118.0,505.0,1784665887018.0,,
6a5fd7277096f0a31879b333,,,mouse_move,,,,,,,1111.0,498.0,1784665887026.0,,
6a5fd7277096f0a31879b334,,,mouse_move,,,,,,,1099.0,489.0,1784665887035.0,,
6a5fd7277096f0a31879b335,,,mouse_move,,,,,,,1085.0,479.0,1784665887042.0,,
6a5fd7277096f0a31879b336,,,mouse_move,,,,,,,1037.0,439.0,1784665887052.0,,
6a5fd7277096f0a31879b337,,,mouse_move,,,,,,,1020.0,425.0,1784665887068.0,,
6a5fd7277096f0a31879b338,,,mouse_move,,,,,,,1000.0,407.0,1784665887076.0,,
6a5fd7277096f0a31879b339,,,mouse_move,,,,,,,982.0,389.0,1784665887084.0,,
6a5fd7277096f0a31879b33a,,,mouse_move,,,,,,,967.0,368.0,1784665887092.0,,
6a5fd7277096f0a31879b33b,,,mouse_move,,,,,,,964.0,356.0,1784665887101.0,,
6a5fd7277096f0a31879b33c,,,mouse_move,,,,,,,962.0,346.0,1784665887110.0,,
6a5fd7277096f0a31879b33d,,,mouse_move,,,,,,,962.0,340.0,1784665887118.0,,
6a5fd7277096f0a31879b33e,,,mouse_move,,,,,,,961.0,333.0,1784665887127.0,,
6a5fd7277096f0a31879b33f,,,mouse_move,,,,,,,960.0,327.0,1784665887134.0,,
6a5fd7277096f0a31879b340,,,mouse_move,,,,,,,960.0,323.0,1784665887142.0,,
6a5fd7277096f0a31879b341,,,mouse_move,,,,,,,959.0,319.0,1784665887153.0,,
6a5fd7277096f0a31879b342,,,mouse_move,,,,,,,957.0,316.0,1784665887160.0,,
6a5fd7277096f0a31879b343,,,mouse_move,,,,,,,957.0,315.0,1784665887176.0,,
6a5fd7277096f0a31879b344,,,mouse_move,,,,,,,956.0,315.0,1784665887186.0,,
6a5fd7277096f0a31879b345,,,mouse_move,,,,,,,955.0,315.0,1784665887217.0,,
6a5fd7277096f0a31879b346,,,mouse_move,,,,,,,950.0,319.0,1784665887235.0,,
6a5fd7277096f0a31879b347,,,mouse_move,,,,,,,947.0,321.0,1784665887243.0,,
6a5fd7277096f0a31879b348,,,mouse_move,,,,,,,943.0,324.0,1784665887252.0,,
6a5fd7277096f0a31879b349,,,mouse_move,,,,,,,941.0,325.0,1784665887261.0,,
6a5fd7277096f0a31879b34a,,,mouse_move,,,,,,,938.0,327.0,1784665887269.0,,
6a5fd7277096f0a31879b34b,,,mouse_move,,,,,,,936.0,327.0,1784665887277.0,,
6a5fd7277096f0a31879b34c,,,mouse_move,,,,,,,936.0,328.0,1784665887285.0,,
6a5fd7277096f0a31879b34d,,,mouse_move,,,,,,,938.0,331.0,1784665890219.0,,
6a5fd7277096f0a31879b34e,,,mouse_move,,,,,,,944.0,335.0,1784665890226.0,,
6a5fd7277096f0a31879b34f,,,mouse_move,,,,,,,947.0,337.0,1784665890235.0,,
6a5fd7277096f0a31879b350,,,mouse_move,,,,,,,952.0,342.0,1784665890243.0,,
6a5fd7277096f0a31879b351,,,mouse_move,,,,,,,957.0,347.0,1784665890252.0,,
6a5fd7277096f0a31879b352,,,mouse_move,,,,,,,963.0,354.0,1784665890259.0,,
6a5fd7277096f0a31879b353,,,mouse_move,,,,,,,974.0,369.0,1784665890268.0,,
6a5fd7277096f0a31879b354,,,mouse_move,,,,,,,974.0,378.0,1784665890278.0,,
6a5fd7277096f0a31879b355,,,mouse_move,,,,,,,974.0,388.0,1784665890285.0,,
6a5fd7277096f0a31879b356,,,mouse_move,,,,,,,973.0,397.0,1784665890294.0,,
6a5fd7277096f0a31879b357,,,mouse_move,,,,,,,970.0,407.0,1784665890301.0,,
6a5fd7277096f0a31879b358,,,mouse_move,,,,,,,969.0,414.0,1784665890309.0,,
6a5fd7277096f0a31879b359,,,mouse_move,,,,,,,967.0,422.0,1784665890317.0,,
6a5fd7277096f0a31879b35a,,,mouse_move,,,,,,,965.0,427.0,1784665890326.0,,
6a5fd7277096f0a31879b35b,,,mouse_move,,,,,,,960.0,432.0,1784665890335.0,,
6a5fd7277096f0a31879b35c,,,mouse_move,,,,,,,950.0,439.0,1784665890343.0,,
6a5fd7277096f0a31879b35d,,,mouse_move,,,,,,,931.0,450.0,1784665890352.0,,
6a5fd7277096f0a31879b35e,,,mouse_move,,,,,,,898.0,460.0,1784665890359.0,,
6a5fd7277096f0a31879b35f,,,mouse_move,,,,,,,864.0,464.0,1784665890369.0,,
6a5fd7277096f0a31879b360,,,mouse_move,,,,,,,821.0,464.0,1784665890377.0,,
6a5fd7277096f0a31879b361,,,mouse_move,,,,,,,783.0,463.0,1784665890384.0,,
6a5fd7277096f0a31879b362,,,mouse_move,,,,,,,755.0,461.0,1784665890394.0,,
6a5fd7277096f0a31879b363,,,mouse_move,,,,,,,734.0,459.0,1784665890402.0,,
6a5fd7277096f0a31879b364,,,mouse_move,,,,,,,720.0,454.0,1784665890410.0,,
6a5fd7277096f0a31879b365,,,mouse_move,,,,,,,719.0,454.0,1784665890547.0,,
6a5fd7277096f0a31879b366,,,mouse_move,,,,,,,717.0,454.0,1784665890555.0,,
6a5fd7277096f0a31879b367,,,mouse_move,,,,,,,717.0,455.0,1784665890563.0,,
6a5fd7277096f0a31879b368,,,mouse_move,,,,,,,716.0,456.0,1784665890571.0,,
6a5fd7277096f0a31879b369,,,mouse_move,,,,,,,716.0,457.0,1784665890593.0,,
6a5fd7277096f0a31879b36a,,,mouse_move,,,,,,,717.0,459.0,1784665890603.0,,
6a5fd7277096f0a31879b36b,,,mouse_move,,,,,,,720.0,462.0,1784665890611.0,,
6a5fd7277096f0a31879b36c,,,mouse_move,,,,,,,723.0,464.0,1784665890619.0,,
6a5fd7277096f0a31879b36d,,,mouse_move,,,,,,,726.0,466.0,1784665890627.0,,
6a5fd7277096f0a31879b36e,,,mouse_move,,,,,,,728.0,468.0,1784665890635.0,,
6a5fd7277096f0a31879b36f,,,mouse_move,,,,,,,729.0,470.0,1784665890643.0,,
6a5fd7277096f0a31879b370,,,mouse_move,,,,,,,730.0,473.0,1784665890652.0,,
6a5fd7277096f0a31879b371,,,mouse_move,,,,,,,731.0,476.0,1784665890659.0,,
6a5fd7277096f0a31879b372,,,mouse_move,,,,,,,731.0,481.0,1784665890668.0,,
6a5fd7277096f0a31879b373,,,mouse_move,,,,,,,731.0,486.0,1784665890677.0,,
6a5fd7277096f0a31879b374,,,mouse_move,,,,,,,732.0,493.0,1784665890685.0,,
6a5fd7277096f0a31879b375,,,mouse_move,,,,,,,733.0,500.0,1784665890693.0,,
6a5fd7277096f0a31879b376,,,mouse_move,,,,,,,733.0,510.0,1784665890701.0,,
6a5fd7277096f0a31879b377,,,mouse_move,,,,,,,735.0,515.0,1784665890709.0,,
6a5fd7277096f0a31879b378,,,mouse_move,,,,,,,736.0,523.0,1784665890720.0,,
6a5fd7277096f0a31879b379,,,mouse_move,,,,,,,738.0,528.0,1784665890727.0,,
6a5fd7277096f0a31879b37a,,,mouse_move,,,,,,,738.0,532.0,1784665890735.0,,
6a5fd7277096f0a31879b37b,,,mouse_move,,,,,,,740.0,536.0,1784665890743.0,,
6a5fd7277096f0a31879b37c,,,mouse_move,,,,,,,742.0,539.0,1784665890752.0,,
6a5fd7277096f0a31879b37d,,,mouse_move,,,,,,,743.0,540.0,1784665890760.0,,
6a5fd7277096f0a31879b37e,,,mouse_move,,,,,,,745.0,542.0,1784665890768.0,,
6a5fd7277096f0a31879b37f,,,mouse_move,,,,,,,747.0,543.0,1784665890777.0,,
6a5fd7277096f0a31879b380,,,mouse_move,,,,,,,751.0,546.0,1784665890785.0,,
6a5fd7277096f0a31879b381,,,mouse_move,,,,,,,756.0,548.0,1784665890794.0,,
6a5fd7277096f0a31879b382,,,mouse_move,,,,,,,762.0,552.0,1784665890802.0,,
6a5fd7277096f0a31879b383,,,mouse_move,,,,,,,765.0,553.0,1784665890809.0,,
6a5fd7277096f0a31879b384,,,mouse_move,,,,,,,771.0,557.0,1784665890818.0,,
6a5fd7277096f0a31879b385,,,mouse_move,,,,,,,784.0,565.0,1784665890827.0,,
6a5fd7277096f0a31879b386,,,mouse_move,,,,,,,790.0,569.0,1784665890836.0,,
6a5fd7277096f0a31879b387,,,mouse_move,,,,,,,796.0,572.0,1784665890843.0,,
6a5fd7277096f0a31879b388,,,mouse_move,,,,,,,802.0,574.0,1784665890851.0,,
6a5fd7277096f0a31879b389,,,mouse_move,,,,,,,807.0,577.0,1784665890859.0,,
6a5fd7277096f0a31879b38a,,,mouse_move,,,,,,,810.0,579.0,1784665890868.0,,
6a5fd7277096f0a31879b38b,,,mouse_move,,,,,,,814.0,580.0,1784665890877.0,,
6a5fd7277096f0a31879b38c,,,mouse_move,,,,,,,818.0,581.0,1784665890885.0,,
6a5fd7277096f0a31879b38d,,,mouse_move,,,,,,,820.0,582.0,1784665890893.0,,
6a5fd7277096f0a31879b38e,,,mouse_move,,,,,,,821.0,582.0,1784665890902.0,,
6a5fd7277096f0a31879b38f,,,mouse_move,,,,,,,822.0,582.0,1784665890910.0,,
6a5fd7277096f0a31879b390,,,mouse_move,,,,,,,823.0,582.0,1784665890919.0,,
6a5fd7277096f0a31879b391,,,mouse_move,,,,,,,824.0,582.0,1784665890931.0,,
6a5fd7277096f0a31879b392,,,mouse_move,,,,,,,825.0,582.0,1784665890939.0,,
6a5fd7277096f0a31879b393,,,mouse_move,,,,,,,826.0,582.0,1784665890960.0,,
6a5fd7277096f0a31879b394,,,mouse_move,,,,,,,827.0,581.0,1784665890968.0,,
6a5fd7277096f0a31879b395,,,mouse_move,,,,,,,828.0,581.0,1784665890979.0,,
6a5fd7277096f0a31879b396,,,mouse_move,,,,,,,829.0,581.0,1784665891001.0,,
6a5fd7277096f0a31879b397,,,mouse_move,,,,,,,830.0,581.0,1784665891011.0,,
6a5fd7277096f0a31879b398,,,mouse_move,,,,,,,831.0,581.0,1784665891019.0,,
6a5fd7277096f0a31879b399,,,mouse_move,,,,,,,832.0,581.0,1784665891051.0,,
6a5fd7277096f0a31879b39a,,,mouse_move,,,,,,,833.0,581.0,1784665891076.0,,
6a5fd7277096f0a31879b39b,,,mouse_move,,,,,,,834.0,580.0,1784665891107.0,,
6a5fd7277096f0a31879b39c,,,mouse_move,,,,,,,835.0,579.0,1784665891132.0,,
6a5fd7277096f0a31879b39d,,,mouse_move,,,,,,,835.0,574.0,1784665891152.0,,
6a5fd7277096f0a31879b39e,,,mouse_move,,,,,,,835.0,571.0,1784665891159.0,,
6a5fd7277096f0a31879b39f,,,mouse_move,,,,,,,835.0,568.0,1784665891168.0,,
6a5fd7277096f0a31879b3a0,,,mouse_move,,,,,,,835.0,565.0,1784665891177.0,,
6a5fd7277096f0a31879b3a1,,,mouse_move,,,,,,,835.0,561.0,1784665891185.0,,
6a5fd7277096f0a31879b3a2,,,mouse_move,,,,,,,835.0,558.0,1784665891195.0,,
6a5fd7277096f0a31879b3a3,,,mouse_move,,,,,,,833.0,556.0,1784665891201.0,,
6a5fd7277096f0a31879b3a4,,,mouse_move,,,,,,,832.0,552.0,1784665891209.0,,
6a5fd7277096f0a31879b3a5,,,mouse_move,,,,,,,830.0,550.0,1784665891219.0,,
6a5fd7277096f0a31879b3a6,,,mouse_move,,,,,,,829.0,550.0,1784665891227.0,,
6a5fd7277096f0a31879b3a7,,,mouse_move,,,,,,,827.0,549.0,1784665891235.0,,
6a5fd7277096f0a31879b3a8,,,mouse_move,,,,,,,823.0,546.0,1784665891244.0,,
6a5fd7277096f0a31879b3a9,,,mouse_move,,,,,,,821.0,546.0,1784665891253.0,,
6a5fd7277096f0a31879b3aa,,,mouse_move,,,,,,,819.0,545.0,1784665891260.0,,
6a5fd7277096f0a31879b3ab,,,mouse_move,,,,,,,817.0,545.0,1784665891269.0,,
6a5fd7277096f0a31879b3ac,,,mouse_move,,,,,,,816.0,545.0,1784665891276.0,,
6a5fd7277096f0a31879b3ad,,,mouse_move,,,,,,,815.0,545.0,1784665891315.0,,
6a5fd7277096f0a31879b3ae,,,mouse_move,,,,,,,814.0,545.0,1784665891427.0,,
6a5fd7277096f0a31879b3af,,,mouse_move,,,,,,,813.0,545.0,1784665891631.0,,
6a5fd7277096f0a31879b3b0,,,mouse_move,,,,,,,812.0,543.0,1784665892159.0,,
6a5fd7277096f0a31879b3b1,,,mouse_move,,,,,,,812.0,538.0,1784665892167.0,,
6a5fd7277096f0a31879b3b2,,,mouse_move,,,,,,,812.0,531.0,1784665892177.0,,
6a5fd7277096f0a31879b3b3,,,mouse_move,,,,,,,812.0,525.0,1784665892188.0,,
6a5fd7277096f0a31879b3b4,,,mouse_move,,,,,,,813.0,501.0,1784665892196.0,,
6a5fd7277096f0a31879b3b5,,,mouse_move,,,,,,,815.0,478.0,1784665892208.0,,
6a5fd7277096f0a31879b3b6,,,mouse_move,,,,,,,820.0,447.0,1784665892217.0,,
6a5fd7277096f0a31879b3b7,,,mouse_move,,,,,,,824.0,418.0,1784665892227.0,,
6a5fd7277096f0a31879b3b8,,,mouse_move,,,,,,,845.0,337.0,1784665892239.0,,
6a5fd7277096f0a31879b3b9,,,mouse_move,,,,,,,857.0,301.0,1784665892247.0,,
6a5fd7277096f0a31879b3ba,,,mouse_move,,,,,,,870.0,266.0,1784665892255.0,,
6a5fd7277096f0a31879b3bb,,,mouse_move,,,,,,,885.0,224.0,1784665892264.0,,
6a5fd7277096f0a31879b3bc,,,mouse_move,,,,,,,897.0,194.0,1784665892272.0,,
6a5fd7277096f0a31879b3bd,,,mouse_move,,,,,,,909.0,160.0,1784665892289.0,,
6a5fd7277096f0a31879b3be,,,mouse_move,,,,,,,928.0,98.0,1784665892297.0,,
6a5fd7277096f0a31879b3bf,,,mouse_move,,,,,,,933.0,79.0,1784665892305.0,,
6a5fd7277096f0a31879b3c0,,,mouse_move,,,,,,,938.0,60.0,1784665892314.0,,
6a5fd7277096f0a31879b3c1,,,mouse_move,,,,,,,942.0,49.0,1784665892323.0,,
6a5fd7277096f0a31879b3c2,,,mouse_move,,,,,,,947.0,29.0,1784665892339.0,,
6a5fd7277096f0a31879b3c3,,,mouse_move,,,,,,,949.0,22.0,1784665892347.0,,
6a5fd7277096f0a31879b3c4,,,mouse_move,,,,,,,949.0,20.0,1784665892364.0,,
6a5fd7277096f0a31879b3c5,,,mouse_move,,,,,,,947.0,23.0,1784665892422.0,,
6a5fd7277096f0a31879b3c6,,,mouse_move,,,,,,,945.0,27.0,1784665892431.0,,
6a5fd7277096f0a31879b3c7,,,mouse_move,,,,,,,943.0,30.0,1784665892439.0,,
6a5fd7277096f0a31879b3c8,,,mouse_move,,,,,,,941.0,37.0,1784665892447.0,,
6a5fd7277096f0a31879b3c9,,,mouse_move,,,,,,,938.0,47.0,1784665892456.0,,
6a5fd7277096f0a31879b3ca,,,mouse_move,,,,,,,935.0,76.0,1784665892465.0,,
6a5fd7277096f0a31879b3cb,,,mouse_move,,,,,,,930.0,112.0,1784665892481.0,,
6a5fd7277096f0a31879b3cc,,,mouse_move,,,,,,,924.0,160.0,1784665892490.0,,
6a5fd7277096f0a31879b3cd,,,mouse_move,,,,,,,905.0,292.0,1784665892498.0,,
6a5fd7277096f0a31879b3ce,,,mouse_move,,,,,,,893.0,353.0,1784665892507.0,,
6a5fd7277096f0a31879b3cf,,,mouse_move,,,,,,,883.0,407.0,1784665892515.0,,
6a5fd7277096f0a31879b3d0,,,mouse_move,,,,,,,874.0,449.0,1784665892524.0,,
6a5fd7277096f0a31879b3d1,,,mouse_move,,,,,,,867.0,479.0,1784665892532.0,,
6a5fd7277096f0a31879b3d2,,,mouse_move,,,,,,,856.0,504.0,1784665892539.0,,
6a5fd7277096f0a31879b3d3,,,mouse_move,,,,,,,848.0,522.0,1784665892540.0,,
6a5fd7277096f0a31879b3d4,,,mouse_move,,,,,,,821.0,567.0,1784665892556.0,,
6a5fd7277096f0a31879b3d5,,,mouse_move,,,,,,,808.0,587.0,1784665892564.0,,
6a5fd7277096f0a31879b3d6,,,mouse_move,,,,,,,791.0,616.0,1784665892572.0,,
6a5fd7277096f0a31879b3d7,,,mouse_move,,,,,,,779.0,635.0,1784665892580.0,,
6a5fd7277096f0a31879b3d8,,,mouse_move,,,,,,,766.0,661.0,1784665892589.0,,
6a5fd7277096f0a31879b3d9,,,mouse_move,,,,,,,757.0,677.0,1784665892597.0,,
6a5fd7277096f0a31879b3da,,,mouse_move,,,,,,,749.0,688.0,1784665892605.0,,
6a5fd7277096f0a31879b3db,,,mouse_move,,,,,,,744.0,694.0,1784665892615.0,,
6a5fd7277096f0a31879b3dc,,,mouse_move,,,,,,,738.0,700.0,1784665892623.0,,
6a5fd7277096f0a31879b3dd,,,mouse_move,,,,,,,733.0,704.0,1784665892631.0,,
6a5fd7277096f0a31879b3de,,,mouse_move,,,,,,,732.0,704.0,1784665892640.0,,
6a5fd7277096f0a31879b3df,,,mouse_move,,,,,,,733.0,702.0,1784665892647.0,,
6a5fd7277096f0a31879b3e0,,,mouse_move,,,,,,,737.0,693.0,1784665892657.0,,
6a5fd7277096f0a31879b3e1,,,mouse_move,,,,,,,740.0,687.0,1784665892664.0,,
6a5fd7277096f0a31879b3e2,,,mouse_move,,,,,,,742.0,680.0,1784665892672.0,,
6a5fd7277096f0a31879b3e3,,,mouse_move,,,,,,,743.0,677.0,1784665892681.0,,
6a5fd7277096f0a31879b3e4,,,mouse_move,,,,,,,743.0,668.0,1784665892689.0,,
6a5fd7277096f0a31879b3e5,,,mouse_move,,,,,,,743.0,666.0,1784665892698.0,,
6a5fd7277096f0a31879b3e6,,,mouse_move,,,,,,,743.0,662.0,1784665892851.0,,
6a5fd7277096f0a31879b3e7,,,mouse_move,,,,,,,743.0,661.0,1784665892859.0,,
6a5fd7277096f0a31879b3e8,,,mouse_move,,,,,,,743.0,657.0,1784665892867.0,,
6a5fd7277096f0a31879b3e9,,,mouse_move,,,,,,,743.0,655.0,1784665892875.0,,
6a5fd7277096f0a31879b3ea,,,mouse_move,,,,,,,744.0,651.0,1784665892884.0,,
6a5fd7277096f0a31879b3eb,,,mouse_move,,,,,,,745.0,649.0,1784665892892.0,,
6a5fd7277096f0a31879b3ec,,,mouse_move,,,,,,,745.0,648.0,1784665892899.0,,
6a5fd7277096f0a31879b3ed,,,mouse_move,,,,,,,745.0,647.0,1784665892922.0,,
6a5fd7277096f0a31879b3ee,,,mouse_move,,,,,,,745.0,646.0,1784665892931.0,,
6a5fd7277096f0a31879b3ef,,,mouse_move,,,,,,,745.0,647.0,1784665892956.0,,
6a5fd7277096f0a31879b3f0,,,mouse_move,,,,,,,747.0,649.0,1784665892964.0,,
6a5fd7277096f0a31879b3f1,,,mouse_move,,,,,,,748.0,651.0,1784665892973.0,,
6a5fd7277096f0a31879b3f2,,,mouse_move,,,,,,,751.0,653.0,1784665892981.0,,
6a5fd7277096f0a31879b3f3,,,mouse_move,,,,,,,755.0,657.0,1784665892989.0,,
6a5fd7277096f0a31879b3f4,,,mouse_move,,,,,,,759.0,662.0,1784665892997.0,,
6a5fd7277096f0a31879b3f5,,,mouse_move,,,,,,,766.0,669.0,1784665893005.0,,
6a5fd7277096f0a31879b3f6,,,mouse_move,,,,,,,778.0,683.0,1784665893014.0,,
6a5fd7277096f0a31879b3f7,,,mouse_move,,,,,,,795.0,703.0,1784665893023.0,,
6a5fd7277096f0a31879b3f8,,,mouse_move,,,,,,,820.0,746.0,1784665893032.0,,
6a5fd7277096f0a31879b3f9,,,mouse_move,,,,,,,933.0,721.0,1784665894877.0,,
6a5fd7277096f0a31879b3fa,,,mouse_move,,,,,,,895.0,661.0,1784665894880.0,,
6a5fd7277096f0a31879b3fb,,,mouse_move,,,,,,,862.0,608.0,1784665894892.0,,
6a5fd7277096f0a31879b3fc,,,mouse_move,,,,,,,847.0,566.0,1784665894895.0,,
6a5fd7277096f0a31879b3fd,,,mouse_move,,,,,,,840.0,524.0,1784665894905.0,,
6a5fd7277096f0a31879b3fe,,,mouse_move,,,,,,,838.0,472.0,1784665894913.0,,
6a5fd7277096f0a31879b3ff,,,mouse_move,,,,,,,834.0,423.0,1784665894921.0,,
6a5fd7277096f0a31879b400,,,mouse_move,,,,,,,828.0,375.0,1784665894929.0,,
6a5fd7277096f0a31879b401,,,mouse_move,,,,,,,828.0,343.0,1784665894944.0,,
6a5fd7277096f0a31879b402,,,mouse_move,,,,,,,828.0,305.0,1784665894949.0,,
6a5fd7277096f0a31879b403,,,mouse_move,,,,,,,829.0,274.0,1784665894954.0,,
6a5fd7277096f0a31879b404,,,mouse_move,,,,,,,833.0,256.0,1784665894962.0,,
6a5fd7277096f0a31879b405,,,mouse_move,,,,,,,836.0,240.0,1784665894971.0,,
6a5fd7277096f0a31879b406,,,mouse_move,,,,,,,840.0,229.0,1784665894979.0,,
6a5fd7277096f0a31879b407,,,mouse_move,,,,,,,844.0,217.0,1784665894987.0,,
6a5fd7277096f0a31879b408,,,mouse_move,,,,,,,847.0,209.0,1784665894996.0,,
6a5fd7277096f0a31879b409,,,mouse_move,,,,,,,853.0,200.0,1784665895003.0,,
6a5fd7277096f0a31879b40a,,,mouse_move,,,,,,,855.0,200.0,1784665895135.0,,
6a5fd7277096f0a31879b40b,,,mouse_move,,,,,,,863.0,206.0,1784665895144.0,,
6a5fd7277096f0a31879b40c,,,mouse_move,,,,,,,875.0,210.0,1784665895150.0,,
6a5fd7277096f0a31879b40d,,,mouse_move,,,,,,,890.0,212.0,1784665895161.0,,
6a5fd7277096f0a31879b40e,,,mouse_move,,,,,,,915.0,212.0,1784665895170.0,,
6a5fd7277096f0a31879b40f,,,mouse_move,,,,,,,934.0,208.0,1784665895177.0,,
6a5fd7277096f0a31879b410,,,mouse_move,,,,,,,945.0,203.0,1784665895180.0,,
6a5fd7277096f0a31879b411,,,mouse_move,,,,,,,948.0,201.0,1784665895189.0,,
6a5fd7277096f0a31879b412,,,mouse_move,,,,,,,948.0,200.0,1784665895254.0,,
6a5fd7277096f0a31879b413,,,mouse_move,,,,,,,929.0,90.0,1784665895279.0,,
6a5fd7277096f0a31879b414,,,mouse_move,,,,,,,918.0,52.0,1784665895292.0,,
6a5fd7277096f0a31879b415,,,mouse_move,,,,,,,913.0,35.0,1784665895295.0,,
6a5fd7277096f0a31879b416,,,mouse_move,,,,,,,906.0,18.0,1784665895303.0,,
6a5fd74f7096f0a31879b419,,,mouse_move,,,,,,,1199.0,16.0,1784665928909.0,,
6a5fd74f7096f0a31879b41a,,,mouse_move,,,,,,,1200.0,41.0,1784665928915.0,,
6a5fd74f7096f0a31879b41b,,,mouse_move,,,,,,,1205.0,70.0,1784665928923.0,,
6a5fd74f7096f0a31879b41c,,,mouse_move,,,,,,,1206.0,101.0,1784665928931.0,,
6a5fd74f7096f0a31879b41d,,,mouse_move,,,,,,,1212.0,143.0,1784665928939.0,,
6a5fd74f7096f0a31879b41e,,,mouse_move,,,,,,,1219.0,188.0,1784665928947.0,,
6a5fd74f7096f0a31879b41f,,,mouse_move,,,,,,,1223.0,219.0,1784665928955.0,,
6a5fd74f7096f0a31879b420,,,mouse_move,,,,,,,1228.0,255.0,1784665928964.0,,
6a5fd74f7096f0a31879b421,,,mouse_move,,,,,,,1232.0,276.0,1784665928973.0,,
6a5fd74f7096f0a31879b422,,,mouse_move,,,,,,,1236.0,315.0,1784665928989.0,,
6a5fd74f7096f0a31879b423,,,mouse_move,,,,,,,1237.0,327.0,1784665928999.0,,
6a5fd74f7096f0a31879b424,,,mouse_move,,,,,,,1237.0,336.0,1784665929009.0,,
6a5fd74f7096f0a31879b425,,,mouse_move,,,,,,,1237.0,344.0,1784665929018.0,,
6a5fd74f7096f0a31879b426,,,mouse_move,,,,,,,1235.0,357.0,1784665929023.0,,
6a5fd74f7096f0a31879b427,,,mouse_move,,,,,,,1230.0,366.0,1784665929032.0,,
6a5fd74f7096f0a31879b428,,,mouse_move,,,,,,,1224.0,376.0,1784665929042.0,,
6a5fd74f7096f0a31879b429,,,mouse_move,,,,,,,1216.0,386.0,1784665929048.0,,
6a5fd74f7096f0a31879b42a,,,mouse_move,,,,,,,1202.0,400.0,1784665929055.0,,
6a5fd74f7096f0a31879b42b,,,mouse_move,,,,,,,1188.0,411.0,1784665929064.0,,
6a5fd74f7096f0a31879b42c,,,mouse_move,,,,,,,1173.0,417.0,1784665929073.0,,
6a5fd74f7096f0a31879b42d,,,mouse_move,,,,,,,1148.0,424.0,1784665929080.0,,
6a5fd74f7096f0a31879b42e,,,mouse_move,,,,,,,1135.0,427.0,1784665929089.0,,
6a5fd74f7096f0a31879b42f,,,mouse_move,,,,,,,1116.0,429.0,1784665929098.0,,
6a5fd74f7096f0a31879b430,,,mouse_move,,,,,,,1086.0,429.0,1784665929106.0,,
6a5fd74f7096f0a31879b431,,,mouse_move,,,,,,,1053.0,429.0,1784665929114.0,,
6a5fd74f7096f0a31879b432,,,mouse_move,,,,,,,1035.0,428.0,1784665929123.0,,
6a5fd74f7096f0a31879b433,,,mouse_move,,,,,,,1024.0,425.0,1784665929130.0,,
6a5fd74f7096f0a31879b434,,,mouse_move,,,,,,,1018.0,423.0,1784665929139.0,,
6a5fd74f7096f0a31879b435,,,mouse_move,,,,,,,1015.0,421.0,1784665929147.0,,
6a5fd74f7096f0a31879b436,,,mouse_move,,,,,,,1011.0,416.0,1784665929155.0,,
6a5fd74f7096f0a31879b437,,,mouse_move,,,,,,,1009.0,413.0,1784665929164.0,,
6a5fd74f7096f0a31879b438,,,mouse_move,,,,,,,1007.0,409.0,1784665929172.0,,
6a5fd74f7096f0a31879b439,,,mouse_move,,,,,,,1004.0,405.0,1784665929181.0,,
6a5fd74f7096f0a31879b43a,,,mouse_move,,,,,,,1003.0,402.0,1784665929189.0,,
6a5fd74f7096f0a31879b43b,,,mouse_move,,,,,,,1002.0,399.0,1784665929198.0,,
6a5fd74f7096f0a31879b43c,,,mouse_move,,,,,,,1000.0,397.0,1784665929206.0,,
6a5fd74f7096f0a31879b43d,,,mouse_move,,,,,,,1000.0,395.0,1784665929214.0,,
6a5fd74f7096f0a31879b43e,,,mouse_move,,,,,,,999.0,395.0,1784665929222.0,,
6a5fd74f7096f0a31879b43f,,,mouse_move,,,,,,,999.0,394.0,1784665929230.0,,
6a5fd74f7096f0a31879b440,,,mouse_move,,,,,,,999.0,395.0,1784665929259.0,,
6a5fd74f7096f0a31879b441,,,mouse_move,,,,,,,999.0,396.0,1784665929267.0,,
6a5fd74f7096f0a31879b442,,,mouse_move,,,,,,,999.0,397.0,1784665929289.0,,
6a5fd74f7096f0a31879b443,,,mouse_move,,,,,,,999.0,398.0,1784665929332.0,,
6a5fd74f7096f0a31879b444,,,mouse_move,,,,,,,1000.0,399.0,1784665929355.0,,
6a5fd74f7096f0a31879b445,,,mouse_move,,,,,,,1000.0,400.0,1784665929365.0,,
6a5fd74f7096f0a31879b446,,,mouse_move,,,,,,,1000.0,401.0,1784665929379.0,,
6a5fd74f7096f0a31879b447,,,mouse_move,,,,,,,1001.0,401.0,1784665929389.0,,
6a5fd74f7096f0a31879b448,,,mouse_move,,,,,,,1002.0,402.0,1784665929398.0,,
6a5fd74f7096f0a31879b449,,,mouse_move,,,,,,,1003.0,402.0,1784665929411.0,,
6a5fd74f7096f0a31879b44a,,,mouse_move,,,,,,,1005.0,404.0,1784665929431.0,,
6a5fd74f7096f0a31879b44b,,,mouse_move,,,,,,,1008.0,405.0,1784665929439.0,,
6a5fd74f7096f0a31879b44c,,,mouse_move,,,,,,,1012.0,405.0,1784665929449.0,,
6a5fd74f7096f0a31879b44d,,,mouse_move,,,,,,,1019.0,408.0,1784665929455.0,,
6a5fd74f7096f0a31879b44e,,,mouse_move,,,,,,,1027.0,410.0,1784665929464.0,,
6a5fd74f7096f0a31879b44f,,,mouse_move,,,,,,,1037.0,412.0,1784665929473.0,,
6a5fd74f7096f0a31879b450,,,mouse_move,,,,,,,1046.0,415.0,1784665929480.0,,
6a5fd74f7096f0a31879b451,,,mouse_move,,,,,,,1060.0,417.0,1784665929490.0,,
6a5fd74f7096f0a31879b452,,,mouse_move,,,,,,,1070.0,418.0,1784665929497.0,,
6a5fd74f7096f0a31879b453,,,mouse_move,,,,,,,1080.0,420.0,1784665929506.0,,
6a5fd74f7096f0a31879b454,,,mouse_move,,,,,,,1087.0,421.0,1784665929514.0,,
6a5fd74f7096f0a31879b455,,,mouse_move,,,,,,,1092.0,422.0,1784665929522.0,,
6a5fd74f7096f0a31879b456,,,mouse_move,,,,,,,1098.0,424.0,1784665929531.0,,
6a5fd74f7096f0a31879b457,,,mouse_move,,,,,,,1099.0,424.0,1784665929547.0,,
6a5fd74f7096f0a31879b458,,,mouse_move,,,,,,,1099.0,425.0,1784665929600.0,,
6a5fd74f7096f0a31879b459,,,mouse_move,,,,,,,1099.0,426.0,1784665929622.0,,
6a5fd74f7096f0a31879b45a,,,mouse_move,,,,,,,1098.0,427.0,1784665929635.0,,
6a5fd74f7096f0a31879b45b,,,mouse_move,,,,,,,1096.0,428.0,1784665929651.0,,
6a5fd74f7096f0a31879b45c,,,mouse_move,,,,,,,1094.0,429.0,1784665929659.0,,
6a5fd74f7096f0a31879b45d,,,mouse_move,,,,,,,1092.0,430.0,1784665929667.0,,
6a5fd74f7096f0a31879b45e,,,mouse_move,,,,,,,1082.0,433.0,1784665929675.0,,
6a5fd74f7096f0a31879b45f,,,mouse_move,,,,,,,1067.0,435.0,1784665929683.0,,
6a5fd74f7096f0a31879b460,,,mouse_move,,,,,,,1053.0,435.0,1784665929691.0,,
6a5fd74f7096f0a31879b461,,,mouse_move,,,,,,,1035.0,435.0,1784665929699.0,,
6a5fd74f7096f0a31879b462,,,mouse_move,,,,,,,1003.0,431.0,1784665929707.0,,
6a5fd74f7096f0a31879b463,,,mouse_move,,,,,,,974.0,427.0,1784665929715.0,,
6a5fd74f7096f0a31879b464,,,mouse_move,,,,,,,939.0,416.0,1784665929722.0,,
6a5fd74f7096f0a31879b465,,,mouse_move,,,,,,,919.0,407.0,1784665929731.0,,
6a5fd74f7096f0a31879b466,,,mouse_move,,,,,,,893.0,394.0,1784665929739.0,,
6a5fd74f7096f0a31879b467,,,mouse_move,,,,,,,883.0,390.0,1784665929747.0,,
6a5fd74f7096f0a31879b468,,,mouse_move,,,,,,,870.0,384.0,1784665929756.0,,
6a5fd74f7096f0a31879b469,,,mouse_move,,,,,,,867.0,381.0,1784665929764.0,,
6a5fd74f7096f0a31879b46a,,,mouse_move,,,,,,,865.0,378.0,1784665929772.0,,
6a5fd74f7096f0a31879b46b,,,mouse_move,,,,,,,862.0,376.0,1784665929781.0,,
6a5fd74f7096f0a31879b46c,,,mouse_move,,,,,,,861.0,375.0,1784665929907.0,,
6a5fd74f7096f0a31879b46d,,,mouse_move,,,,,,,860.0,374.0,1784665929915.0,,
6a5fd74f7096f0a31879b46e,,,mouse_move,,,,,,,859.0,373.0,1784665929923.0,,
6a5fd74f7096f0a31879b46f,,,mouse_move,,,,,,,858.0,372.0,1784665929939.0,,
6a5fd74f7096f0a31879b470,,,mouse_move,,,,,,,858.0,371.0,1784665929954.0,,
6a5fd74f7096f0a31879b471,,,mouse_move,,,,,,,857.0,370.0,1784665929971.0,,
6a5fd74f7096f0a31879b472,,,mouse_move,,,,,,,856.0,370.0,1784665929989.0,,
6a5fd74f7096f0a31879b473,,,mouse_move,,,,,,,856.0,368.0,1784665929998.0,,
6a5fd74f7096f0a31879b474,,,mouse_move,,,,,,,856.0,367.0,1784665930005.0,,
6a5fd74f7096f0a31879b475,,,mouse_move,,,,,,,855.0,365.0,1784665930013.0,,
6a5fd74f7096f0a31879b476,,,mouse_move,,,,,,,854.0,362.0,1784665930023.0,,
6a5fd74f7096f0a31879b477,,,mouse_move,,,,,,,853.0,357.0,1784665930030.0,,
6a5fd74f7096f0a31879b478,,,mouse_move,,,,,,,851.0,352.0,1784665930039.0,,
6a5fd74f7096f0a31879b479,,,mouse_move,,,,,,,849.0,343.0,1784665930047.0,,
6a5fd74f7096f0a31879b47a,,,mouse_move,,,,,,,847.0,336.0,1784665930055.0,,
6a5fd74f7096f0a31879b47b,,,mouse_move,,,,,,,845.0,328.0,1784665930064.0,,
6a5fd74f7096f0a31879b47c,,,mouse_move,,,,,,,844.0,321.0,1784665930072.0,,
6a5fd74f7096f0a31879b47d,,,mouse_move,,,,,,,842.0,314.0,1784665930081.0,,
6a5fd74f7096f0a31879b47e,,,mouse_move,,,,,,,842.0,311.0,1784665930089.0,,
6a5fd74f7096f0a31879b47f,,,mouse_move,,,,,,,842.0,308.0,1784665930098.0,,
6a5fd74f7096f0a31879b480,,,mouse_move,,,,,,,842.0,306.0,1784665930106.0,,
6a5fd74f7096f0a31879b481,,,mouse_move,,,,,,,841.0,305.0,1784665930122.0,,
6a5fd74f7096f0a31879b482,,,mouse_move,,,,,,,840.0,304.0,1784665930131.0,,
6a5fd74f7096f0a31879b483,,,mouse_move,,,,,,,840.0,303.0,1784665930139.0,,
6a5fd74f7096f0a31879b484,,,mouse_move,,,,,,,840.0,302.0,1784665930147.0,,
6a5fd74f7096f0a31879b485,,,mouse_move,,,,,,,838.0,301.0,1784665930155.0,,
6a5fd74f7096f0a31879b486,,,mouse_move,,,,,,,838.0,300.0,1784665930165.0,,
6a5fd74f7096f0a31879b487,,,mouse_move,,,,,,,837.0,299.0,1784665930172.0,,
6a5fd74f7096f0a31879b488,,,mouse_move,,,,,,,836.0,298.0,1784665930180.0,,
6a5fd74f7096f0a31879b489,,,mouse_move,,,,,,,836.0,296.0,1784665930189.0,,
6a5fd74f7096f0a31879b48a,,,mouse_move,,,,,,,833.0,294.0,1784665930196.0,,
6a5fd74f7096f0a31879b48b,,,mouse_move,,,,,,,832.0,292.0,1784665930205.0,,
6a5fd74f7096f0a31879b48c,,,mouse_move,,,,,,,830.0,289.0,1784665930213.0,,
6a5fd74f7096f0a31879b48d,,,mouse_move,,,,,,,826.0,286.0,1784665930222.0,,
6a5fd74f7096f0a31879b48e,,,mouse_move,,,,,,,822.0,282.0,1784665930231.0,,
6a5fd74f7096f0a31879b48f,,,mouse_move,,,,,,,819.0,279.0,1784665930238.0,,
6a5fd74f7096f0a31879b490,,,mouse_move,,,,,,,817.0,276.0,1784665930247.0,,
6a5fd74f7096f0a31879b491,,,mouse_move,,,,,,,813.0,273.0,1784665930255.0,,
6a5fd74f7096f0a31879b492,,,mouse_move,,,,,,,811.0,269.0,1784665930263.0,,
6a5fd74f7096f0a31879b493,,,mouse_move,,,,,,,809.0,266.0,1784665930272.0,,
6a5fd74f7096f0a31879b494,,,mouse_move,,,,,,,807.0,264.0,1784665930281.0,,
6a5fd74f7096f0a31879b495,,,mouse_move,,,,,,,805.0,261.0,1784665930289.0,,
6a5fd74f7096f0a31879b496,,,mouse_move,,,,,,,802.0,259.0,1784665930297.0,,
6a5fd74f7096f0a31879b497,,,mouse_move,,,,,,,799.0,256.0,1784665930306.0,,
6a5fd74f7096f0a31879b498,,,mouse_move,,,,,,,789.0,253.0,1784665930314.0,,
6a5fd74f7096f0a31879b499,,,mouse_move,,,,,,,769.0,250.0,1784665930322.0,,
6a5fd74f7096f0a31879b49a,,,mouse_move,,,,,,,759.0,248.0,1784665930330.0,,
6a5fd74f7096f0a31879b49b,,,mouse_move,,,,,,,749.0,246.0,1784665930339.0,,
6a5fd74f7096f0a31879b49c,,,mouse_move,,,,,,,738.0,242.0,1784665930346.0,,
6a5fd74f7096f0a31879b49d,,,mouse_move,,,,,,,728.0,239.0,1784665930355.0,,
6a5fd74f7096f0a31879b49e,,,mouse_move,,,,,,,716.0,236.0,1784665930363.0,,
6a5fd74f7096f0a31879b49f,,,mouse_move,,,,,,,706.0,232.0,1784665930372.0,,
6a5fd74f7096f0a31879b4a0,,,mouse_move,,,,,,,696.0,228.0,1784665930379.0,,
6a5fd74f7096f0a31879b4a1,,,mouse_move,,,,,,,688.0,225.0,1784665930389.0,,
6a5fd74f7096f0a31879b4a2,,,mouse_move,,,,,,,678.0,222.0,1784665930397.0,,
6a5fd74f7096f0a31879b4a3,,,mouse_move,,,,,,,669.0,217.0,1784665930405.0,,
6a5fd74f7096f0a31879b4a4,,,mouse_move,,,,,,,660.0,215.0,1784665930414.0,,
6a5fd74f7096f0a31879b4a5,,,mouse_move,,,,,,,647.0,213.0,1784665930423.0,,
6a5fd74f7096f0a31879b4a6,,,mouse_move,,,,,,,636.0,212.0,1784665930430.0,,
6a5fd74f7096f0a31879b4a7,,,mouse_move,,,,,,,625.0,212.0,1784665930439.0,,
6a5fd74f7096f0a31879b4a8,,,mouse_move,,,,,,,612.0,212.0,1784665930448.0,,
6a5fd74f7096f0a31879b4a9,,,mouse_move,,,,,,,600.0,214.0,1784665930456.0,,
6a5fd74f7096f0a31879b4aa,,,mouse_move,,,,,,,589.0,215.0,1784665930464.0,,
6a5fd74f7096f0a31879b4ab,,,mouse_move,,,,,,,576.0,218.0,1784665930472.0,,
6a5fd74f7096f0a31879b4ac,,,mouse_move,,,,,,,569.0,219.0,1784665930480.0,,
6a5fd74f7096f0a31879b4ad,,,mouse_move,,,,,,,562.0,221.0,1784665930489.0,,
6a5fd74f7096f0a31879b4ae,,,mouse_move,,,,,,,555.0,222.0,1784665930497.0,,
6a5fd74f7096f0a31879b4af,,,mouse_move,,,,,,,549.0,223.0,1784665930507.0,,
6a5fd74f7096f0a31879b4b0,,,mouse_move,,,,,,,548.0,222.0,1784665930539.0,,
6a5fd74f7096f0a31879b4b1,,,mouse_move,,,,,,,547.0,222.0,1784665930547.0,,
6a5fd74f7096f0a31879b4b2,,,mouse_move,,,,,,,547.0,220.0,1784665930555.0,,
6a5fd74f7096f0a31879b4b3,,,mouse_move,,,,,,,546.0,220.0,1784665930564.0,,
6a5fd74f7096f0a31879b4b4,,,mouse_move,,,,,,,546.0,219.0,1784665930571.0,,
6a5fd7597096f0a31879b4b5,,,mouse_move,,,,,,,1086.0,608.0,1784665936940.0,,
6a5fd7597096f0a31879b4b6,,,mouse_move,,,,,,,1086.0,609.0,1784665936979.0,,
6a5fd7597096f0a31879b4b7,,,mouse_move,,,,,,,1087.0,610.0,1784665936990.0,,
6a5fd7597096f0a31879b4b8,,,mouse_move,,,,,,,1087.0,611.0,1784665936999.0,,
6a5fd7597096f0a31879b4b9,,,mouse_move,,,,,,,1083.0,611.0,1784665937219.0,,
6a5fd7597096f0a31879b4ba,,,mouse_move,,,,,,,1079.0,609.0,1784665937225.0,,
6a5fd7597096f0a31879b4bb,,,mouse_move,,,,,,,1074.0,604.0,1784665937234.0,,
6a5fd7597096f0a31879b4bc,,,mouse_move,,,,,,,1072.0,602.0,1784665937243.0,,
6a5fd7597096f0a31879b4bd,,,mouse_move,,,,,,,1071.0,600.0,1784665937250.0,,
6a5fd7597096f0a31879b4be,,,mouse_move,,,,,,,1070.0,597.0,1784665937258.0,,
6a5fd7597096f0a31879b4bf,,,mouse_move,,,,,,,1069.0,595.0,1784665937267.0,,
6a5fd7597096f0a31879b4c0,,,mouse_move,,,,,,,1067.0,594.0,1784665937279.0,,
6a5fd7597096f0a31879b4c1,,,mouse_move,,,,,,,1067.0,593.0,1784665937287.0,,
6a5fd7597096f0a31879b4c2,,,mouse_move,,,,,,,1066.0,592.0,1784665937296.0,,
6a5fd7597096f0a31879b4c3,,,mouse_move,,,,,,,1064.0,592.0,1784665937304.0,,
6a5fd7597096f0a31879b4c4,,,mouse_move,,,,,,,1062.0,591.0,1784665937313.0,,
6a5fd7597096f0a31879b4c5,,,mouse_move,,,,,,,1060.0,590.0,1784665937320.0,,
6a5fd7597096f0a31879b4c6,,,mouse_move,,,,,,,1058.0,590.0,1784665937329.0,,
6a5fd7597096f0a31879b4c7,,,mouse_move,,,,,,,1057.0,590.0,1784665937337.0,,
6a5fd7597096f0a31879b4c8,,,mouse_move,,,,,,,1056.0,589.0,1784665937345.0,,
6a5fd7597096f0a31879b4c9,,,mouse_move,,,,,,,1055.0,589.0,1784665937353.0,,
6a5fd7597096f0a31879b4ca,,,mouse_move,,,,,,,1055.0,588.0,1784665937362.0,,
6a5fd7597096f0a31879b4cb,,,mouse_move,,,,,,,1054.0,588.0,1784665937384.0,,
6a5fd7597096f0a31879b4cc,,,mouse_move,,,,,,,1053.0,587.0,1784665937428.0,,
6a5fd7597096f0a31879b4cd,,,mouse_move,,,,,,,1052.0,585.0,1784665937438.0,,
6a5fd7597096f0a31879b4ce,,,mouse_move,,,,,,,1052.0,584.0,1784665937446.0,,
6a5fd7597096f0a31879b4cf,,,mouse_move,,,,,,,1051.0,583.0,1784665937453.0,,
6a5fd7597096f0a31879b4d0,,,mouse_move,,,,,,,1050.0,583.0,1784665937459.0,,
6a5fd7597096f0a31879b4d1,,,mouse_move,,,,,,,1050.0,582.0,1784665937467.0,,
6a5fd7597096f0a31879b4d2,,,mouse_move,,,,,,,1049.0,582.0,1784665937475.0,,
6a5fd7597096f0a31879b4d3,,,mouse_move,,,,,,,1049.0,581.0,1784665937490.0,,
6a5fd7597096f0a31879b4d4,,,mouse_move,,,,,,,1048.0,581.0,1784665939952.0,,
6a5fd7597096f0a31879b4d5,,,mouse_move,,,,,,,1046.0,582.0,1784665939963.0,,
6a5fd7597096f0a31879b4d6,,,mouse_move,,,,,,,1044.0,585.0,1784665939967.0,,
6a5fd7597096f0a31879b4d7,,,mouse_move,,,,,,,1036.0,590.0,1784665939974.0,,
6a5fd7597096f0a31879b4d8,,,mouse_move,,,,,,,1023.0,610.0,1784665939983.0,,
6a5fd7597096f0a31879b4d9,,,mouse_move,,,,,,,1020.0,625.0,1784665939991.0,,
6a5fd7597096f0a31879b4da,,,mouse_move,,,,,,,1015.0,654.0,1784665939999.0,,
6a5fd7597096f0a31879b4db,,,mouse_move,,,,,,,1010.0,691.0,1784665940007.0,,
6a5fd7597096f0a31879b4dc,,,mouse_move,,,,,,,1004.0,738.0,1784665940016.0,,
6a5fd7aa7096f0a31879b4dd,,,mouse_move,,,,,,,717.0,760.0,1784666015983.0,,
6a5fd7aa7096f0a31879b4de,,,mouse_move,,,,,,,717.0,760.0,1784666015992.0,,
6a5fd7aa7096f0a31879b4df,,,mouse_move,,,,,,,619.0,608.0,1784666016001.0,,
6a5fd7aa7096f0a31879b4e0,,,mouse_move,,,,,,,605.0,577.0,1784666016009.0,,
6a5fd7aa7096f0a31879b4e1,,,mouse_move,,,,,,,589.0,541.0,1784666016017.0,,
6a5fd7aa7096f0a31879b4e2,,,mouse_move,,,,,,,579.0,513.0,1784666016027.0,,
6a5fd7aa7096f0a31879b4e3,,,mouse_move,,,,,,,566.0,477.0,1784666016034.0,,
6a5fd7aa7096f0a31879b4e4,,,mouse_move,,,,,,,561.0,441.0,1784666016042.0,,
6a5fd7aa7096f0a31879b4e5,,,mouse_move,,,,,,,559.0,405.0,1784666016050.0,,
6a5fd7aa7096f0a31879b4e6,,,mouse_move,,,,,,,564.0,353.0,1784666016059.0,,
6a5fd7aa7096f0a31879b4e7,,,mouse_move,,,,,,,568.0,335.0,1784666016067.0,,
6a5fd7aa7096f0a31879b4e8,,,mouse_move,,,,,,,568.0,325.0,1784666016075.0,,
6a5fd7aa7096f0a31879b4e9,,,mouse_move,,,,,,,568.0,317.0,1784666016083.0,,
6a5fd7aa7096f0a31879b4ea,,,mouse_move,,,,,,,564.0,311.0,1784666016092.0,,
6a5fd7aa7096f0a31879b4eb,,,mouse_move,,,,,,,558.0,305.0,1784666016100.0,,
6a5fd7aa7096f0a31879b4ec,,,mouse_move,,,,,,,550.0,300.0,1784666016110.0,,
6a5fd7aa7096f0a31879b4ed,,,mouse_move,,,,,,,542.0,293.0,1784666016117.0,,
6a5fd7aa7096f0a31879b4ee,,,mouse_move,,,,,,,534.0,289.0,1784666016125.0,,
6a5fd7aa7096f0a31879b4ef,,,mouse_move,,,,,,,530.0,285.0,1784666016135.0,,
6a5fd7aa7096f0a31879b4f0,,,mouse_move,,,,,,,525.0,281.0,1784666016143.0,,
6a5fd7aa7096f0a31879b4f1,,,mouse_move,,,,,,,523.0,279.0,1784666016150.0,,
6a5fd7aa7096f0a31879b4f2,,,mouse_move,,,,,,,520.0,277.0,1784666016159.0,,
6a5fd7aa7096f0a31879b4f3,,,mouse_move,,,,,,,515.0,272.0,1784666016168.0,,
6a5fd7aa7096f0a31879b4f4,,,mouse_move,,,,,,,510.0,266.0,1784666016176.0,,
6a5fd7aa7096f0a31879b4f5,,,mouse_move,,,,,,,500.0,258.0,1784666016183.0,,
6a5fd7aa7096f0a31879b4f6,,,mouse_move,,,,,,,491.0,250.0,1784666016193.0,,
6a5fd7aa7096f0a31879b4f7,,,mouse_move,,,,,,,474.0,238.0,1784666016200.0,,
6a5fd7aa7096f0a31879b4f8,,,mouse_move,,,,,,,460.0,228.0,1784666016209.0,,
6a5fd7aa7096f0a31879b4f9,,,mouse_move,,,,,,,438.0,208.0,1784666016219.0,,
6a5fd7aa7096f0a31879b4fa,,,mouse_move,,,,,,,428.0,199.0,1784666016227.0,,
6a5fd7aa7096f0a31879b4fb,,,mouse_move,,,,,,,420.0,188.0,1784666016234.0,,
6a5fd7aa7096f0a31879b4fc,,,mouse_move,,,,,,,408.0,172.0,1784666016242.0,,
6a5fd7aa7096f0a31879b4fd,,,mouse_move,,,,,,,398.0,158.0,1784666016251.0,,
6a5fd7aa7096f0a31879b4fe,,,mouse_move,,,,,,,389.0,145.0,1784666016259.0,,
6a5fd7aa7096f0a31879b4ff,,,mouse_move,,,,,,,379.0,131.0,1784666016269.0,,
6a5fd7aa7096f0a31879b500,,,mouse_move,,,,,,,366.0,112.0,1784666016276.0,,
6a5fd7aa7096f0a31879b501,,,mouse_move,,,,,,,359.0,103.0,1784666016284.0,,
6a5fd7aa7096f0a31879b502,,,mouse_move,,,,,,,343.0,85.0,1784666016293.0,,
6a5fd7aa7096f0a31879b503,,,mouse_move,,,,,,,330.0,72.0,1784666016301.0,,
6a5fd7aa7096f0a31879b504,,,mouse_move,,,,,,,318.0,63.0,1784666016309.0,,
6a5fd7aa7096f0a31879b505,,,mouse_move,,,,,,,301.0,46.0,1784666016319.0,,
6a5fd7aa7096f0a31879b506,,,mouse_move,,,,,,,292.0,36.0,1784666016326.0,,
6a5fd7aa7096f0a31879b507,,,mouse_move,,,,,,,283.0,26.0,1784666016334.0,,
6a5fd7aa7096f0a31879b508,,,mouse_move,,,,,,,275.0,16.0,1784666016342.0,,
6a5fd7aa7096f0a31879b509,,,mouse_move,,,,,,,263.0,7.0,1784666016351.0,,
6a5fd7aa7096f0a31879b50a,,,mouse_move,,,,,,,250.0,0.0,1784666016359.0,,
6a5fd7d17096f0a31879b513,,,mouse_move,,,,,,,1089.0,5.0,1784666060556.0,,
6a5fd7d17096f0a31879b514,,,mouse_move,,,,,,,1081.0,16.0,1784666060563.0,,
6a5fd7d17096f0a31879b515,,,mouse_move,,,,,,,1073.0,25.0,1784666060572.0,,
6a5fd7d17096f0a31879b516,,,mouse_move,,,,,,,1066.0,35.0,1784666060580.0,,
6a5fd7d17096f0a31879b517,,,mouse_move,,,,,,,1058.0,45.0,1784666060588.0,,
6a5fd7d17096f0a31879b518,,,mouse_move,,,,,,,1050.0,51.0,1784666060598.0,,
6a5fd7d17096f0a31879b519,,,mouse_move,,,,,,,1041.0,60.0,1784666060606.0,,
6a5fd7d17096f0a31879b51a,,,mouse_move,,,,,,,1033.0,66.0,1784666060615.0,,
6a5fd7d17096f0a31879b51b,,,mouse_move,,,,,,,1018.0,75.0,1784666060625.0,,
6a5fd7d17096f0a31879b51c,,,mouse_move,,,,,,,1005.0,82.0,1784666060631.0,,
6a5fd7d17096f0a31879b51d,,,mouse_move,,,,,,,994.0,86.0,1784666060639.0,,
6a5fd7d17096f0a31879b51e,,,mouse_move,,,,,,,981.0,91.0,1784666060650.0,,
6a5fd7d17096f0a31879b51f,,,mouse_move,,,,,,,966.0,94.0,1784666060656.0,,
6a5fd7d17096f0a31879b520,,,mouse_move,,,,,,,954.0,97.0,1784666060663.0,,
6a5fd7d17096f0a31879b521,,,mouse_move,,,,,,,939.0,100.0,1784666060672.0,,
6a5fd7d17096f0a31879b522,,,mouse_move,,,,,,,925.0,101.0,1784666060681.0,,
6a5fd7d17096f0a31879b523,,,mouse_move,,,,,,,910.0,105.0,1784666060689.0,,
6a5fd7d17096f0a31879b524,,,mouse_move,,,,,,,891.0,109.0,1784666060697.0,,
6a5fd7d17096f0a31879b525,,,mouse_move,,,,,,,846.0,127.0,1784666060706.0,,
6a5fd7d17096f0a31879b526,,,mouse_move,,,,,,,827.0,138.0,1784666060714.0,,
6a5fd7d17096f0a31879b527,,,mouse_move,,,,,,,803.0,151.0,1784666060722.0,,
6a5fd7d17096f0a31879b528,,,mouse_move,,,,,,,769.0,171.0,1784666060732.0,,
6a5fd7d17096f0a31879b529,,,mouse_move,,,,,,,746.0,182.0,1784666060742.0,,
6a5fd7d17096f0a31879b52a,,,mouse_move,,,,,,,725.0,191.0,1784666060748.0,,
6a5fd7d17096f0a31879b52b,,,mouse_move,,,,,,,711.0,197.0,1784666060755.0,,
6a5fd7d17096f0a31879b52c,,,mouse_move,,,,,,,693.0,203.0,1784666060764.0,,
6a5fd7d17096f0a31879b52d,,,mouse_move,,,,,,,685.0,207.0,1784666060772.0,,
6a5fd7d17096f0a31879b52e,,,mouse_move,,,,,,,679.0,209.0,1784666060780.0,,
6a5fd7d17096f0a31879b52f,,,mouse_move,,,,,,,675.0,211.0,1784666060789.0,,
6a5fd7d17096f0a31879b530,,,mouse_move,,,,,,,672.0,215.0,1784666060797.0,,
6a5fd7d17096f0a31879b531,,,mouse_move,,,,,,,670.0,219.0,1784666060806.0,,
6a5fd7d17096f0a31879b532,,,mouse_move,,,,,,,670.0,223.0,1784666060814.0,,
6a5fd7d17096f0a31879b533,,,mouse_move,,,,,,,670.0,228.0,1784666060821.0,,
6a5fd7d17096f0a31879b534,,,mouse_move,,,,,,,671.0,230.0,1784666060830.0,,
6a5fd7d17096f0a31879b535,,,mouse_move,,,,,,,672.0,234.0,1784666060839.0,,
6a5fd7d17096f0a31879b536,,,mouse_move,,,,,,,674.0,239.0,1784666060846.0,,
6a5fd7d17096f0a31879b537,,,mouse_move,,,,,,,675.0,244.0,1784666060855.0,,
6a5fd7d17096f0a31879b538,,,mouse_move,,,,,,,677.0,251.0,1784666060864.0,,
6a5fd7d17096f0a31879b539,,,mouse_move,,,,,,,679.0,263.0,1784666060872.0,,
6a5fd7d17096f0a31879b53a,,,mouse_move,,,,,,,683.0,274.0,1784666060881.0,,
6a5fd7d17096f0a31879b53b,,,mouse_move,,,,,,,684.0,282.0,1784666060889.0,,
6a5fd7d17096f0a31879b53c,,,mouse_move,,,,,,,684.0,287.0,1784666060898.0,,
6a5fd7d17096f0a31879b53d,,,mouse_move,,,,,,,684.0,293.0,1784666060907.0,,
6a5fd7d17096f0a31879b53e,,,mouse_move,,,,,,,684.0,299.0,1784666060914.0,,
6a5fd7d17096f0a31879b53f,,,mouse_move,,,,,,,684.0,305.0,1784666060923.0,,
6a5fd7d17096f0a31879b540,,,mouse_move,,,,,,,684.0,316.0,1784666060932.0,,
6a5fd7d17096f0a31879b541,,,mouse_move,,,,,,,683.0,321.0,1784666060940.0,,
6a5fd7d17096f0a31879b542,,,mouse_move,,,,,,,682.0,325.0,1784666060948.0,,
6a5fd7d17096f0a31879b543,,,mouse_move,,,,,,,681.0,331.0,1784666060955.0,,
6a5fd7d17096f0a31879b544,,,mouse_move,,,,,,,680.0,336.0,1784666060963.0,,
6a5fd7d17096f0a31879b545,,,mouse_move,,,,,,,677.0,346.0,1784666060972.0,,
6a5fd7d17096f0a31879b546,,,mouse_move,,,,,,,674.0,354.0,1784666060981.0,,
6a5fd7d17096f0a31879b547,,,mouse_move,,,,,,,669.0,363.0,1784666060990.0,,
6a5fd7d17096f0a31879b548,,,mouse_move,,,,,,,662.0,377.0,1784666060998.0,,
6a5fd7d17096f0a31879b549,,,mouse_move,,,,,,,653.0,387.0,1784666061005.0,,
6a5fd7d17096f0a31879b54a,,,mouse_move,,,,,,,644.0,396.0,1784666061015.0,,
6a5fd7d17096f0a31879b54b,,,mouse_move,,,,,,,631.0,406.0,1784666061022.0,,
6a5fd7d17096f0a31879b54c,,,mouse_move,,,,,,,621.0,411.0,1784666061031.0,,
6a5fd7d17096f0a31879b54d,,,mouse_move,,,,,,,610.0,416.0,1784666061038.0,,
6a5fd7d17096f0a31879b54e,,,mouse_move,,,,,,,598.0,419.0,1784666061047.0,,
6a5fd7d17096f0a31879b54f,,,mouse_move,,,,,,,581.0,422.0,1784666061056.0,,
6a5fd7d17096f0a31879b550,,,mouse_move,,,,,,,568.0,424.0,1784666061065.0,,
6a5fd7d17096f0a31879b551,,,mouse_move,,,,,,,553.0,426.0,1784666061075.0,,
6a5fd7d17096f0a31879b552,,,mouse_move,,,,,,,524.0,431.0,1784666061097.0,,
6a5fd7d17096f0a31879b553,,,mouse_move,,,,,,,517.0,431.0,1784666061105.0,,
6a5fd7d17096f0a31879b554,,,mouse_move,,,,,,,516.0,431.0,1784666061114.0,,
6a5fd7d17096f0a31879b555,,,mouse_click,,,,,,,516.0,431.0,1784666061242.0,0.0,
6a5fd7d17096f0a31879b556,,,mouse_move,,,,,,,518.0,432.0,1784666061283.0,,
6a5fd7d17096f0a31879b557,,,mouse_move,,,,,,,521.0,433.0,1784666061291.0,,
6a5fd7d17096f0a31879b558,,,mouse_move,,,,,,,526.0,434.0,1784666061298.0,,
6a5fd7d17096f0a31879b559,,,mouse_move,,,,,,,532.0,434.0,1784666061306.0,,
6a5fd7d17096f0a31879b55a,,,mouse_move,,,,,,,544.0,435.0,1784666061314.0,,
6a5fd7d17096f0a31879b55b,,,mouse_move,,,,,,,556.0,435.0,1784666061322.0,,
6a5fd7d17096f0a31879b55c,,,mouse_move,,,,,,,568.0,435.0,1784666061330.0,,
6a5fd7d17096f0a31879b55d,,,mouse_move,,,,,,,582.0,438.0,1784666061338.0,,
6a5fd7d17096f0a31879b55e,,,mouse_move,,,,,,,594.0,440.0,1784666061347.0,,
6a5fd7d17096f0a31879b55f,,,mouse_move,,,,,,,605.0,445.0,1784666061355.0,,
6a5fd7d17096f0a31879b560,,,mouse_move,,,,,,,618.0,448.0,1784666061363.0,,
6a5fd7d17096f0a31879b561,,,mouse_move,,,,,,,631.0,451.0,1784666061371.0,,
6a5fd7d17096f0a31879b562,,,mouse_move,,,,,,,646.0,456.0,1784666061381.0,,
6a5fd7d17096f0a31879b563,,,mouse_move,,,,,,,660.0,458.0,1784666061389.0,,
6a5fd7d17096f0a31879b564,,,mouse_move,,,,,,,683.0,463.0,1784666061397.0,,
6a5fd7d17096f0a31879b565,,,mouse_move,,,,,,,701.0,467.0,1784666061407.0,,
6a5fd7d17096f0a31879b566,,,mouse_move,,,,,,,716.0,468.0,1784666061414.0,,
6a5fd7d17096f0a31879b567,,,mouse_move,,,,,,,737.0,470.0,1784666061422.0,,
6a5fd7d17096f0a31879b568,,,mouse_move,,,,,,,748.0,471.0,1784666061430.0,,
6a5fd7d17096f0a31879b569,,,mouse_move,,,,,,,764.0,473.0,1784666061439.0,,
6a5fd7d17096f0a31879b56a,,,mouse_move,,,,,,,777.0,473.0,1784666061448.0,,
6a5fd7d17096f0a31879b56b,,,mouse_move,,,,,,,791.0,473.0,1784666061456.0,,
6a5fd7d17096f0a31879b56c,,,mouse_move,,,,,,,803.0,473.0,1784666061464.0,,
6a5fd7d17096f0a31879b56d,,,mouse_move,,,,,,,819.0,473.0,1784666061473.0,,
6a5fd7d17096f0a31879b56e,,,mouse_move,,,,,,,832.0,473.0,1784666061481.0,,
6a5fd7d17096f0a31879b56f,,,mouse_move,,,,,,,844.0,471.0,1784666061488.0,,
6a5fd7d17096f0a31879b570,,,mouse_move,,,,,,,855.0,470.0,1784666061496.0,,
6a5fd7d17096f0a31879b571,,,mouse_move,,,,,,,872.0,468.0,1784666061506.0,,
6a5fd7d17096f0a31879b572,,,mouse_move,,,,,,,875.0,468.0,1784666061513.0,,
6a5fd7d17096f0a31879b573,,,mouse_move,,,,,,,876.0,468.0,1784666061522.0,,
6a5fd7d17096f0a31879b574,,,mouse_move,,,,,,,875.0,469.0,1784666061572.0,,
6a5fd7d17096f0a31879b575,,,mouse_move,,,,,,,875.0,470.0,1784666061581.0,,
6a5fd7d17096f0a31879b576,,,mouse_move,,,,,,,874.0,471.0,1784666061594.0,,
6a5fd7d17096f0a31879b577,,,mouse_move,,,,,,,873.0,473.0,1784666061603.0,,
6a5fd7d17096f0a31879b578,,,mouse_move,,,,,,,873.0,475.0,1784666061611.0,,
6a5fd7d17096f0a31879b579,,,mouse_move,,,,,,,871.0,476.0,1784666061618.0,,
6a5fd7d17096f0a31879b57a,,,mouse_move,,,,,,,870.0,479.0,1784666061626.0,,
6a5fd7d17096f0a31879b57b,,,mouse_move,,,,,,,869.0,481.0,1784666061635.0,,
6a5fd7d17096f0a31879b57c,,,mouse_move,,,,,,,867.0,483.0,1784666061648.0,,
6a5fd7d17096f0a31879b57d,,,mouse_move,,,,,,,862.0,487.0,1784666061665.0,,
6a5fd7d17096f0a31879b57e,,,mouse_move,,,,,,,856.0,490.0,1784666061675.0,,
6a5fd7d17096f0a31879b57f,,,mouse_move,,,,,,,855.0,491.0,1784666061685.0,,
6a5fd7d17096f0a31879b580,,,mouse_move,,,,,,,854.0,492.0,1784666061692.0,,
6a5fd7d17096f0a31879b581,,,mouse_move,,,,,,,852.0,492.0,1784666061701.0,,
6a5fd7d17096f0a31879b582,,,mouse_move,,,,,,,851.0,492.0,1784666061709.0,,
6a5fd7d17096f0a31879b583,,,mouse_move,,,,,,,851.0,493.0,1784666061718.0,,
6a5fd7d17096f0a31879b584,,,mouse_move,,,,,,,849.0,494.0,1784666061726.0,,
6a5fd7d17096f0a31879b585,,,mouse_move,,,,,,,846.0,495.0,1784666061734.0,,
6a5fd7d17096f0a31879b586,,,mouse_move,,,,,,,843.0,496.0,1784666061745.0,,
6a5fd7d17096f0a31879b587,,,mouse_move,,,,,,,842.0,496.0,1784666061752.0,,
6a5fd7d17096f0a31879b588,,,mouse_move,,,,,,,839.0,497.0,1784666061760.0,,
6a5fd7d17096f0a31879b589,,,mouse_move,,,,,,,837.0,498.0,1784666061768.0,,
6a5fd7d17096f0a31879b58a,,,mouse_move,,,,,,,835.0,498.0,1784666061777.0,,
6a5fd7d17096f0a31879b58b,,,mouse_move,,,,,,,831.0,495.0,1784666061785.0,,
6a5fd7d17096f0a31879b58c,,,mouse_move,,,,,,,826.0,487.0,1784666061794.0,,
6a5fd7d17096f0a31879b58d,,,mouse_move,,,,,,,820.0,477.0,1784666061801.0,,
6a5fd7d17096f0a31879b58e,,,mouse_move,,,,,,,816.0,469.0,1784666061811.0,,
6a5fd7d17096f0a31879b58f,,,mouse_move,,,,,,,807.0,448.0,1784666061819.0,,
6a5fd7d17096f0a31879b590,,,mouse_move,,,,,,,799.0,435.0,1784666061826.0,,
6a5fd7d17096f0a31879b591,,,mouse_move,,,,,,,791.0,414.0,1784666061834.0,,
6a5fd7d17096f0a31879b592,,,mouse_move,,,,,,,788.0,410.0,1784666061842.0,,
6a5fd7d17096f0a31879b593,,,mouse_move,,,,,,,786.0,405.0,1784666061851.0,,
6a5fd7d17096f0a31879b594,,,mouse_move,,,,,,,784.0,402.0,1784666061860.0,,
6a5fd7d17096f0a31879b595,,,mouse_move,,,,,,,784.0,401.0,1784666061867.0,,
6a5fd7d17096f0a31879b596,,,mouse_move,,,,,,,783.0,401.0,1784666061877.0,,
6a5fd7d17096f0a31879b597,,,mouse_move,,,,,,,783.0,400.0,1784666061884.0,,
6a5fd7d17096f0a31879b598,,,mouse_move,,,,,,,782.0,400.0,1784666061909.0,,
6a5fd7d17096f0a31879b599,,,mouse_move,,,,,,,781.0,400.0,1784666061943.0,,
6a5fd7d17096f0a31879b59a,,,mouse_move,,,,,,,780.0,400.0,1784666061959.0,,
6a5fd7d17096f0a31879b59b,,,mouse_click,,,,,,,780.0,400.0,1784666062090.0,0.0,
6a5fd7d17096f0a31879b59c,,,mouse_move,,,,,,,780.0,401.0,1784666062106.0,,
6a5fd7d17096f0a31879b59d,,,mouse_move,,,,,,,780.0,402.0,1784666062114.0,,
6a5fd7d17096f0a31879b59e,,,mouse_move,,,,,,,780.0,404.0,1784666062122.0,,
6a5fd7d17096f0a31879b59f,,,mouse_move,,,,,,,780.0,408.0,1784666062130.0,,
6a5fd7d17096f0a31879b5a0,,,mouse_move,,,,,,,780.0,410.0,1784666062138.0,,
6a5fd7d17096f0a31879b5a1,,,mouse_move,,,,,,,779.0,413.0,1784666062146.0,,
6a5fd7d17096f0a31879b5a2,,,mouse_move,,,,,,,779.0,414.0,1784666062154.0,,
6a5fd7d17096f0a31879b5a3,,,mouse_move,,,,,,,779.0,415.0,1784666062161.0,,
6a5fd7d17096f0a31879b5a4,,,mouse_move,,,,,,,779.0,416.0,1784666062170.0,,
6a5fd7d17096f0a31879b5a5,,,mouse_move,,,,,,,779.0,417.0,1784666062179.0,,
6a5fd7d17096f0a31879b5a6,,,mouse_move,,,,,,,779.0,418.0,1784666062201.0,,
6a5fd7d17096f0a31879b5a7,,,mouse_click,,,,,,,779.0,418.0,1784666062371.0,0.0,
6a5fd7d17096f0a31879b5a8,,,mouse_move,,,,,,,780.0,418.0,1784666063266.0,,
6a5fd7d17096f0a31879b5a9,,,mouse_move,,,,,,,782.0,422.0,1784666063843.0,,
6a5fd7d17096f0a31879b5aa,,,mouse_move,,,,,,,784.0,428.0,1784666063850.0,,
6a5fd7d17096f0a31879b5ab,,,mouse_move,,,,,,,784.0,433.0,1784666063859.0,,
6a5fd7d17096f0a31879b5ac,,,mouse_move,,,,,,,784.0,436.0,1784666063867.0,,
6a5fd7d17096f0a31879b5ad,,,mouse_move,,,,,,,784.0,440.0,1784666063880.0,,
6a5fd7d17096f0a31879b5ae,,,mouse_move,,,,,,,784.0,443.0,1784666063889.0,,
6a5fd7d17096f0a31879b5af,,,mouse_move,,,,,,,783.0,445.0,1784666063897.0,,
6a5fd7d17096f0a31879b5b0,,,mouse_move,,,,,,,783.0,446.0,1784666063907.0,,
6a5fd7d17096f0a31879b5b1,,,mouse_move,,,,,,,783.0,447.0,1784666063954.0,,
6a5fd7d17096f0a31879b5b2,,,mouse_move,,,,,,,780.0,452.0,1784666063963.0,,
6a5fd7d17096f0a31879b5b3,,,mouse_move,,,,,,,777.0,454.0,1784666063971.0,,
6a5fd7d17096f0a31879b5b4,,,mouse_move,,,,,,,774.0,456.0,1784666063980.0,,
6a5fd7d17096f0a31879b5b5,,,mouse_move,,,,,,,773.0,460.0,1784666063989.0,,
6a5fd7d17096f0a31879b5b6,,,mouse_move,,,,,,,771.0,460.0,1784666063997.0,,
6a5fd7d17096f0a31879b5b7,,,mouse_move,,,,,,,770.0,462.0,1784666064005.0,,
6a5fd7d17096f0a31879b5b8,,,mouse_move,,,,,,,769.0,462.0,1784666064013.0,,
6a5fd7d17096f0a31879b5b9,,,mouse_move,,,,,,,769.0,464.0,1784666064147.0,,
6a5fd7d17096f0a31879b5ba,,,mouse_move,,,,,,,769.0,466.0,1784666064155.0,,
6a5fd7d17096f0a31879b5bb,,,mouse_move,,,,,,,769.0,468.0,1784666064162.0,,
6a5fd7d17096f0a31879b5bc,,,mouse_move,,,,,,,769.0,471.0,1784666064171.0,,
6a5fd7d17096f0a31879b5bd,,,mouse_move,,,,,,,769.0,473.0,1784666064179.0,,
6a5fd7d17096f0a31879b5be,,,mouse_move,,,,,,,770.0,476.0,1784666064188.0,,
6a5fd7d17096f0a31879b5bf,,,mouse_move,,,,,,,771.0,479.0,1784666064197.0,,
6a5fd7d17096f0a31879b5c0,,,mouse_move,,,,,,,771.0,481.0,1784666064205.0,,
6a5fd7d17096f0a31879b5c1,,,mouse_move,,,,,,,771.0,483.0,1784666064213.0,,
6a5fd7d17096f0a31879b5c2,,,mouse_move,,,,,,,771.0,485.0,1784666064222.0,,
6a5fd7d17096f0a31879b5c3,,,mouse_move,,,,,,,771.0,486.0,1784666064231.0,,
6a5fd7d17096f0a31879b5c4,,,mouse_move,,,,,,,771.0,488.0,1784666064240.0,,
6a5fd7d17096f0a31879b5c5,,,mouse_move,,,,,,,771.0,490.0,1784666064245.0,,
6a5fd7d17096f0a31879b5c6,,,mouse_move,,,,,,,771.0,491.0,1784666064262.0,,
6a5fd7d17096f0a31879b5c7,,,mouse_move,,,,,,,771.0,492.0,1784666064279.0,,
6a5fd7d17096f0a31879b5c8,,,mouse_move,,,,,,,771.0,493.0,1784666064287.0,,
6a5fd7d17096f0a31879b5c9,,,mouse_move,,,,,,,771.0,494.0,1784666064296.0,,
6a5fd7d17096f0a31879b5ca,,,mouse_move,,,,,,,771.0,495.0,1784666064312.0,,
6a5fd7d17096f0a31879b5cb,,,mouse_move,,,,,,,771.0,496.0,1784666064339.0,,
6a5fd7d17096f0a31879b5cc,,,mouse_click,,,,,,,771.0,496.0,1784666064501.0,0.0,
6a5fd7d17096f0a31879b5cd,,,mouse_move,,,,,,,773.0,494.0,1784666064790.0,,
6a5fd7d17096f0a31879b5ce,,,mouse_move,,,,,,,775.0,492.0,1784666064795.0,,
6a5fd7d17096f0a31879b5cf,,,mouse_move,,,,,,,777.0,489.0,1784666064806.0,,
6a5fd7d17096f0a31879b5d0,,,mouse_move,,,,,,,780.0,485.0,1784666064812.0,,
6a5fd7d17096f0a31879b5d1,,,mouse_move,,,,,,,785.0,479.0,1784666064819.0,,
6a5fd7d17096f0a31879b5d2,,,mouse_move,,,,,,,788.0,476.0,1784666064828.0,,
6a5fd7d17096f0a31879b5d3,,,mouse_move,,,,,,,796.0,468.0,1784666064836.0,,
6a5fd7d17096f0a31879b5d4,,,mouse_move,,,,,,,802.0,463.0,1784666064846.0,,
6a5fd7d17096f0a31879b5d5,,,mouse_move,,,,,,,815.0,455.0,1784666064853.0,,
6a5fd7d17096f0a31879b5d6,,,mouse_move,,,,,,,829.0,446.0,1784666064862.0,,
6a5fd7d17096f0a31879b5d7,,,mouse_move,,,,,,,847.0,436.0,1784666064870.0,,
6a5fd7d17096f0a31879b5d8,,,mouse_move,,,,,,,875.0,425.0,1784666064879.0,,
6a5fd7d17096f0a31879b5d9,,,mouse_move,,,,,,,902.0,417.0,1784666064887.0,,
6a5fd7d17096f0a31879b5da,,,mouse_move,,,,,,,935.0,408.0,1784666064894.0,,
6a5fd7d17096f0a31879b5db,,,mouse_move,,,,,,,988.0,396.0,1784666064903.0,,
6a5fd7d17096f0a31879b5dc,,,mouse_move,,,,,,,1026.0,387.0,1784666064912.0,,
6a5fd7d17096f0a31879b5dd,,,mouse_move,,,,,,,1071.0,378.0,1784666064920.0,,
6a5fd7d17096f0a31879b5de,,,mouse_move,,,,,,,1106.0,371.0,1784666064928.0,,
6a5fd7d17096f0a31879b5df,,,mouse_move,,,,,,,1138.0,362.0,1784666064937.0,,
6a5fd7d17096f0a31879b5e0,,,mouse_move,,,,,,,1165.0,356.0,1784666064945.0,,
6a5fd7d17096f0a31879b5e1,,,mouse_move,,,,,,,1177.0,353.0,1784666064953.0,,
6a5fd7d17096f0a31879b5e2,,,mouse_move,,,,,,,1184.0,349.0,1784666064963.0,,
6a5fd7d17096f0a31879b5e3,,,mouse_move,,,,,,,1184.0,348.0,1784666064986.0,,
6a5fd7d17096f0a31879b5e4,,,mouse_move,,,,,,,1184.0,347.0,1784666065002.0,,
6a5fd7d17096f0a31879b5e5,,,mouse_move,,,,,,,1184.0,346.0,1784666065054.0,,
6a5fd7d17096f0a31879b5e6,,,mouse_move,,,,,,,1183.0,346.0,1784666065239.0,,
6a5fd7d17096f0a31879b5e7,,,mouse_move,,,,,,,1183.0,347.0,1784666065247.0,,
6a5fd7d17096f0a31879b5e8,,,mouse_move,,,,,,,1182.0,347.0,1784666065256.0,,
6a5fd7d17096f0a31879b5e9,,,mouse_move,,,,,,,1181.0,348.0,1784666065264.0,,
6a5fd7d17096f0a31879b5ea,,,mouse_move,,,,,,,1179.0,350.0,1784666065273.0,,
6a5fd7d17096f0a31879b5eb,,,mouse_move,,,,,,,1177.0,352.0,1784666065281.0,,
6a5fd7d17096f0a31879b5ec,,,mouse_move,,,,,,,1171.0,358.0,1784666065289.0,,
6a5fd7d17096f0a31879b5ed,,,mouse_move,,,,,,,1158.0,369.0,1784666065298.0,,
6a5fd7d17096f0a31879b5ee,,,mouse_move,,,,,,,1150.0,376.0,1784666065305.0,,
6a5fd7d17096f0a31879b5ef,,,mouse_move,,,,,,,1143.0,382.0,1784666065314.0,,
6a5fd7d17096f0a31879b5f0,,,mouse_move,,,,,,,1134.0,390.0,1784666065322.0,,
6a5fd7d17096f0a31879b5f1,,,mouse_move,,,,,,,1125.0,398.0,1784666065331.0,,
6a5fd7d17096f0a31879b5f2,,,mouse_move,,,,,,,1114.0,409.0,1784666065339.0,,
6a5fd7d17096f0a31879b5f3,,,mouse_move,,,,,,,1099.0,423.0,1784666065353.0,,
6a5fd7d17096f0a31879b5f4,,,mouse_move,,,,,,,1071.0,453.0,1784666065361.0,,
6a5fd7d17096f0a31879b5f5,,,mouse_move,,,,,,,1042.0,493.0,1784666065387.0,,
6a5fd7d17096f0a31879b5f6,,,mouse_move,,,,,,,1028.0,515.0,1784666065403.0,,
6a5fd7d17096f0a31879b5f7,,,mouse_move,,,,,,,1023.0,524.0,1784666065411.0,,
6a5fd7d17096f0a31879b5f8,,,mouse_move,,,,,,,1017.0,530.0,1784666065420.0,,
6a5fd7d17096f0a31879b5f9,,,mouse_move,,,,,,,1011.0,536.0,1784666065429.0,,
6a5fd7d17096f0a31879b5fa,,,mouse_move,,,,,,,1003.0,542.0,1784666065436.0,,
6a5fd7d17096f0a31879b5fb,,,mouse_move,,,,,,,997.0,547.0,1784666065445.0,,
6a5fd7d17096f0a31879b5fc,,,mouse_move,,,,,,,990.0,551.0,1784666065453.0,,
6a5fd7d17096f0a31879b5fd,,,mouse_move,,,,,,,981.0,556.0,1784666065461.0,,
6a5fd7d17096f0a31879b5fe,,,mouse_move,,,,,,,973.0,561.0,1784666065469.0,,
6a5fd7d17096f0a31879b5ff,,,mouse_move,,,,,,,964.0,566.0,1784666065478.0,,
6a5fd7d17096f0a31879b600,,,mouse_move,,,,,,,960.0,568.0,1784666065485.0,,
6a5fd7d17096f0a31879b601,,,mouse_move,,,,,,,955.0,571.0,1784666065494.0,,
6a5fd7d17096f0a31879b602,,,mouse_move,,,,,,,952.0,572.0,1784666065503.0,,
6a5fd7d17096f0a31879b603,,,mouse_move,,,,,,,947.0,576.0,1784666065511.0,,
6a5fd7d17096f0a31879b604,,,mouse_move,,,,,,,944.0,579.0,1784666065520.0,,
6a5fd7d17096f0a31879b605,,,mouse_move,,,,,,,942.0,583.0,1784666065529.0,,
6a5fd7d17096f0a31879b606,,,mouse_move,,,,,,,938.0,590.0,1784666065536.0,,
6a5fd7d17096f0a31879b607,,,mouse_move,,,,,,,934.0,597.0,1784666065544.0,,
6a5fd7d17096f0a31879b608,,,mouse_move,,,,,,,933.0,603.0,1784666065553.0,,
6a5fd7d17096f0a31879b609,,,mouse_move,,,,,,,928.0,616.0,1784666065561.0,,
6a5fd7d17096f0a31879b60a,,,mouse_move,,,,,,,923.0,630.0,1784666065577.0,,
6a5fd7d17096f0a31879b60b,,,mouse_move,,,,,,,921.0,635.0,1784666065586.0,,
6a5fd7d17096f0a31879b60c,,,mouse_move,,,,,,,918.0,639.0,1784666065598.0,,
6a5fd7d17096f0a31879b60d,,,mouse_move,,,,,,,916.0,644.0,1784666065606.0,,
6a5fd7d17096f0a31879b60e,,,mouse_move,,,,,,,915.0,646.0,1784666065614.0,,
6a5fd7d17096f0a31879b60f,,,mouse_move,,,,,,,913.0,648.0,1784666065621.0,,
6a5fd7d17096f0a31879b610,,,mouse_move,,,,,,,913.0,649.0,1784666065630.0,,
6a5fd7d17096f0a31879b611,,,mouse_move,,,,,,,911.0,651.0,1784666065638.0,,
6a5fd7d17096f0a31879b612,,,mouse_move,,,,,,,910.0,652.0,1784666065646.0,,
6a5fd7d17096f0a31879b613,,,mouse_move,,,,,,,909.0,652.0,1784666065655.0,,
6a5fd7d17096f0a31879b614,,,mouse_move,,,,,,,908.0,653.0,1784666065663.0,,
6a5fd7d17096f0a31879b615,,,mouse_move,,,,,,,907.0,654.0,1784666065688.0,,
6a5fd7d17096f0a31879b616,,,mouse_move,,,,,,,906.0,654.0,1784666065697.0,,
6a5fd7d17096f0a31879b617,,,mouse_move,,,,,,,904.0,656.0,1784666065705.0,,
6a5fd7d17096f0a31879b618,,,mouse_move,,,,,,,903.0,657.0,1784666065710.0,,
6a5fd7d17096f0a31879b619,,,mouse_move,,,,,,,901.0,660.0,1784666065718.0,,
6a5fd7d17096f0a31879b61a,,,mouse_move,,,,,,,899.0,661.0,1784666065727.0,,
6a5fd7d17096f0a31879b61b,,,mouse_move,,,,,,,898.0,663.0,1784666065736.0,,
6a5fd7d17096f0a31879b61c,,,mouse_move,,,,,,,898.0,664.0,1784666065743.0,,
6a5fd7d17096f0a31879b61d,,,mouse_move,,,,,,,897.0,664.0,1784666065761.0,,
6a5fd7d17096f0a31879b61e,,,mouse_move,,,,,,,897.0,663.0,1784666065795.0,,
6a5fd7d17096f0a31879b61f,,,mouse_move,,,,,,,897.0,662.0,1784666065819.0,,
6a5fd91172afb500e7477cc2,,,mouse_move,,,,,,,796.0,570.0,1784666376189.0,,
6a5fd91172afb500e7477cc3,,,mouse_move,,,,,,,796.0,569.0,1784666376197.0,,
6a5fd91172afb500e7477cc4,,,mouse_move,,,,,,,795.0,569.0,1784666376216.0,,
6a5fd91172afb500e7477cc5,,,mouse_move,,,,,,,795.0,568.0,1784666376224.0,,
6a5fd91172afb500e7477cc6,,,mouse_move,,,,,,,794.0,568.0,1784666376232.0,,
6a5fd91172afb500e7477cc7,,,mouse_move,,,,,,,794.0,567.0,1784666376239.0,,
6a5fd91172afb500e7477cc8,,,mouse_move,,,,,,,792.0,566.0,1784666376264.0,,
6a5fd91172afb500e7477cc9,,,mouse_move,,,,,,,791.0,562.0,1784666376272.0,,
6a5fd91172afb500e7477cca,,,mouse_move,,,,,,,760.0,523.0,1784666376347.0,,
6a5fd91172afb500e7477ccb,,,mouse_move,,,,,,,758.0,516.0,1784666376354.0,,
6a5fd91172afb500e7477ccc,,,mouse_move,,,,,,,755.0,509.0,1784666376363.0,,
6a5fd91172afb500e7477ccd,,,mouse_move,,,,,,,752.0,502.0,1784666376371.0,,
6a5fd91172afb500e7477cce,,,mouse_move,,,,,,,748.0,495.0,1784666376380.0,,
6a5fd91172afb500e7477ccf,,,mouse_move,,,,,,,746.0,490.0,1784666376387.0,,
6a5fd91172afb500e7477cd0,,,mouse_move,,,,,,,742.0,484.0,1784666376397.0,,
6a5fd91172afb500e7477cd1,,,mouse_move,,,,,,,738.0,480.0,1784666376405.0,,
6a5fd91172afb500e7477cd2,,,mouse_move,,,,,,,734.0,475.0,1784666376413.0,,
6a5fd91172afb500e7477cd3,,,mouse_move,,,,,,,731.0,471.0,1784666376421.0,,
6a5fd91172afb500e7477cd4,,,mouse_move,,,,,,,724.0,466.0,1784666376430.0,,
6a5fd91172afb500e7477cd5,,,mouse_move,,,,,,,722.0,465.0,1784666376438.0,,
6a5fd91172afb500e7477cd6,,,mouse_move,,,,,,,719.0,462.0,1784666376446.0,,
6a5fd91172afb500e7477cd7,,,mouse_move,,,,,,,715.0,458.0,1784666376455.0,,
6a5fd91172afb500e7477cd8,,,mouse_move,,,,,,,713.0,457.0,1784666376463.0,,
6a5fd91172afb500e7477cd9,,,mouse_move,,,,,,,710.0,454.0,1784666376472.0,,
6a5fd91172afb500e7477cda,,,mouse_move,,,,,,,706.0,452.0,1784666376480.0,,
6a5fd91172afb500e7477cdb,,,mouse_move,,,,,,,703.0,448.0,1784666376489.0,,
6a5fd91172afb500e7477cdc,,,mouse_move,,,,,,,695.0,440.0,1784666376497.0,,
6a5fd91172afb500e7477cdd,,,mouse_move,,,,,,,692.0,434.0,1784666376505.0,,
6a5fd91172afb500e7477cde,,,mouse_move,,,,,,,689.0,429.0,1784666376513.0,,
6a5fd91172afb500e7477cdf,,,mouse_move,,,,,,,687.0,423.0,1784666376522.0,,
6a5fd91172afb500e7477ce0,,,mouse_move,,,,,,,684.0,417.0,1784666376530.0,,
6a5fd91172afb500e7477ce1,,,mouse_move,,,,,,,682.0,413.0,1784666376540.0,,
6a5fd91172afb500e7477ce2,,,mouse_move,,,,,,,679.0,408.0,1784666376548.0,,
6a5fd91172afb500e7477ce3,,,mouse_move,,,,,,,678.0,406.0,1784666376554.0,,
6a5fd91172afb500e7477ce4,,,mouse_move,,,,,,,676.0,403.0,1784666376564.0,,
6a5fd91172afb500e7477ce5,,,mouse_move,,,,,,,675.0,401.0,1784666376573.0,,
6a5fd91172afb500e7477ce6,,,mouse_move,,,,,,,674.0,400.0,1784666376580.0,,
6a5fd91172afb500e7477ce7,,,mouse_move,,,,,,,672.0,399.0,1784666376588.0,,
6a5fd91172afb500e7477ce8,,,mouse_move,,,,,,,670.0,399.0,1784666376596.0,,
6a5fd91172afb500e7477ce9,,,mouse_move,,,,,,,669.0,399.0,1784666376605.0,,
6a5fd91172afb500e7477cea,,,mouse_move,,,,,,,667.0,401.0,1784666376613.0,,
6a5fd91172afb500e7477ceb,,,mouse_move,,,,,,,664.0,402.0,1784666376622.0,,
6a5fd91172afb500e7477cec,,,mouse_move,,,,,,,661.0,406.0,1784666376629.0,,
6a5fd91172afb500e7477ced,,,mouse_move,,,,,,,659.0,412.0,1784666376638.0,,
6a5fd91172afb500e7477cee,,,mouse_move,,,,,,,657.0,419.0,1784666376647.0,,
6a5fd91172afb500e7477cef,,,mouse_move,,,,,,,657.0,425.0,1784666376654.0,,
6a5fd91172afb500e7477cf0,,,mouse_move,,,,,,,657.0,429.0,1784666376663.0,,
6a5fd91172afb500e7477cf1,,,mouse_move,,,,,,,657.0,433.0,1784666376672.0,,
6a5fd91172afb500e7477cf2,,,mouse_move,,,,,,,657.0,437.0,1784666376679.0,,
6a5fd91172afb500e7477cf3,,,mouse_move,,,,,,,657.0,442.0,1784666376688.0,,
6a5fd91172afb500e7477cf4,,,mouse_move,,,,,,,657.0,445.0,1784666376696.0,,
6a5fd91172afb500e7477cf5,,,mouse_move,,,,,,,657.0,450.0,1784666376705.0,,
6a5fd91172afb500e7477cf6,,,mouse_move,,,,,,,657.0,453.0,1784666376713.0,,
6a5fd91172afb500e7477cf7,,,mouse_move,,,,,,,658.0,463.0,1784666376721.0,,
6a5fd91172afb500e7477cf8,,,mouse_move,,,,,,,659.0,468.0,1784666376729.0,,
6a5fd91172afb500e7477cf9,,,mouse_move,,,,,,,661.0,475.0,1784666376739.0,,
6a5fd91172afb500e7477cfa,,,mouse_move,,,,,,,661.0,479.0,1784666376748.0,,
6a5fd91172afb500e7477cfb,,,mouse_move,,,,,,,662.0,486.0,1784666376756.0,,
6a5fd91172afb500e7477cfc,,,mouse_move,,,,,,,664.0,493.0,1784666376764.0,,
6a5fd91172afb500e7477cfd,,,mouse_move,,,,,,,669.0,505.0,1784666376780.0,,
6a5fd91172afb500e7477cfe,,,mouse_move,,,,,,,670.0,509.0,1784666376790.0,,
6a5fd91172afb500e7477cff,,,mouse_move,,,,,,,672.0,514.0,1784666376796.0,,
6a5fd91172afb500e7477d00,,,mouse_move,,,,,,,673.0,514.0,1784666376804.0,,
6a5fd91172afb500e7477d01,,,mouse_move,,,,,,,673.0,515.0,1784666376813.0,,
6a5fd91172afb500e7477d02,,,mouse_move,,,,,,,673.0,516.0,1784666376821.0,,
6a5fd91172afb500e7477d03,,,mouse_move,,,,,,,674.0,516.0,1784666376829.0,,
6a5fd91172afb500e7477d04,,,mouse_move,,,,,,,675.0,517.0,1784666377085.0,,
6a5fd91172afb500e7477d05,,,mouse_move,,,,,,,676.0,518.0,1784666377183.0,,
6a5fd91172afb500e7477d06,,,mouse_move,,,,,,,677.0,518.0,1784666377215.0,,
6a5fd91172afb500e7477d07,,,mouse_move,,,,,,,678.0,518.0,1784666378112.0,,
6a5fd91172afb500e7477d08,,,mouse_move,,,,,,,679.0,518.0,1784666378120.0,,
6a5fd91172afb500e7477d09,,,mouse_move,,,,,,,681.0,518.0,1784666378123.0,,
6a5fd91172afb500e7477d0a,,,mouse_move,,,,,,,682.0,518.0,1784666378132.0,,
6a5fd91172afb500e7477d0b,,,mouse_move,,,,,,,683.0,518.0,1784666378140.0,,
6a5fd91172afb500e7477d0c,,,mouse_move,,,,,,,684.0,518.0,1784666378148.0,,
6a5fd91172afb500e7477d0d,,,mouse_move,,,,,,,685.0,518.0,1784666378185.0,,
6a5fd91172afb500e7477d0e,,,mouse_move,,,,,,,687.0,518.0,1784666378208.0,,
6a5fd91172afb500e7477d0f,,,mouse_move,,,,,,,688.0,518.0,1784666378216.0,,
6a5fd91172afb500e7477d10,,,mouse_move,,,,,,,689.0,518.0,1784666378224.0,,
6a5fd91172afb500e7477d11,,,mouse_move,,,,,,,692.0,519.0,1784666378233.0,,
6a5fd91172afb500e7477d12,,,mouse_move,,,,,,,694.0,520.0,1784666378240.0,,
6a5fd91172afb500e7477d13,,,mouse_move,,,,,,,695.0,522.0,1784666378250.0,,
6a5fd91172afb500e7477d14,,,mouse_move,,,,,,,696.0,524.0,1784666378257.0,,
6a5fd91172afb500e7477d15,,,mouse_move,,,,,,,698.0,525.0,1784666378267.0,,
6a5fd91172afb500e7477d16,,,mouse_move,,,,,,,699.0,528.0,1784666378275.0,,
6a5fd91172afb500e7477d17,,,mouse_move,,,,,,,700.0,530.0,1784666378282.0,,
6a5fd91172afb500e7477d18,,,mouse_move,,,,,,,702.0,533.0,1784666378291.0,,
6a5fd91172afb500e7477d19,,,mouse_move,,,,,,,704.0,535.0,1784666378299.0,,
6a5fd91172afb500e7477d1a,,,mouse_move,,,,,,,705.0,540.0,1784666378307.0,,
6a5fd91172afb500e7477d1b,,,mouse_move,,,,,,,707.0,544.0,1784666378316.0,,
6a5fd91172afb500e7477d1c,,,mouse_move,,,,,,,709.0,546.0,1784666378324.0,,
6a5fd91172afb500e7477d1d,,,mouse_move,,,,,,,710.0,547.0,1784666378332.0,,
6a5fd91172afb500e7477d1e,,,mouse_move,,,,,,,711.0,548.0,1784666378340.0,,
6a5fd91172afb500e7477d1f,,,mouse_move,,,,,,,712.0,548.0,1784666378489.0,,
6a5fd91172afb500e7477d20,,,mouse_move,,,,,,,713.0,548.0,1784666378579.0,,
6a5fd91172afb500e7477d21,,,mouse_move,,,,,,,715.0,548.0,1784666379154.0,,
6a5fd91172afb500e7477d22,,,mouse_move,,,,,,,715.0,547.0,1784666379161.0,,
6a5fd91172afb500e7477d23,,,mouse_move,,,,,,,716.0,547.0,1784666379168.0,,
6a5fd91172afb500e7477d24,,,mouse_move,,,,,,,717.0,547.0,1784666379176.0,,
6a5fd91172afb500e7477d25,,,mouse_move,,,,,,,718.0,547.0,1784666379685.0,,
6a5fd91172afb500e7477d26,,,mouse_move,,,,,,,719.0,547.0,1784666379709.0,,
6a5fd91172afb500e7477d27,,,mouse_move,,,,,,,718.0,546.0,1784666380313.0,,
6a5fd91172afb500e7477d28,,,mouse_move,,,,,,,713.0,542.0,1784666380320.0,,
6a5fd91172afb500e7477d29,,,mouse_move,,,,,,,709.0,538.0,1784666380329.0,,
6a5fd91172afb500e7477d2a,,,mouse_move,,,,,,,705.0,528.0,1784666380338.0,,
6a5fd91172afb500e7477d2b,,,mouse_move,,,,,,,702.0,521.0,1784666380346.0,,
6a5fd91172afb500e7477d2c,,,mouse_move,,,,,,,699.0,513.0,1784666380354.0,,
6a5fd91172afb500e7477d2d,,,mouse_move,,,,,,,697.0,505.0,1784666380363.0,,
6a5fd91172afb500e7477d2e,,,mouse_move,,,,,,,693.0,497.0,1784666380370.0,,
6a5fd91172afb500e7477d2f,,,mouse_move,,,,,,,691.0,487.0,1784666380379.0,,
6a5fd91172afb500e7477d30,,,mouse_move,,,,,,,689.0,479.0,1784666380388.0,,
6a5fd91172afb500e7477d31,,,mouse_move,,,,,,,685.0,472.0,1784666380396.0,,
6a5fd91172afb500e7477d32,,,mouse_move,,,,,,,682.0,466.0,1784666380403.0,,
6a5fd91172afb500e7477d33,,,mouse_move,,,,,,,682.0,463.0,1784666380412.0,,
6a5fd91172afb500e7477d34,,,mouse_move,,,,,,,681.0,458.0,1784666380420.0,,
6a5fd91172afb500e7477d35,,,mouse_move,,,,,,,680.0,451.0,1784666380429.0,,
6a5fd91172afb500e7477d36,,,mouse_move,,,,,,,679.0,447.0,1784666380438.0,,
6a5fd91172afb500e7477d37,,,mouse_move,,,,,,,678.0,441.0,1784666380446.0,,
6a5fd91172afb500e7477d38,,,mouse_move,,,,,,,678.0,438.0,1784666380455.0,,
6a5fd91172afb500e7477d39,,,mouse_move,,,,,,,678.0,435.0,1784666380463.0,,
6a5fd91172afb500e7477d3a,,,mouse_move,,,,,,,678.0,434.0,1784666380471.0,,
6a5fd91172afb500e7477d3b,,,mouse_move,,,,,,,678.0,433.0,1784666380482.0,,
6a5fd91172afb500e7477d3c,,,mouse_move,,,,,,,678.0,434.0,1784666380544.0,,
6a5fd91172afb500e7477d3d,,,mouse_move,,,,,,,679.0,439.0,1784666380552.0,,
6a5fd91172afb500e7477d3e,,,mouse_move,,,,,,,681.0,445.0,1784666380560.0,,
6a5fd91172afb500e7477d3f,,,mouse_move,,,,,,,687.0,461.0,1784666380569.0,,
6a5fd91172afb500e7477d40,,,mouse_move,,,,,,,691.0,477.0,1784666380577.0,,
6a5fd91172afb500e7477d41,,,mouse_move,,,,,,,695.0,498.0,1784666380584.0,,
6a5fd91172afb500e7477d42,,,mouse_move,,,,,,,700.0,527.0,1784666380593.0,,
6a5fd91172afb500e7477d43,,,mouse_move,,,,,,,705.0,574.0,1784666380601.0,,
6a5fd91172afb500e7477d44,,,mouse_move,,,,,,,710.0,606.0,1784666380609.0,,
6a5fd91172afb500e7477d45,,,mouse_move,,,,,,,716.0,661.0,1784666380617.0,,
6a5fd91172afb500e7477d46,,,mouse_move,,,,,,,720.0,721.0,1784666380636.0,,
6a5fd91b72afb500e7477d47,,,mouse_move,,,,,,,717.0,742.0,1784666395774.0,,
6a5fd91b72afb500e7477d48,,,mouse_move,,,,,,,715.0,703.0,1784666395782.0,,
6a5fd91b72afb500e7477d49,,,mouse_move,,,,,,,715.0,665.0,1784666395792.0,,
6a5fd91b72afb500e7477d4a,,,mouse_move,,,,,,,713.0,627.0,1784666395800.0,,
6a5fd91b72afb500e7477d4b,,,mouse_move,,,,,,,713.0,597.0,1784666395808.0,,
6a5fd91b72afb500e7477d4c,,,mouse_move,,,,,,,712.0,582.0,1784666395815.0,,
6a5fd91b72afb500e7477d4d,,,mouse_move,,,,,,,708.0,565.0,1784666395823.0,,
6a5fd91b72afb500e7477d4e,,,mouse_move,,,,,,,706.0,554.0,1784666395830.0,,
6a5fd91b72afb500e7477d4f,,,mouse_move,,,,,,,702.0,542.0,1784666395839.0,,
6a5fd91b72afb500e7477d50,,,mouse_move,,,,,,,701.0,534.0,1784666395847.0,,
6a5fd91b72afb500e7477d51,,,mouse_move,,,,,,,700.0,528.0,1784666395855.0,,
6a5fd91b72afb500e7477d52,,,mouse_move,,,,,,,698.0,522.0,1784666395864.0,,
6a5fd91b72afb500e7477d53,,,mouse_move,,,,,,,697.0,519.0,1784666395872.0,,
6a5fd91b72afb500e7477d54,,,mouse_move,,,,,,,695.0,517.0,1784666395881.0,,
6a5fd91b72afb500e7477d55,,,mouse_move,,,,,,,695.0,516.0,1784666395889.0,,
6a5fd91b72afb500e7477d56,,,mouse_move,,,,,,,694.0,516.0,1784666395899.0,,
6a5fd92572afb500e7477d57,,,mouse_move,,,,,,,692.0,516.0,1784666395923.0,,
6a5fd92572afb500e7477d58,,,mouse_move,,,,,,,691.0,516.0,1784666396003.0,,
6a5fd92572afb500e7477d59,,,mouse_move,,,,,,,687.0,516.0,1784666396022.0,,
6a5fd92572afb500e7477d5a,,,mouse_move,,,,,,,683.0,517.0,1784666396030.0,,
6a5fd92572afb500e7477d5b,,,mouse_move,,,,,,,676.0,517.0,1784666396039.0,,
6a5fd92572afb500e7477d5c,,,mouse_move,,,,,,,669.0,518.0,1784666396047.0,,
6a5fd92572afb500e7477d5d,,,mouse_move,,,,,,,661.0,518.0,1784666396055.0,,
6a5fd92572afb500e7477d5e,,,mouse_move,,,,,,,655.0,518.0,1784666396063.0,,
6a5fd92572afb500e7477d5f,,,mouse_move,,,,,,,645.0,518.0,1784666396072.0,,
6a5fd92572afb500e7477d60,,,mouse_move,,,,,,,636.0,515.0,1784666396080.0,,
6a5fd92572afb500e7477d61,,,mouse_move,,,,,,,610.0,507.0,1784666396089.0,,
6a5fd92572afb500e7477d62,,,mouse_move,,,,,,,598.0,501.0,1784666396098.0,,
6a5fd92572afb500e7477d63,,,mouse_move,,,,,,,587.0,495.0,1784666396107.0,,
6a5fd92572afb500e7477d64,,,mouse_move,,,,,,,581.0,490.0,1784666396113.0,,
6a5fd92572afb500e7477d65,,,mouse_move,,,,,,,579.0,487.0,1784666396122.0,,
6a5fd92572afb500e7477d66,,,mouse_move,,,,,,,578.0,484.0,1784666396130.0,,
6a5fd92572afb500e7477d67,,,mouse_move,,,,,,,577.0,484.0,1784666396138.0,,
6a5fd92572afb500e7477d68,,,mouse_move,,,,,,,577.0,480.0,1784666396146.0,,
6a5fd92572afb500e7477d69,,,mouse_move,,,,,,,577.0,478.0,1784666396156.0,,
6a5fd92572afb500e7477d6a,,,mouse_move,,,,,,,577.0,475.0,1784666396164.0,,
6a5fd92572afb500e7477d6b,,,mouse_move,,,,,,,577.0,472.0,1784666396173.0,,
6a5fd92572afb500e7477d6c,,,mouse_move,,,,,,,576.0,468.0,1784666396180.0,,
6a5fd92572afb500e7477d6d,,,mouse_move,,,,,,,575.0,465.0,1784666396188.0,,
6a5fd92572afb500e7477d6e,,,mouse_move,,,,,,,571.0,463.0,1784666396197.0,,
6a5fd92572afb500e7477d6f,,,mouse_move,,,,,,,568.0,462.0,1784666396205.0,,
6a5fd92572afb500e7477d70,,,mouse_move,,,,,,,566.0,460.0,1784666396214.0,,
6a5fd92572afb500e7477d71,,,mouse_move,,,,,,,565.0,459.0,1784666396222.0,,
6a5fd92572afb500e7477d72,,,mouse_move,,,,,,,563.0,457.0,1784666396230.0,,
6a5fd92572afb500e7477d73,,,mouse_move,,,,,,,561.0,457.0,1784666396239.0,,
6a5fd92572afb500e7477d74,,,mouse_move,,,,,,,561.0,458.0,1784666396414.0,,
6a5fd92572afb500e7477d75,,,mouse_move,,,,,,,562.0,458.0,1784666396423.0,,
6a5fd92572afb500e7477d76,,,mouse_move,,,,,,,562.0,460.0,1784666396434.0,,
6a5fd92572afb500e7477d77,,,mouse_move,,,,,,,562.0,461.0,1784666396442.0,,
6a5fd92572afb500e7477d78,,,mouse_move,,,,,,,561.0,461.0,1784666396449.0,,
6a5fd92572afb500e7477d79,,,mouse_move,,,,,,,560.0,461.0,1784666396458.0,,
6a5fd92572afb500e7477d7a,,,mouse_move,,,,,,,560.0,462.0,1784666396467.0,,
6a5fd92572afb500e7477d7b,,,mouse_move,,,,,,,560.0,463.0,1784666396474.0,,
6a5fd92572afb500e7477d7c,,,mouse_move,,,,,,,559.0,465.0,1784666396481.0,,
6a5fd92572afb500e7477d7d,,,mouse_move,,,,,,,558.0,468.0,1784666396490.0,,
6a5fd92572afb500e7477d7e,,,mouse_move,,,,,,,556.0,473.0,1784666396498.0,,
6a5fd92572afb500e7477d7f,,,mouse_move,,,,,,,555.0,484.0,1784666396506.0,,
6a5fd92572afb500e7477d80,,,mouse_move,,,,,,,553.0,494.0,1784666396513.0,,
6a5fd92572afb500e7477d81,,,mouse_move,,,,,,,552.0,507.0,1784666396522.0,,
6a5fd92572afb500e7477d82,,,mouse_move,,,,,,,549.0,536.0,1784666396531.0,,
6a5fd92572afb500e7477d83,,,mouse_move,,,,,,,546.0,559.0,1784666396540.0,,
6a5fd92572afb500e7477d84,,,mouse_move,,,,,,,541.0,588.0,1784666396548.0,,
6a5fd92572afb500e7477d85,,,mouse_move,,,,,,,538.0,621.0,1784666396557.0,,
6a5fd92572afb500e7477d86,,,mouse_move,,,,,,,535.0,647.0,1784666396565.0,,
6a5fd92572afb500e7477d87,,,mouse_move,,,,,,,532.0,670.0,1784666396572.0,,
6a5fd92572afb500e7477d88,,,mouse_move,,,,,,,529.0,704.0,1784666396581.0,,
6a5fd92572afb500e7477d89,,,mouse_move,,,,,,,524.0,728.0,1784666396591.0,,
6a5fd92572afb500e7477d8a,,,mouse_move,,,,,,,520.0,754.0,1784666396597.0,,
6a5fdb1aa5303295dabd90e1,,,mouse_move,,,,,,,394.0,595.0,1784666896639.0,,
6a5fdb1aa5303295dabd90e2,,,mouse_move,,,,,,,665.0,524.0,1784666896716.0,,
6a5fdb1aa5303295dabd90e3,,,mouse_move,,,,,,,681.0,521.0,1784666896724.0,,
6a5fdb1aa5303295dabd90e4,,,mouse_move,,,,,,,691.0,518.0,1784666896729.0,,
6a5fdb1aa5303295dabd90e5,,,mouse_move,,,,,,,698.0,518.0,1784666896738.0,,
6a5fdb1aa5303295dabd90e6,,,mouse_move,,,,,,,701.0,517.0,1784666896745.0,,
6a5fdb1aa5303295dabd90e7,,,mouse_move,,,,,,,701.0,518.0,1784666896811.0,,
6a5fdb1aa5303295dabd90e8,,,mouse_move,,,,,,,701.0,519.0,1784666896837.0,,
6a5fdb1aa5303295dabd90e9,,,mouse_move,,,,,,,701.0,520.0,1784666896847.0,,
6a5fdb1aa5303295dabd90ea,,,mouse_move,,,,,,,701.0,523.0,1784666896855.0,,
6a5fdb1aa5303295dabd90eb,,,mouse_move,,,,,,,701.0,525.0,1784666896863.0,,
6a5fdb1aa5303295dabd90ec,,,mouse_move,,,,,,,701.0,526.0,1784666896870.0,,
6a5fdb1aa5303295dabd90ed,,,mouse_move,,,,,,,701.0,527.0,1784666896879.0,,
6a5fdb1aa5303295dabd90ee,,,mouse_move,,,,,,,701.0,528.0,1784666896887.0,,
6a5fdb1aa5303295dabd90ef,,,mouse_move,,,,,,,700.0,528.0,1784666897042.0,,
6a5fdb1aa5303295dabd90f0,,,mouse_move,,,,,,,699.0,528.0,1784666897122.0,,
6a5fdb1aa5303295dabd90f1,,,mouse_move,,,,,,,698.0,527.0,1784666897180.0,,
6a5fdb1aa5303295dabd90f2,,,mouse_move,,,,,,,697.0,527.0,1784666897447.0,,
6a5fdb1aa5303295dabd90f3,,,mouse_move,,,,,,,696.0,527.0,1784666897496.0,,
6a5fdb1aa5303295dabd90f4,,,mouse_move,,,,,,,696.0,526.0,1784666897704.0,,
6a5fdb1aa5303295dabd90f5,,,mouse_move,,,,,,,696.0,529.0,1784666898321.0,,
6a5fdb1aa5303295dabd90f6,,,mouse_move,,,,,,,695.0,532.0,1784666898329.0,,
6a5fdb1aa5303295dabd90f7,,,mouse_move,,,,,,,693.0,538.0,1784666898338.0,,
6a5fdb1aa5303295dabd90f8,,,mouse_move,,,,,,,692.0,540.0,1784666898347.0,,
6a5fdb1aa5303295dabd90f9,,,mouse_move,,,,,,,691.0,543.0,1784666898355.0,,
6a5fdb1aa5303295dabd90fa,,,mouse_move,,,,,,,690.0,544.0,1784666898363.0,,
6a5fdb1aa5303295dabd90fb,,,mouse_move,,,,,,,689.0,541.0,1784666898380.0,,
6a5fdb1aa5303295dabd90fc,,,mouse_move,,,,,,,686.0,541.0,1784666898388.0,,
6a5fdb1aa5303295dabd90fd,,,mouse_move,,,,,,,682.0,541.0,1784666898397.0,,
6a5fdb1aa5303295dabd90fe,,,mouse_move,,,,,,,681.0,541.0,1784666898430.0,,
6a5fdb1aa5303295dabd90ff,,,mouse_move,,,,,,,679.0,543.0,1784666898605.0,,
6a5fdb1aa5303295dabd9100,,,mouse_move,,,,,,,672.0,556.0,1784666898613.0,,
6a5fdb1aa5303295dabd9101,,,mouse_move,,,,,,,670.0,560.0,1784666898621.0,,
6a5fdb1aa5303295dabd9102,,,mouse_move,,,,,,,670.0,566.0,1784666898629.0,,
6a5fdb1aa5303295dabd9103,,,mouse_move,,,,,,,670.0,573.0,1784666898638.0,,
6a5fdb1aa5303295dabd9104,,,mouse_move,,,,,,,677.0,583.0,1784666898647.0,,
6a5fdb1aa5303295dabd9105,,,mouse_move,,,,,,,696.0,605.0,1784666898663.0,,
6a5fdb1aa5303295dabd9106,,,mouse_move,,,,,,,737.0,651.0,1784666898681.0,,
6a5fdb1aa5303295dabd9107,,,mouse_move,,,,,,,777.0,699.0,1784666898699.0,,
6a5fdb1aa5303295dabd9108,,,mouse_move,,,,,,,818.0,751.0,1784666898709.0,,
6a5fdb1aa5303295dabd9109,,,mouse_move,,,,,,,863.0,758.0,1784666899632.0,,
6a5fdb1aa5303295dabd910a,,,mouse_move,,,,,,,851.0,707.0,1784666899639.0,,
6a5fdb1aa5303295dabd910b,,,mouse_move,,,,,,,844.0,665.0,1784666899647.0,,
6a5fdb1aa5303295dabd910c,,,mouse_move,,,,,,,827.0,580.0,1784666899662.0,,
6a5fdb1aa5303295dabd910d,,,mouse_move,,,,,,,819.0,527.0,1784666899669.0,,
6a5fdb1aa5303295dabd910e,,,mouse_move,,,,,,,816.0,491.0,1784666899678.0,,
6a5fdb1aa5303295dabd910f,,,mouse_move,,,,,,,812.0,454.0,1784666899687.0,,
6a5fdb1aa5303295dabd9110,,,mouse_move,,,,,,,809.0,413.0,1784666899695.0,,
6a5fdb1aa5303295dabd9111,,,mouse_move,,,,,,,809.0,385.0,1784666899703.0,,
6a5fdb1aa5303295dabd9112,,,mouse_move,,,,,,,809.0,358.0,1784666899711.0,,
6a5fdb1aa5303295dabd9113,,,mouse_move,,,,,,,809.0,345.0,1784666899721.0,,
6a5fdb1aa5303295dabd9114,,,mouse_move,,,,,,,809.0,336.0,1784666899729.0,,
6a5fdb1aa5303295dabd9115,,,mouse_move,,,,,,,809.0,329.0,1784666899737.0,,
6a5fdb1aa5303295dabd9116,,,mouse_move,,,,,,,809.0,325.0,1784666899744.0,,
6a5fdb1aa5303295dabd9117,,,mouse_move,,,,,,,808.0,323.0,1784666899753.0,,
6a5fdb1aa5303295dabd9118,,,mouse_move,,,,,,,808.0,326.0,1784666899804.0,,
6a5fdb1aa5303295dabd9119,,,mouse_move,,,,,,,808.0,331.0,1784666899813.0,,
6a5fdb1aa5303295dabd911a,,,mouse_move,,,,,,,808.0,336.0,1784666899823.0,,
6a5fdb1aa5303295dabd911b,,,mouse_move,,,,,,,809.0,341.0,1784666899828.0,,
6a5fdb1aa5303295dabd911c,,,mouse_move,,,,,,,811.0,348.0,1784666899840.0,,
6a5fdb1aa5303295dabd911d,,,mouse_move,,,,,,,812.0,353.0,1784666899846.0,,
6a5fdb1aa5303295dabd911e,,,mouse_move,,,,,,,813.0,358.0,1784666899855.0,,
6a5fdb1aa5303295dabd911f,,,mouse_move,,,,,,,813.0,362.0,1784666899865.0,,
6a5fdb1aa5303295dabd9120,,,mouse_move,,,,,,,814.0,366.0,1784666899870.0,,
6a5fdb1aa5303295dabd9121,,,mouse_move,,,,,,,815.0,370.0,1784666899879.0,,
6a5fdb1aa5303295dabd9122,,,mouse_move,,,,,,,815.0,374.0,1784666899886.0,,
6a5fdb1aa5303295dabd9123,,,mouse_move,,,,,,,815.0,377.0,1784666899895.0,,
6a5fdb1aa5303295dabd9124,,,mouse_move,,,,,,,815.0,380.0,1784666899902.0,,
6a5fdb1aa5303295dabd9125,,,mouse_move,,,,,,,815.0,381.0,1784666899911.0,,
6a5fdb1aa5303295dabd9126,,,mouse_move,,,,,,,815.0,382.0,1784666899920.0,,
6a5fdb1aa5303295dabd9127,,,mouse_move,,,,,,,815.0,383.0,1784666899928.0,,
6a5fdb1aa5303295dabd9128,,,mouse_move,,,,,,,815.0,384.0,1784666899954.0,,
6a5fdb1aa5303295dabd9129,,,mouse_move,,,,,,,815.0,385.0,1784666900141.0,,
6a5fdb1aa5303295dabd912a,,,mouse_move,,,,,,,815.0,388.0,1784666900150.0,,
6a5fdb1aa5303295dabd912b,,,mouse_move,,,,,,,814.0,389.0,1784666900168.0,,
6a5fdb1aa5303295dabd912c,,,mouse_move,,,,,,,814.0,390.0,1784666900181.0,,
6a5fdb1aa5303295dabd912d,,,mouse_move,,,,,,,814.0,391.0,1784666900198.0,,
6a5fdb1aa5303295dabd912e,,,mouse_move,,,,,,,813.0,391.0,1784666900215.0,,
6a5fdb1aa5303295dabd912f,,,mouse_move,,,,,,,813.0,392.0,1784666900378.0,,
6a5fdb1aa5303295dabd9130,,,mouse_move,,,,,,,813.0,393.0,1784666900411.0,,
6a5fdb1aa5303295dabd9131,,,mouse_move,,,,,,,813.0,395.0,1784666900710.0,,
6a5fdb1aa5303295dabd9132,,,mouse_move,,,,,,,814.0,400.0,1784666900727.0,,
6a5fdb1aa5303295dabd9133,,,mouse_move,,,,,,,814.0,403.0,1784666900735.0,,
6a5fdb1aa5303295dabd9134,,,mouse_move,,,,,,,814.0,405.0,1784666900744.0,,
6a5fdb1aa5303295dabd9135,,,mouse_move,,,,,,,814.0,408.0,1784666900752.0,,
6a5fdb1aa5303295dabd9136,,,mouse_move,,,,,,,814.0,409.0,1784666900768.0,,
6a5fdb1aa5303295dabd9137,,,mouse_move,,,,,,,814.0,408.0,1784666900785.0,,
6a5fdb1aa5303295dabd9138,,,mouse_move,,,,,,,813.0,408.0,1784666901035.0,,
6a5fdb1aa5303295dabd9139,,,mouse_move,,,,,,,812.0,408.0,1784666901045.0,,
6a5fdb1aa5303295dabd913a,,,mouse_move,,,,,,,810.0,408.0,1784666901051.0,,
6a5fdb1aa5303295dabd913b,,,mouse_move,,,,,,,809.0,408.0,1784666901060.0,,
6a5fdb1aa5303295dabd913c,,,mouse_move,,,,,,,808.0,408.0,1784666901068.0,,
6a5fdb1aa5303295dabd913d,,,mouse_move,,,,,,,807.0,408.0,1784666901077.0,,
6a5fdb1aa5303295dabd913e,,,mouse_move,,,,,,,806.0,408.0,1784666901085.0,,
6a5fdb1aa5303295dabd913f,,,mouse_move,,,,,,,805.0,409.0,1784666901093.0,,
6a5fdb1aa5303295dabd9140,,,mouse_move,,,,,,,802.0,414.0,1784666901102.0,,
6a5fdb1aa5303295dabd9141,,,mouse_move,,,,,,,796.0,423.0,1784666901110.0,,
6a5fdb1aa5303295dabd9142,,,mouse_move,,,,,,,790.0,433.0,1784666901120.0,,
6a5fdb1aa5303295dabd9143,,,mouse_move,,,,,,,775.0,454.0,1784666901127.0,,
6a5fdb1aa5303295dabd9144,,,mouse_move,,,,,,,758.0,476.0,1784666901135.0,,
6a5fdb1aa5303295dabd9145,,,mouse_move,,,,,,,740.0,499.0,1784666901143.0,,
6a5fdb1aa5303295dabd9146,,,mouse_move,,,,,,,718.0,524.0,1784666901151.0,,
6a5fdb1aa5303295dabd9147,,,mouse_move,,,,,,,704.0,542.0,1784666901161.0,,
6a5fdb1aa5303295dabd9148,,,mouse_move,,,,,,,690.0,561.0,1784666901169.0,,
6a5fdb1aa5303295dabd9149,,,mouse_move,,,,,,,677.0,580.0,1784666901177.0,,
6a5fdb1aa5303295dabd914a,,,mouse_move,,,,,,,662.0,607.0,1784666901185.0,,
6a5fdb1aa5303295dabd914b,,,mouse_move,,,,,,,651.0,623.0,1784666901194.0,,
6a5fdb1aa5303295dabd914c,,,mouse_move,,,,,,,637.0,647.0,1784666901202.0,,
6a5fdb1aa5303295dabd914d,,,mouse_move,,,,,,,626.0,668.0,1784666901211.0,,
6a5fdb1aa5303295dabd914e,,,mouse_move,,,,,,,616.0,686.0,1784666901219.0,,
6a5fdb1aa5303295dabd914f,,,mouse_move,,,,,,,603.0,715.0,1784666901227.0,,
6a5fdb1aa5303295dabd9150,,,mouse_move,,,,,,,593.0,736.0,1784666901233.0,,
6a5fdb1aa5303295dabd9151,,,mouse_move,,,,,,,583.0,754.0,1784666901242.0,,
6a5fdb1aa5303295dabd9152,,,mouse_move,,,,,,,623.0,737.0,1784666902717.0,,
6a5fdb1aa5303295dabd9153,,,mouse_move,,,,,,,621.0,679.0,1784666902724.0,,
6a5fdb1aa5303295dabd9154,,,mouse_move,,,,,,,613.0,570.0,1784666902740.0,,
6a5fdb1aa5303295dabd9155,,,mouse_move,,,,,,,609.0,512.0,1784666902756.0,,
6a5fdb1aa5303295dabd9156,,,mouse_move,,,,,,,605.0,455.0,1784666902764.0,,
6a5fdb1aa5303295dabd9157,,,mouse_move,,,,,,,597.0,397.0,1784666902772.0,,
6a5fdb1aa5303295dabd9158,,,mouse_move,,,,,,,588.0,310.0,1784666902780.0,,
6a5fdb1aa5303295dabd9159,,,mouse_move,,,,,,,585.0,271.0,1784666902789.0,,
6a5fdb1aa5303295dabd915a,,,mouse_move,,,,,,,583.0,241.0,1784666902797.0,,
6a5fdb1aa5303295dabd915b,,,mouse_move,,,,,,,583.0,222.0,1784666902806.0,,
6a5fdb1aa5303295dabd915c,,,mouse_move,,,,,,,583.0,204.0,1784666902815.0,,
6a5fdb1aa5303295dabd915d,,,mouse_move,,,,,,,588.0,183.0,1784666902822.0,,
6a5fdb1aa5303295dabd915e,,,mouse_move,,,,,,,590.0,171.0,1784666902831.0,,
6a5fdb1aa5303295dabd915f,,,mouse_move,,,,,,,592.0,163.0,1784666902840.0,,
6a5fdb1aa5303295dabd9160,,,mouse_move,,,,,,,595.0,157.0,1784666902848.0,,
6a5fdb1aa5303295dabd9161,,,mouse_move,,,,,,,597.0,154.0,1784666902855.0,,
6a5fdb1aa5303295dabd9162,,,mouse_move,,,,,,,597.0,153.0,1784666902864.0,,
6a5fdb1aa5303295dabd9163,,,mouse_move,,,,,,,598.0,154.0,1784666902931.0,,
6a5fdb1aa5303295dabd9164,,,mouse_move,,,,,,,598.0,155.0,1784666902939.0,,
6a5fdb1aa5303295dabd9165,,,mouse_move,,,,,,,599.0,156.0,1784666902948.0,,
6a5fdb1aa5303295dabd9166,,,mouse_move,,,,,,,600.0,159.0,1784666902956.0,,
6a5fdb1aa5303295dabd9167,,,mouse_move,,,,,,,600.0,161.0,1784666902965.0,,
6a5fdb1aa5303295dabd9168,,,mouse_move,,,,,,,603.0,164.0,1784666902977.0,,
6a5fdb1aa5303295dabd9169,,,mouse_move,,,,,,,604.0,166.0,1784666902984.0,,
6a5fdb1aa5303295dabd916a,,,mouse_move,,,,,,,604.0,169.0,1784666902992.0,,
6a5fdb1aa5303295dabd916b,,,mouse_move,,,,,,,604.0,172.0,1784666903000.0,,
6a5fdb1aa5303295dabd916c,,,mouse_move,,,,,,,606.0,176.0,1784666903009.0,,
6a5fdb1aa5303295dabd916d,,,mouse_move,,,,,,,606.0,178.0,1784666903016.0,,
6a5fdb1aa5303295dabd916e,,,mouse_move,,,,,,,607.0,180.0,1784666903022.0,,
6a5fdb1aa5303295dabd916f,,,mouse_move,,,,,,,608.0,182.0,1784666903030.0,,
6a5fdb1aa5303295dabd9170,,,mouse_move,,,,,,,608.0,185.0,1784666903039.0,,
6a5fdb1aa5303295dabd9171,,,mouse_move,,,,,,,609.0,188.0,1784666903048.0,,
6a5fdb1aa5303295dabd9172,,,mouse_move,,,,,,,609.0,190.0,1784666903056.0,,
6a5fdb1aa5303295dabd9173,,,mouse_move,,,,,,,609.0,191.0,1784666903064.0,,
6a5fdb1aa5303295dabd9174,,,mouse_move,,,,,,,609.0,193.0,1784666903071.0,,
6a5fdb1aa5303295dabd9175,,,mouse_move,,,,,,,609.0,194.0,1784666903080.0,,
6a5fdb1aa5303295dabd9176,,,mouse_move,,,,,,,609.0,196.0,1784666903089.0,,
6a5fdb1aa5303295dabd9177,,,mouse_move,,,,,,,609.0,197.0,1784666903103.0,,
6a5fdb1aa5303295dabd9178,,,mouse_move,,,,,,,609.0,199.0,1784666903132.0,,
6a5fdb1aa5303295dabd9179,,,mouse_move,,,,,,,609.0,201.0,1784666903233.0,,
6a5fdb1aa5303295dabd917a,,,mouse_move,,,,,,,609.0,203.0,1784666903253.0,,
6a5fdb1aa5303295dabd917b,,,mouse_move,,,,,,,610.0,203.0,1784666903275.0,,
6a5fdb1aa5303295dabd917c,,,mouse_move,,,,,,,610.0,204.0,1784666903747.0,,
6a5fdb1aa5303295dabd917d,,,mouse_move,,,,,,,606.0,207.0,1784666903754.0,,
6a5fdb1aa5303295dabd917e,,,mouse_move,,,,,,,605.0,207.0,1784666903763.0,,
6a5fdb1aa5303295dabd917f,,,mouse_move,,,,,,,603.0,209.0,1784666903771.0,,
6a5fdb1aa5303295dabd9180,,,mouse_move,,,,,,,597.0,212.0,1784666903780.0,,
6a5fdb1aa5303295dabd9181,,,mouse_move,,,,,,,593.0,214.0,1784666903789.0,,
6a5fdb1aa5303295dabd9182,,,mouse_move,,,,,,,586.0,216.0,1784666903796.0,,
6a5fdb1aa5303295dabd9183,,,mouse_move,,,,,,,580.0,219.0,1784666903805.0,,
6a5fdb1aa5303295dabd9184,,,mouse_move,,,,,,,571.0,221.0,1784666903822.0,,
6a5fdb1aa5303295dabd9185,,,mouse_move,,,,,,,563.0,222.0,1784666903830.0,,
6a5fdb1aa5303295dabd9186,,,mouse_move,,,,,,,555.0,223.0,1784666903838.0,,
6a5fdb1aa5303295dabd9187,,,mouse_move,,,,,,,531.0,226.0,1784666903847.0,,
6a5fdb1aa5303295dabd9188,,,mouse_move,,,,,,,504.0,228.0,1784666903863.0,,
6a5fdb1aa5303295dabd9189,,,mouse_move,,,,,,,490.0,230.0,1784666903872.0,,
6a5fdb1aa5303295dabd918a,,,mouse_move,,,,,,,473.0,232.0,1784666903880.0,,
6a5fdb1aa5303295dabd918b,,,mouse_move,,,,,,,456.0,233.0,1784666903888.0,,
6a5fdb1aa5303295dabd918c,,,mouse_move,,,,,,,436.0,233.0,1784666903897.0,,
6a5fdb1aa5303295dabd918d,,,mouse_move,,,,,,,417.0,233.0,1784666903904.0,,
6a5fdb1aa5303295dabd918e,,,mouse_move,,,,,,,395.0,233.0,1784666903913.0,,
6a5fdb1aa5303295dabd918f,,,mouse_move,,,,,,,373.0,235.0,1784666903921.0,,
6a5fdb1aa5303295dabd9190,,,mouse_move,,,,,,,356.0,235.0,1784666903930.0,,
6a5fdb1aa5303295dabd9191,,,mouse_move,,,,,,,342.0,236.0,1784666903938.0,,
6a5fdb1aa5303295dabd9192,,,mouse_move,,,,,,,330.0,236.0,1784666903946.0,,
6a5fdb1aa5303295dabd9193,,,mouse_move,,,,,,,312.0,237.0,1784666903955.0,,
6a5fdb1aa5303295dabd9194,,,mouse_move,,,,,,,310.0,237.0,1784666903972.0,,
6a5fdb1aa5303295dabd9195,,,mouse_move,,,,,,,309.0,237.0,1784666903989.0,,
6a5fdb1aa5303295dabd9196,,,mouse_move,,,,,,,312.0,237.0,1784666904203.0,,
6a5fdb1aa5303295dabd9197,,,mouse_move,,,,,,,314.0,237.0,1784666904221.0,,
6a5fdb1aa5303295dabd9198,,,mouse_move,,,,,,,316.0,237.0,1784666904230.0,,
6a5fdb1aa5303295dabd9199,,,mouse_move,,,,,,,318.0,237.0,1784666904238.0,,
6a5fdb1aa5303295dabd919a,,,mouse_move,,,,,,,324.0,237.0,1784666904248.0,,
6a5fdb1aa5303295dabd919b,,,mouse_move,,,,,,,327.0,237.0,1784666904254.0,,
6a5fdb1aa5303295dabd919c,,,mouse_move,,,,,,,332.0,237.0,1784666904263.0,,
6a5fdb1aa5303295dabd919d,,,mouse_move,,,,,,,337.0,237.0,1784666904272.0,,
6a5fdb1aa5303295dabd919e,,,mouse_move,,,,,,,341.0,237.0,1784666904280.0,,
6a5fdb1aa5303295dabd919f,,,mouse_move,,,,,,,344.0,237.0,1784666904288.0,,
6a5fdb1aa5303295dabd91a0,,,mouse_move,,,,,,,348.0,237.0,1784666904297.0,,
6a5fdb1aa5303295dabd91a1,,,mouse_move,,,,,,,350.0,237.0,1784666904305.0,,
6a5fdb1aa5303295dabd91a2,,,mouse_move,,,,,,,351.0,237.0,1784666904331.0,,
6a5fdb1aa5303295dabd91a3,,,mouse_move,,,,,,,351.0,238.0,1784666904367.0,,
6a5fdb1aa5303295dabd91a4,,,mouse_move,,,,,,,351.0,239.0,1784666904391.0,,
6a5fdb1aa5303295dabd91a5,,,mouse_move,,,,,,,352.0,240.0,1784666904397.0,,
6a5fdb1aa5303295dabd91a6,,,mouse_move,,,,,,,352.0,241.0,1784666904421.0,,
6a5fdb1aa5303295dabd91a7,,,mouse_move,,,,,,,352.0,242.0,1784666904431.0,,
6a5fdb1aa5303295dabd91a8,,,mouse_move,,,,,,,353.0,243.0,1784666904438.0,,
6a5fdb1aa5303295dabd91a9,,,mouse_move,,,,,,,354.0,244.0,1784666904455.0,,
6a5fdb1aa5303295dabd91aa,,,mouse_move,,,,,,,354.0,245.0,1784666904463.0,,
6a5fdb1aa5303295dabd91ab,,,mouse_move,,,,,,,354.0,246.0,1784666904472.0,,
6a5fdb1aa5303295dabd91ac,,,mouse_move,,,,,,,355.0,248.0,1784666904480.0,,
6a5fdb1aa5303295dabd91ad,,,mouse_move,,,,,,,356.0,249.0,1784666904489.0,,
6a5fdb1aa5303295dabd91ae,,,mouse_move,,,,,,,356.0,250.0,1784666904496.0,,
6a5fdb1aa5303295dabd91af,,,mouse_move,,,,,,,357.0,252.0,1784666904505.0,,
6a5fdb1aa5303295dabd91b0,,,mouse_move,,,,,,,364.0,260.0,1784666904515.0,,
6a5fdb1aa5303295dabd91b1,,,mouse_move,,,,,,,367.0,261.0,1784666904527.0,,
6a5fdb1aa5303295dabd91b2,,,mouse_move,,,,,,,370.0,263.0,1784666904531.0,,
6a5fdb1aa5303295dabd91b3,,,mouse_move,,,,,,,376.0,266.0,1784666904543.0,,
6a5fdb1aa5303295dabd91b4,,,mouse_move,,,,,,,382.0,267.0,1784666904551.0,,
6a5fdb1aa5303295dabd91b5,,,mouse_move,,,,,,,387.0,267.0,1784666904558.0,,
6a5fdb1aa5303295dabd91b6,,,mouse_move,,,,,,,393.0,268.0,1784666904567.0,,
6a5fdb1aa5303295dabd91b7,,,mouse_move,,,,,,,398.0,268.0,1784666904572.0,,
6a5fdb1aa5303295dabd91b8,,,mouse_move,,,,,,,406.0,266.0,1784666904580.0,,
6a5fdb1aa5303295dabd91b9,,,mouse_move,,,,,,,415.0,262.0,1784666904589.0,,
6a5fdb1aa5303295dabd91ba,,,mouse_move,,,,,,,425.0,255.0,1784666904597.0,,
6a5fdb1aa5303295dabd91bb,,,mouse_move,,,,,,,433.0,247.0,1784666904606.0,,
6a5fdb1aa5303295dabd91bc,,,mouse_move,,,,,,,443.0,238.0,1784666904613.0,,
6a5fdb1aa5303295dabd91bd,,,mouse_move,,,,,,,448.0,231.0,1784666904623.0,,
6a5fdb1aa5303295dabd91be,,,mouse_move,,,,,,,452.0,225.0,1784666904632.0,,
6a5fdb1aa5303295dabd91bf,,,mouse_move,,,,,,,456.0,216.0,1784666904639.0,,
6a5fdb1aa5303295dabd91c0,,,mouse_move,,,,,,,459.0,210.0,1784666904647.0,,
6a5fdb1aa5303295dabd91c1,,,mouse_move,,,,,,,460.0,205.0,1784666904656.0,,
6a5fdb1aa5303295dabd91c2,,,mouse_move,,,,,,,460.0,201.0,1784666904663.0,,
6a5fdb1aa5303295dabd91c3,,,mouse_move,,,,,,,460.0,198.0,1784666904672.0,,
6a5fdb1aa5303295dabd91c4,,,mouse_move,,,,,,,460.0,193.0,1784666904680.0,,
6a5fdb1aa5303295dabd91c5,,,mouse_move,,,,,,,460.0,190.0,1784666904688.0,,
6a5fdb1aa5303295dabd91c6,,,mouse_move,,,,,,,460.0,187.0,1784666904697.0,,
6a5fdb1aa5303295dabd91c7,,,mouse_move,,,,,,,459.0,185.0,1784666904706.0,,
6a5fdb1aa5303295dabd91c8,,,mouse_move,,,,,,,457.0,182.0,1784666904713.0,,
6a5fdb1aa5303295dabd91c9,,,mouse_move,,,,,,,455.0,178.0,1784666904729.0,,
6a5fdb1aa5303295dabd91ca,,,mouse_move,,,,,,,454.0,177.0,1784666904734.0,,
6a5fdb1aa5303295dabd91cb,,,mouse_move,,,,,,,451.0,175.0,1784666904739.0,,
6a5fdb1aa5303295dabd91cc,,,mouse_move,,,,,,,450.0,173.0,1784666904748.0,,
6a5fdb1aa5303295dabd91cd,,,mouse_move,,,,,,,447.0,171.0,1784666904757.0,,
6a5fdb1aa5303295dabd91ce,,,mouse_move,,,,,,,445.0,170.0,1784666904765.0,,
6a5fdb1aa5303295dabd91cf,,,mouse_move,,,,,,,449.0,170.0,1784666905016.0,,
6a5fdb1aa5303295dabd91d0,,,mouse_move,,,,,,,452.0,169.0,1784666905024.0,,
6a5fdb1aa5303295dabd91d1,,,mouse_move,,,,,,,456.0,167.0,1784666905031.0,,
6a5fdb1aa5303295dabd91d2,,,mouse_move,,,,,,,460.0,165.0,1784666905038.0,,
6a5fdb1aa5303295dabd91d3,,,mouse_move,,,,,,,464.0,161.0,1784666905047.0,,
6a5fdb1aa5303295dabd91d4,,,mouse_move,,,,,,,470.0,157.0,1784666905056.0,,
6a5fdb1aa5303295dabd91d5,,,mouse_move,,,,,,,475.0,154.0,1784666905063.0,,
6a5fdb1aa5303295dabd91d6,,,mouse_move,,,,,,,480.0,150.0,1784666905072.0,,
6a5fdb1aa5303295dabd91d7,,,mouse_move,,,,,,,484.0,146.0,1784666905080.0,,
6a5fdb1aa5303295dabd91d8,,,mouse_move,,,,,,,486.0,145.0,1784666905088.0,,
6a5fdb1aa5303295dabd91d9,,,mouse_move,,,,,,,487.0,142.0,1784666905097.0,,
6a5fdb1aa5303295dabd91da,,,mouse_move,,,,,,,491.0,141.0,1784666905105.0,,
6a5fdb1aa5303295dabd91db,,,mouse_move,,,,,,,491.0,140.0,1784666905113.0,,
6a5fdb1aa5303295dabd91dc,,,mouse_move,,,,,,,492.0,140.0,1784666905122.0,,
6a5fdb1aa5303295dabd91dd,,,mouse_move,,,,,,,494.0,140.0,1784666905130.0,,
6a5fdb1aa5303295dabd91de,,,mouse_move,,,,,,,495.0,140.0,1784666905138.0,,
6a5fdb1aa5303295dabd91df,,,mouse_move,,,,,,,499.0,146.0,1784666905147.0,,
6a5fdb1aa5303295dabd91e0,,,mouse_move,,,,,,,503.0,154.0,1784666905156.0,,
6a5fdb1aa5303295dabd91e1,,,mouse_move,,,,,,,505.0,163.0,1784666905162.0,,
6a5fdb1aa5303295dabd91e2,,,mouse_move,,,,,,,512.0,184.0,1784666905171.0,,
6a5fdb1aa5303295dabd91e3,,,mouse_move,,,,,,,515.0,197.0,1784666905181.0,,
6a5fdb1aa5303295dabd91e4,,,mouse_move,,,,,,,517.0,209.0,1784666905188.0,,
6a5fdb1aa5303295dabd91e5,,,mouse_move,,,,,,,522.0,220.0,1784666905197.0,,
6a5fdb1aa5303295dabd91e6,,,mouse_move,,,,,,,526.0,233.0,1784666905205.0,,
6a5fdb1aa5303295dabd91e7,,,mouse_move,,,,,,,528.0,241.0,1784666905215.0,,
6a5fdb1aa5303295dabd91e8,,,mouse_move,,,,,,,532.0,249.0,1784666905224.0,,
6a5fdb1aa5303295dabd91e9,,,mouse_move,,,,,,,535.0,257.0,1784666905231.0,,
6a5fdb1aa5303295dabd91ea,,,mouse_move,,,,,,,539.0,265.0,1784666905240.0,,
6a5fdb1aa5303295dabd91eb,,,mouse_move,,,,,,,541.0,270.0,1784666905247.0,,
6a5fdb1aa5303295dabd91ec,,,mouse_move,,,,,,,547.0,277.0,1784666905255.0,,
6a5fdb1aa5303295dabd91ed,,,mouse_move,,,,,,,553.0,282.0,1784666905263.0,,
6a5fdb1aa5303295dabd91ee,,,mouse_move,,,,,,,556.0,285.0,1784666905271.0,,
6a5fdb1aa5303295dabd91ef,,,mouse_move,,,,,,,561.0,287.0,1784666905296.0,,
6a5fdb1aa5303295dabd91f0,,,mouse_move,,,,,,,564.0,286.0,1784666905350.0,,
6a5fdb1aa5303295dabd91f1,,,mouse_move,,,,,,,572.0,282.0,1784666905358.0,,
6a5fdb1aa5303295dabd91f2,,,mouse_move,,,,,,,576.0,279.0,1784666905363.0,,
6a5fdb1aa5303295dabd91f3,,,mouse_move,,,,,,,585.0,272.0,1784666905376.0,,
6a5fdb1aa5303295dabd91f4,,,mouse_move,,,,,,,592.0,267.0,1784666905383.0,,
6a5fdb1aa5303295dabd91f5,,,mouse_move,,,,,,,600.0,261.0,1784666905391.0,,
6a5fdb1aa5303295dabd91f6,,,mouse_move,,,,,,,610.0,254.0,1784666905399.0,,
6a5fdb1aa5303295dabd91f7,,,mouse_move,,,,,,,616.0,250.0,1784666905405.0,,
6a5fdb1aa5303295dabd91f8,,,mouse_move,,,,,,,627.0,241.0,1784666905413.0,,
6a5fdb1aa5303295dabd91f9,,,mouse_move,,,,,,,635.0,235.0,1784666905422.0,,
6a5fdb1aa5303295dabd91fa,,,mouse_move,,,,,,,645.0,224.0,1784666905429.0,,
6a5fdb1aa5303295dabd91fb,,,mouse_move,,,,,,,664.0,209.0,1784666905438.0,,
6a5fdb1aa5303295dabd91fc,,,mouse_move,,,,,,,684.0,194.0,1784666905448.0,,
6a5fdb1aa5303295dabd91fd,,,mouse_move,,,,,,,709.0,174.0,1784666905456.0,,
6a5fdb1aa5303295dabd91fe,,,mouse_move,,,,,,,734.0,156.0,1784666905463.0,,
6a5fdb1aa5303295dabd91ff,,,mouse_move,,,,,,,767.0,130.0,1784666905472.0,,
6a5fdb1aa5303295dabd9200,,,mouse_move,,,,,,,790.0,112.0,1784666905480.0,,
6a5fdb1aa5303295dabd9201,,,mouse_move,,,,,,,810.0,95.0,1784666905488.0,,
6a5fdb1aa5303295dabd9202,,,mouse_move,,,,,,,824.0,83.0,1784666905497.0,,
6a5fdb1aa5303295dabd9203,,,mouse_move,,,,,,,836.0,74.0,1784666905504.0,,
6a5fdb1aa5303295dabd9204,,,mouse_move,,,,,,,847.0,66.0,1784666905513.0,,
6a5fdb1aa5303295dabd9205,,,mouse_move,,,,,,,857.0,59.0,1784666905521.0,,
6a5fdb1aa5303295dabd9206,,,mouse_move,,,,,,,863.0,55.0,1784666905530.0,,
6a5fdb1aa5303295dabd9207,,,mouse_move,,,,,,,868.0,53.0,1784666905538.0,,
6a5fdb1aa5303295dabd9208,,,mouse_move,,,,,,,872.0,52.0,1784666905546.0,,
6a5fdb1aa5303295dabd9209,,,mouse_move,,,,,,,874.0,51.0,1784666905554.0,,
6a5fdb1aa5303295dabd920a,,,mouse_move,,,,,,,878.0,50.0,1784666905563.0,,
6a5fdb1aa5303295dabd920b,,,mouse_move,,,,,,,880.0,50.0,1784666905572.0,,
6a5fdb1aa5303295dabd920c,,,mouse_move,,,,,,,883.0,50.0,1784666905580.0,,
6a5fdb1aa5303295dabd920d,,,mouse_move,,,,,,,888.0,50.0,1784666905588.0,,
6a5fdb1aa5303295dabd920e,,,mouse_move,,,,,,,894.0,51.0,1784666905597.0,,
6a5fdb1aa5303295dabd920f,,,mouse_move,,,,,,,900.0,53.0,1784666905607.0,,
6a5fdb1aa5303295dabd9210,,,mouse_move,,,,,,,905.0,55.0,1784666905615.0,,
6a5fdb1aa5303295dabd9211,,,mouse_move,,,,,,,911.0,58.0,1784666905623.0,,
6a5fdb1aa5303295dabd9212,,,mouse_move,,,,,,,917.0,62.0,1784666905630.0,,
6a5fdb1aa5303295dabd9213,,,mouse_move,,,,,,,921.0,63.0,1784666905638.0,,
6a5fdb1aa5303295dabd9214,,,mouse_move,,,,,,,922.0,66.0,1784666905646.0,,
6a5fdb1aa5303295dabd9215,,,mouse_move,,,,,,,924.0,69.0,1784666905655.0,,
6a5fdb1aa5303295dabd9216,,,mouse_move,,,,,,,925.0,70.0,1784666905663.0,,
6a5fdb1aa5303295dabd9217,,,mouse_move,,,,,,,925.0,73.0,1784666905672.0,,
6a5fdb1aa5303295dabd9218,,,mouse_move,,,,,,,923.0,76.0,1784666905680.0,,
6a5fdb1aa5303295dabd9219,,,mouse_move,,,,,,,916.0,80.0,1784666905689.0,,
6a5fdb1aa5303295dabd921a,,,mouse_move,,,,,,,903.0,86.0,1784666905696.0,,
6a5fdb1aa5303295dabd921b,,,mouse_move,,,,,,,873.0,98.0,1784666905705.0,,
6a5fdb1aa5303295dabd921c,,,mouse_move,,,,,,,829.0,113.0,1784666905713.0,,
6a5fdb1aa5303295dabd921d,,,mouse_move,,,,,,,790.0,120.0,1784666905722.0,,
6a5fdb1aa5303295dabd921e,,,mouse_move,,,,,,,725.0,135.0,1784666905730.0,,
6a5fdb1aa5303295dabd921f,,,mouse_move,,,,,,,663.0,151.0,1784666905738.0,,
6a5fdb1aa5303295dabd9220,,,mouse_move,,,,,,,594.0,162.0,1784666905746.0,,
6a5fdb1aa5303295dabd9221,,,mouse_move,,,,,,,542.0,167.0,1784666905754.0,,
6a5fdb1aa5303295dabd9222,,,mouse_move,,,,,,,490.0,167.0,1784666905763.0,,
6a5fdb1aa5303295dabd9223,,,mouse_move,,,,,,,450.0,167.0,1784666905770.0,,
6a5fdb1aa5303295dabd9224,,,mouse_move,,,,,,,414.0,167.0,1784666905779.0,,
6a5fdb1aa5303295dabd9225,,,mouse_move,,,,,,,359.0,167.0,1784666905788.0,,
6a5fdb1aa5303295dabd9226,,,mouse_move,,,,,,,341.0,165.0,1784666905797.0,,
6a5fdb1aa5303295dabd9227,,,mouse_move,,,,,,,329.0,162.0,1784666905806.0,,
6a5fdb1aa5303295dabd9228,,,mouse_move,,,,,,,317.0,159.0,1784666905813.0,,
6a5fdb1aa5303295dabd9229,,,mouse_move,,,,,,,312.0,157.0,1784666905822.0,,
6a5fdb1aa5303295dabd922a,,,mouse_move,,,,,,,309.0,156.0,1784666905831.0,,
6a5fdb1aa5303295dabd922b,,,mouse_move,,,,,,,307.0,155.0,1784666905839.0,,
6a5fdb1aa5303295dabd922c,,,mouse_move,,,,,,,306.0,155.0,1784666905847.0,,
6a5fdb1aa5303295dabd922d,,,mouse_move,,,,,,,305.0,155.0,1784666905891.0,,
6a5fdb1aa5303295dabd922e,,,mouse_move,,,,,,,303.0,156.0,1784666905912.0,,
6a5fdb1aa5303295dabd922f,,,mouse_move,,,,,,,302.0,157.0,1784666905921.0,,
6a5fdb1aa5303295dabd9230,,,mouse_move,,,,,,,300.0,159.0,1784666905929.0,,
6a5fdb1aa5303295dabd9231,,,mouse_move,,,,,,,298.0,161.0,1784666905938.0,,
6a5fdb1aa5303295dabd9232,,,mouse_move,,,,,,,296.0,164.0,1784666905946.0,,
6a5fdb1aa5303295dabd9233,,,mouse_move,,,,,,,294.0,166.0,1784666905955.0,,
6a5fdb1aa5303295dabd9234,,,mouse_move,,,,,,,292.0,169.0,1784666905963.0,,
6a5fdb1aa5303295dabd9235,,,mouse_move,,,,,,,290.0,170.0,1784666905971.0,,
6a5fdb1aa5303295dabd9236,,,mouse_move,,,,,,,287.0,175.0,1784666905980.0,,
6a5fdb1aa5303295dabd9237,,,mouse_move,,,,,,,283.0,179.0,1784666905988.0,,
6a5fdb1aa5303295dabd9238,,,mouse_move,,,,,,,281.0,182.0,1784666905996.0,,
6a5fdb1aa5303295dabd9239,,,mouse_move,,,,,,,278.0,185.0,1784666906004.0,,
6a5fdb1aa5303295dabd923a,,,mouse_move,,,,,,,276.0,187.0,1784666906013.0,,
6a5fdb1aa5303295dabd923b,,,mouse_move,,,,,,,273.0,191.0,1784666906023.0,,
6a5fdb1aa5303295dabd923c,,,mouse_move,,,,,,,272.0,192.0,1784666906031.0,,
6a5fdb1aa5303295dabd923d,,,mouse_move,,,,,,,269.0,195.0,1784666906039.0,,
6a5fdb1aa5303295dabd923e,,,mouse_move,,,,,,,268.0,196.0,1784666906047.0,,
6a5fdb1aa5303295dabd923f,,,mouse_move,,,,,,,266.0,199.0,1784666906055.0,,
6a5fdb1aa5303295dabd9240,,,mouse_move,,,,,,,265.0,201.0,1784666906063.0,,
6a5fdb1aa5303295dabd9241,,,mouse_move,,,,,,,263.0,203.0,1784666906071.0,,
6a5fdb1aa5303295dabd9242,,,mouse_move,,,,,,,263.0,204.0,1784666906079.0,,
6a5fdb1aa5303295dabd9243,,,mouse_move,,,,,,,263.0,205.0,1784666906087.0,,
6a5fdb1aa5303295dabd9244,,,mouse_move,,,,,,,264.0,205.0,1784666906135.0,,
6a5fdb1aa5303295dabd9245,,,mouse_move,,,,,,,266.0,205.0,1784666906139.0,,
6a5fdb1aa5303295dabd9246,,,mouse_move,,,,,,,270.0,203.0,1784666906147.0,,
6a5fdb1aa5303295dabd9247,,,mouse_move,,,,,,,276.0,199.0,1784666906155.0,,
6a5fdb1aa5303295dabd9248,,,mouse_move,,,,,,,279.0,197.0,1784666906163.0,,
6a5fdb1aa5303295dabd9249,,,mouse_move,,,,,,,282.0,195.0,1784666906171.0,,
6a5fdb1aa5303295dabd924a,,,mouse_move,,,,,,,285.0,194.0,1784666906183.0,,
6a5fdb1aa5303295dabd924b,,,mouse_move,,,,,,,286.0,194.0,1784666906191.0,,
6a5fdb1aa5303295dabd924c,,,mouse_move,,,,,,,287.0,193.0,1784666906199.0,,
6a5fdb1aa5303295dabd924d,,,mouse_move,,,,,,,288.0,193.0,1784666906259.0,,
6a5fdb24a5303295dabd924e,,,mouse_move,,,,,,,288.0,192.0,1784666906762.0,,
6a5fdb24a5303295dabd924f,,,mouse_move,,,,,,,291.0,191.0,1784666906771.0,,
6a5fdb24a5303295dabd9250,,,mouse_move,,,,,,,304.0,183.0,1784666906779.0,,
6a5fdb24a5303295dabd9251,,,mouse_move,,,,,,,333.0,168.0,1784666906788.0,,
6a5fdb24a5303295dabd9252,,,mouse_move,,,,,,,363.0,160.0,1784666906795.0,,
6a5fdb24a5303295dabd9253,,,mouse_move,,,,,,,378.0,160.0,1784666906804.0,,
6a5fdb24a5303295dabd9254,,,mouse_move,,,,,,,391.0,160.0,1784666906812.0,,
6a5fdb24a5303295dabd9255,,,mouse_move,,,,,,,403.0,162.0,1784666906821.0,,
6a5fdb24a5303295dabd9256,,,mouse_move,,,,,,,415.0,163.0,1784666906829.0,,
6a5fdb24a5303295dabd9257,,,mouse_move,,,,,,,426.0,165.0,1784666906837.0,,
6a5fdb24a5303295dabd9258,,,mouse_move,,,,,,,435.0,166.0,1784666906846.0,,
6a5fdb24a5303295dabd9259,,,mouse_move,,,,,,,446.0,167.0,1784666906854.0,,
6a5fdb24a5303295dabd925a,,,mouse_move,,,,,,,458.0,167.0,1784666906862.0,,
6a5fdb24a5303295dabd925b,,,mouse_move,,,,,,,472.0,167.0,1784666906872.0,,
6a5fdb24a5303295dabd925c,,,mouse_move,,,,,,,489.0,167.0,1784666906880.0,,
6a5fdb24a5303295dabd925d,,,mouse_move,,,,,,,513.0,167.0,1784666906888.0,,
6a5fdb24a5303295dabd925e,,,mouse_move,,,,,,,538.0,167.0,1784666906895.0,,
6a5fdb24a5303295dabd925f,,,mouse_move,,,,,,,577.0,163.0,1784666906904.0,,
6a5fdb24a5303295dabd9260,,,mouse_move,,,,,,,616.0,157.0,1784666906913.0,,
6a5fdb24a5303295dabd9261,,,mouse_move,,,,,,,658.0,154.0,1784666906921.0,,
6a5fdb24a5303295dabd9262,,,mouse_move,,,,,,,694.0,150.0,1784666906929.0,,
6a5fdb24a5303295dabd9263,,,mouse_move,,,,,,,736.0,145.0,1784666906938.0,,
6a5fdb24a5303295dabd9264,,,mouse_move,,,,,,,776.0,139.0,1784666906945.0,,
6a5fdb24a5303295dabd9265,,,mouse_move,,,,,,,818.0,134.0,1784666906954.0,,
6a5fdb24a5303295dabd9266,,,mouse_move,,,,,,,859.0,132.0,1784666906962.0,,
6a5fdb24a5303295dabd9267,,,mouse_move,,,,,,,894.0,132.0,1784666906971.0,,
6a5fdb24a5303295dabd9268,,,mouse_move,,,,,,,969.0,127.0,1784666906980.0,,
6a5fdb24a5303295dabd9269,,,mouse_move,,,,,,,997.0,123.0,1784666906988.0,,
6a5fdb24a5303295dabd926a,,,mouse_move,,,,,,,1023.0,119.0,1784666906995.0,,
6a5fdb24a5303295dabd926b,,,mouse_move,,,,,,,1052.0,114.0,1784666907007.0,,
6a5fdb24a5303295dabd926c,,,mouse_move,,,,,,,1069.0,109.0,1784666907014.0,,
6a5fdb24a5303295dabd926d,,,mouse_move,,,,,,,1091.0,102.0,1784666907023.0,,
6a5fdb24a5303295dabd926e,,,mouse_move,,,,,,,1102.0,98.0,1784666907032.0,,
6a5fdb24a5303295dabd926f,,,mouse_move,,,,,,,1110.0,94.0,1784666907038.0,,
6a5fdb24a5303295dabd9270,,,mouse_move,,,,,,,1116.0,92.0,1784666907046.0,,
6a5fdb24a5303295dabd9271,,,mouse_move,,,,,,,1125.0,89.0,1784666907054.0,,
6a5fdb24a5303295dabd9272,,,mouse_move,,,,,,,1132.0,85.0,1784666907062.0,,
6a5fdb24a5303295dabd9273,,,mouse_move,,,,,,,1139.0,83.0,1784666907071.0,,
6a5fdb24a5303295dabd9274,,,mouse_move,,,,,,,1147.0,79.0,1784666907079.0,,
6a5fdb24a5303295dabd9275,,,mouse_move,,,,,,,1158.0,74.0,1784666907088.0,,
6a5fdb24a5303295dabd9276,,,mouse_move,,,,,,,1180.0,65.0,1784666907115.0,,
6a5fdb24a5303295dabd9277,,,mouse_move,,,,,,,1182.0,61.0,1784666907134.0,,
6a5fdb24a5303295dabd9278,,,mouse_move,,,,,,,1183.0,58.0,1784666907144.0,,
6a5fdb24a5303295dabd9279,,,mouse_move,,,,,,,1189.0,48.0,1784666907156.0,,
6a5fdb24a5303295dabd927a,,,mouse_move,,,,,,,1208.0,31.0,1784666907181.0,,
6a5fdb24a5303295dabd927b,,,mouse_move,,,,,,,1246.0,5.0,1784666907203.0,,
6a5fdb24a5303295dabd927c,,,mouse_move,,,,,,,1010.0,1.0,1784666916181.0,,
6a5fdb24a5303295dabd927d,,,mouse_move,,,,,,,1003.0,4.0,1784666916186.0,,
6a5fdb24a5303295dabd927e,,,mouse_move,,,,,,,997.0,6.0,1784666916198.0,,
6a5fdb24a5303295dabd927f,,,mouse_move,,,,,,,990.0,10.0,1784666916207.0,,
6a5fdb24a5303295dabd9280,,,mouse_move,,,,,,,983.0,13.0,1784666916215.0,,
6a5fdb24a5303295dabd9281,,,mouse_move,,,,,,,976.0,16.0,1784666916220.0,,
6a5fdb24a5303295dabd9282,,,mouse_move,,,,,,,966.0,21.0,1784666916228.0,,
6a5fdb24a5303295dabd9283,,,mouse_move,,,,,,,958.0,26.0,1784666916236.0,,
6a5fdb24a5303295dabd9284,,,mouse_move,,,,,,,950.0,30.0,1784666916244.0,,
6a5fdb24a5303295dabd9285,,,mouse_move,,,,,,,946.0,34.0,1784666916252.0,,
6a5fdb24a5303295dabd9286,,,mouse_move,,,,,,,942.0,39.0,1784666916259.0,,
6a5fdb2ea5303295dabd9287,,,mouse_move,,,,,,,939.0,43.0,1784666916269.0,,
6a5fdb2ea5303295dabd9288,,,mouse_move,,,,,,,938.0,46.0,1784666916275.0,,
6a5fdb2ea5303295dabd9289,,,mouse_move,,,,,,,938.0,51.0,1784666916284.0,,
6a5fdb2ea5303295dabd928a,,,mouse_move,,,,,,,938.0,56.0,1784666916295.0,,
6a5fdb2ea5303295dabd928b,,,mouse_move,,,,,,,938.0,61.0,1784666916304.0,,
6a5fdb2ea5303295dabd928c,,,mouse_move,,,,,,,938.0,67.0,1784666916311.0,,
6a5fdb2ea5303295dabd928d,,,mouse_move,,,,,,,938.0,75.0,1784666916321.0,,
6a5fdb2ea5303295dabd928e,,,mouse_move,,,,,,,939.0,81.0,1784666916327.0,,
6a5fdb2ea5303295dabd928f,,,mouse_move,,,,,,,940.0,88.0,1784666916336.0,,
6a5fdb2ea5303295dabd9290,,,mouse_move,,,,,,,940.0,96.0,1784666916343.0,,
6a5fdb2ea5303295dabd9291,,,mouse_move,,,,,,,941.0,104.0,1784666916351.0,,
6a5fdb2ea5303295dabd9292,,,mouse_move,,,,,,,942.0,114.0,1784666916360.0,,
6a5fdb2ea5303295dabd9293,,,mouse_move,,,,,,,943.0,124.0,1784666916369.0,,
6a5fdb2ea5303295dabd9294,,,mouse_move,,,,,,,944.0,137.0,1784666916376.0,,
6a5fdb2ea5303295dabd9295,,,mouse_move,,,,,,,946.0,143.0,1784666916386.0,,
6a5fdb2ea5303295dabd9296,,,mouse_move,,,,,,,949.0,150.0,1784666916394.0,,
6a5fdb2ea5303295dabd9297,,,mouse_move,,,,,,,951.0,152.0,1784666916401.0,,
6a5fdb2ea5303295dabd9298,,,mouse_move,,,,,,,952.0,157.0,1784666916409.0,,
6a5fdb2ea5303295dabd9299,,,mouse_move,,,,,,,953.0,160.0,1784666916418.0,,
6a5fdb2ea5303295dabd929a,,,mouse_move,,,,,,,956.0,165.0,1784666916427.0,,
6a5fdb2ea5303295dabd929b,,,mouse_move,,,,,,,957.0,167.0,1784666916437.0,,
6a5fdb2ea5303295dabd929c,,,mouse_move,,,,,,,958.0,169.0,1784666916443.0,,
6a5fdb2ea5303295dabd929d,,,mouse_move,,,,,,,958.0,170.0,1784666916450.0,,
6a5fdb2ea5303295dabd929e,,,mouse_move,,,,,,,959.0,172.0,1784666916463.0,,
6a5fdb2ea5303295dabd929f,,,mouse_move,,,,,,,961.0,173.0,1784666916471.0,,
6a5fdb2ea5303295dabd92a0,,,mouse_move,,,,,,,961.0,174.0,1784666916480.0,,
6a5fdb2ea5303295dabd92a1,,,mouse_move,,,,,,,961.0,175.0,1784666916487.0,,
6a5fdb2ea5303295dabd92a2,,,mouse_move,,,,,,,962.0,175.0,1784666916499.0,,
6a5fdb2ea5303295dabd92a3,,,mouse_move,,,,,,,962.0,176.0,1784666916507.0,,
6a5fdb2ea5303295dabd92a4,,,mouse_move,,,,,,,962.0,177.0,1784666916607.0,,
6a5fdb2ea5303295dabd92a5,,,mouse_move,,,,,,,962.0,178.0,1784666916614.0,,
6a5fdb2ea5303295dabd92a6,,,mouse_move,,,,,,,962.0,179.0,1784666916648.0,,
6a5fdb2ea5303295dabd92a7,,,mouse_move,,,,,,,963.0,180.0,1784666916668.0,,
6a5fdb2ea5303295dabd92a8,,,mouse_move,,,,,,,963.0,181.0,1784666916685.0,,
6a5fdb2ea5303295dabd92a9,,,mouse_move,,,,,,,965.0,182.0,1784666916704.0,,
6a5fdb2ea5303295dabd92aa,,,mouse_move,,,,,,,967.0,182.0,1784666916727.0,,
6a5fdb2ea5303295dabd92ab,,,mouse_move,,,,,,,968.0,182.0,1784666916734.0,,
6a5fdb2ea5303295dabd92ac,,,mouse_move,,,,,,,971.0,182.0,1784666916742.0,,
6a5fdb2ea5303295dabd92ad,,,mouse_move,,,,,,,973.0,182.0,1784666916751.0,,
6a5fdb2ea5303295dabd92ae,,,mouse_move,,,,,,,977.0,181.0,1784666916760.0,,
6a5fdb2ea5303295dabd92af,,,mouse_move,,,,,,,982.0,179.0,1784666916769.0,,
6a5fdb2ea5303295dabd92b0,,,mouse_move,,,,,,,988.0,177.0,1784666916777.0,,
6a5fdb2ea5303295dabd92b1,,,mouse_move,,,,,,,992.0,176.0,1784666916784.0,,
6a5fdb2ea5303295dabd92b2,,,mouse_move,,,,,,,996.0,174.0,1784666916792.0,,
6a5fdb2ea5303295dabd92b3,,,mouse_move,,,,,,,1001.0,171.0,1784666916801.0,,
6a5fdb2ea5303295dabd92b4,,,mouse_move,,,,,,,1006.0,169.0,1784666916809.0,,
6a5fdb2ea5303295dabd92b5,,,mouse_move,,,,,,,1008.0,168.0,1784666916818.0,,
6a5fdb2ea5303295dabd92b6,,,mouse_move,,,,,,,1012.0,166.0,1784666916827.0,,
6a5fdb2ea5303295dabd92b7,,,mouse_move,,,,,,,1014.0,164.0,1784666916835.0,,
6a5fdb2ea5303295dabd92b8,,,mouse_move,,,,,,,1015.0,164.0,1784666916859.0,,
6a5fdb2ea5303295dabd92b9,,,mouse_move,,,,,,,1016.0,163.0,1784666916869.0,,
6a5fdb2ea5303295dabd92ba,,,mouse_move,,,,,,,1018.0,162.0,1784666916877.0,,
6a5fdb2ea5303295dabd92bb,,,mouse_move,,,,,,,1019.0,162.0,1784666916884.0,,
6a5fdb2ea5303295dabd92bc,,,mouse_move,,,,,,,1020.0,162.0,1784666916893.0,,
6a5fdb2ea5303295dabd92bd,,,mouse_move,,,,,,,1024.0,160.0,1784666916902.0,,
6a5fdb2ea5303295dabd92be,,,mouse_move,,,,,,,1025.0,160.0,1784666916913.0,,
6a5fdb2ea5303295dabd92bf,,,mouse_move,,,,,,,1026.0,160.0,1784666916924.0,,
6a5fdb2ea5303295dabd92c0,,,mouse_move,,,,,,,1027.0,160.0,1784666916933.0,,
6a5fdb2ea5303295dabd92c1,,,mouse_move,,,,,,,1028.0,160.0,1784666916942.0,,
6a5fdb2ea5303295dabd92c2,,,mouse_move,,,,,,,1029.0,160.0,1784666916952.0,,
6a5fdb2ea5303295dabd92c3,,,mouse_move,,,,,,,1030.0,160.0,1784666916959.0,,
6a5fdb2ea5303295dabd92c4,,,mouse_move,,,,,,,1030.0,161.0,1784666916968.0,,
6a5fdb2ea5303295dabd92c5,,,mouse_move,,,,,,,1030.0,162.0,1784666916979.0,,
6a5fdb2ea5303295dabd92c6,,,mouse_move,,,,,,,1031.0,162.0,1784666916987.0,,
6a5fdb2ea5303295dabd92c7,,,mouse_move,,,,,,,1032.0,163.0,1784666916995.0,,
6a5fdb2ea5303295dabd92c8,,,mouse_move,,,,,,,1032.0,164.0,1784666917018.0,,
6a5fdb2ea5303295dabd92c9,,,mouse_move,,,,,,,1032.0,165.0,1784666917030.0,,
6a5fdb2ea5303295dabd92ca,,,mouse_move,,,,,,,1032.0,166.0,1784666917038.0,,
6a5fdb2ea5303295dabd92cb,,,mouse_move,,,,,,,1032.0,167.0,1784666917049.0,,
6a5fdb2ea5303295dabd92cc,,,mouse_move,,,,,,,1032.0,168.0,1784666917058.0,,
6a5fdb2ea5303295dabd92cd,,,mouse_move,,,,,,,1032.0,170.0,1784666917075.0,,
6a5fdb2ea5303295dabd92ce,,,mouse_move,,,,,,,1032.0,171.0,1784666917084.0,,
6a5fdb2ea5303295dabd92cf,,,mouse_move,,,,,,,1032.0,172.0,1784666917103.0,,
6a5fdb2ea5303295dabd92d0,,,mouse_move,,,,,,,1032.0,173.0,1784666917110.0,,
6a5fdb2ea5303295dabd92d1,,,mouse_move,,,,,,,1032.0,174.0,1784666917135.0,,
6a5fdb2ea5303295dabd92d2,,,mouse_move,,,,,,,1032.0,177.0,1784666917157.0,,
6a5fdb2ea5303295dabd92d3,,,mouse_move,,,,,,,1032.0,178.0,1784666917163.0,,
6a5fdb2ea5303295dabd92d4,,,mouse_move,,,,,,,1032.0,180.0,1784666917184.0,,
6a5fdb2ea5303295dabd92d5,,,mouse_move,,,,,,,1033.0,184.0,1784666917192.0,,
6a5fdb2ea5303295dabd92d6,,,mouse_move,,,,,,,1034.0,188.0,1784666917207.0,,
6a5fdb2ea5303295dabd92d7,,,mouse_move,,,,,,,1034.0,190.0,1784666917211.0,,
6a5fdb2ea5303295dabd92d8,,,mouse_move,,,,,,,1034.0,193.0,1784666917220.0,,
6a5fdb2ea5303295dabd92d9,,,mouse_move,,,,,,,1035.0,195.0,1784666917227.0,,
6a5fdb2ea5303295dabd92da,,,mouse_move,,,,,,,1035.0,197.0,1784666917235.0,,
6a5fdb2ea5303295dabd92db,,,mouse_move,,,,,,,1035.0,199.0,1784666917259.0,,
6a5fdb2ea5303295dabd92dc,,,mouse_move,,,,,,,1035.0,200.0,1784666917271.0,,
6a5fdb2ea5303295dabd92dd,,,mouse_move,,,,,,,1035.0,201.0,1784666917278.0,,
6a5fdb2ea5303295dabd92de,,,mouse_move,,,,,,,1035.0,202.0,1784666917543.0,,
6a5fdb2ea5303295dabd92df,,,mouse_move,,,,,,,1035.0,203.0,1784666917568.0,,
6a5fdb2ea5303295dabd92e0,,,mouse_move,,,,,,,1035.0,204.0,1784666917610.0,,
6a5fdb2ea5303295dabd92e1,,,mouse_move,,,,,,,1034.0,205.0,1784666917643.0,,
6a5fdb2ea5303295dabd92e2,,,mouse_move,,,,,,,1034.0,209.0,1784666917677.0,,
6a5fdb2ea5303295dabd92e3,,,mouse_move,,,,,,,1033.0,210.0,1784666917684.0,,
6a5fdb2ea5303295dabd92e4,,,mouse_move,,,,,,,1032.0,212.0,1784666917696.0,,
6a5fdb2ea5303295dabd92e5,,,mouse_move,,,,,,,1032.0,214.0,1784666917708.0,,
6a5fdb2ea5303295dabd92e6,,,mouse_move,,,,,,,1032.0,216.0,1784666917709.0,,
6a5fdb2ea5303295dabd92e7,,,mouse_move,,,,,,,1031.0,219.0,1784666917734.0,,
6a5fdb2ea5303295dabd92e8,,,mouse_move,,,,,,,1029.0,227.0,1784666917743.0,,
6a5fdb2ea5303295dabd92e9,,,mouse_move,,,,,,,1028.0,234.0,1784666917751.0,,
6a5fdb2ea5303295dabd92ea,,,mouse_move,,,,,,,1028.0,236.0,1784666917759.0,,
6a5fdb2ea5303295dabd92eb,,,mouse_move,,,,,,,1027.0,241.0,1784666917767.0,,
6a5fdb2ea5303295dabd92ec,,,mouse_move,,,,,,,1027.0,246.0,1784666917775.0,,
6a5fdb2ea5303295dabd92ed,,,mouse_move,,,,,,,1026.0,253.0,1784666917784.0,,
6a5fdb2ea5303295dabd92ee,,,mouse_move,,,,,,,1025.0,260.0,1784666917792.0,,
6a5fdb2ea5303295dabd92ef,,,mouse_move,,,,,,,1024.0,268.0,1784666917800.0,,
6a5fdb2ea5303295dabd92f0,,,mouse_move,,,,,,,1023.0,277.0,1784666917809.0,,
6a5fdb2ea5303295dabd92f1,,,mouse_move,,,,,,,1022.0,285.0,1784666917818.0,,
6a5fdb2ea5303295dabd92f2,,,mouse_move,,,,,,,1020.0,293.0,1784666917825.0,,
6a5fdb2ea5303295dabd92f3,,,mouse_move,,,,,,,1019.0,302.0,1784666917834.0,,
6a5fdb2ea5303295dabd92f4,,,mouse_move,,,,,,,1017.0,319.0,1784666917843.0,,
6a5fdb2ea5303295dabd92f5,,,mouse_move,,,,,,,1015.0,327.0,1784666917851.0,,
6a5fdb2ea5303295dabd92f6,,,mouse_move,,,,,,,1014.0,334.0,1784666917861.0,,
6a5fdb2ea5303295dabd92f7,,,mouse_move,,,,,,,1013.0,341.0,1784666917868.0,,
6a5fdb2ea5303295dabd92f8,,,mouse_move,,,,,,,1012.0,348.0,1784666917875.0,,
6a5fdb2ea5303295dabd92f9,,,mouse_move,,,,,,,1010.0,353.0,1784666917884.0,,
6a5fdb2ea5303295dabd92fa,,,mouse_move,,,,,,,1009.0,358.0,1784666917895.0,,
6a5fdb2ea5303295dabd92fb,,,mouse_move,,,,,,,1007.0,365.0,1784666917918.0,,
6a5fdb2ea5303295dabd92fc,,,mouse_move,,,,,,,1005.0,371.0,1784666917926.0,,
6a5fdb2ea5303295dabd92fd,,,mouse_move,,,,,,,1004.0,375.0,1784666917936.0,,
6a5fdb2ea5303295dabd92fe,,,mouse_move,,,,,,,1003.0,376.0,1784666917949.0,,
6a5fdb2ea5303295dabd92ff,,,mouse_move,,,,,,,1003.0,378.0,1784666917955.0,,
6a5fdb2ea5303295dabd9300,,,mouse_move,,,,,,,1003.0,379.0,1784666917962.0,,
6a5fdb2ea5303295dabd9301,,,mouse_move,,,,,,,1002.0,380.0,1784666917989.0,,
6a5fdb2ea5303295dabd9302,,,mouse_move,,,,,,,1001.0,380.0,1784666917999.0,,
6a5fdb2ea5303295dabd9303,,,mouse_move,,,,,,,1000.0,380.0,1784666918024.0,,
6a5fdb2ea5303295dabd9304,,,mouse_move,,,,,,,999.0,380.0,1784666918053.0,,
6a5fdb2ea5303295dabd9305,,,mouse_move,,,,,,,999.0,381.0,1784666918064.0,,
6a5fdb2ea5303295dabd9306,,,mouse_move,,,,,,,997.0,381.0,1784666918087.0,,
6a5fdb2ea5303295dabd9307,,,mouse_move,,,,,,,996.0,381.0,1784666918112.0,,
6a5fdb2ea5303295dabd9308,,,mouse_move,,,,,,,995.0,382.0,1784666918137.0,,
6a5fdb2ea5303295dabd9309,,,mouse_move,,,,,,,994.0,382.0,1784666918164.0,,
6a5fdb2ea5303295dabd930a,,,mouse_move,,,,,,,993.0,382.0,1784666918176.0,,
6a5fdb2ea5303295dabd930b,,,mouse_move,,,,,,,992.0,382.0,1784666918195.0,,
6a5fdb2ea5303295dabd930c,,,mouse_move,,,,,,,991.0,382.0,1784666918518.0,,
6a5fdb2ea5303295dabd930d,,,mouse_move,,,,,,,991.0,381.0,1784666921031.0,,
6a5fdb2ea5303295dabd930e,,,mouse_move,,,,,,,992.0,378.0,1784666921036.0,,
6a5fdb2ea5303295dabd930f,,,mouse_move,,,,,,,993.0,377.0,1784666921041.0,,
6a5fdb2ea5303295dabd9310,,,mouse_move,,,,,,,996.0,372.0,1784666921049.0,,
6a5fdb2ea5303295dabd9311,,,mouse_move,,,,,,,999.0,365.0,1784666921059.0,,
6a5fdb2ea5303295dabd9312,,,mouse_move,,,,,,,1003.0,360.0,1784666921065.0,,
6a5fdb2ea5303295dabd9313,,,mouse_move,,,,,,,1007.0,355.0,1784666921074.0,,
6a5fdb2ea5303295dabd9314,,,mouse_move,,,,,,,1011.0,349.0,1784666921082.0,,
6a5fdb2ea5303295dabd9315,,,mouse_move,,,,,,,1015.0,343.0,1784666921091.0,,
6a5fdb2ea5303295dabd9316,,,mouse_move,,,,,,,1020.0,335.0,1784666921098.0,,
6a5fdb2ea5303295dabd9317,,,mouse_move,,,,,,,1026.0,329.0,1784666921107.0,,
6a5fdb2ea5303295dabd9318,,,mouse_move,,,,,,,1032.0,317.0,1784666921115.0,,
6a5fdb2ea5303295dabd9319,,,mouse_move,,,,,,,1036.0,311.0,1784666921124.0,,
6a5fdb2ea5303295dabd931a,,,mouse_move,,,,,,,1041.0,303.0,1784666921133.0,,
6a5fdb2ea5303295dabd931b,,,mouse_move,,,,,,,1045.0,296.0,1784666921141.0,,
6a5fdb2ea5303295dabd931c,,,mouse_move,,,,,,,1051.0,286.0,1784666921149.0,,
6a5fdb2ea5303295dabd931d,,,mouse_move,,,,,,,1059.0,275.0,1784666921163.0,,
6a5fdb2ea5303295dabd931e,,,mouse_move,,,,,,,1070.0,263.0,1784666921168.0,,
6a5fdb2ea5303295dabd931f,,,mouse_move,,,,,,,1085.0,243.0,1784666921176.0,,
6a5fdb2ea5303295dabd9320,,,mouse_move,,,,,,,1105.0,225.0,1784666921185.0,,
6a5fdb2ea5303295dabd9321,,,mouse_move,,,,,,,1124.0,206.0,1784666921192.0,,
6a5fdb2ea5303295dabd9322,,,mouse_move,,,,,,,1147.0,185.0,1784666921201.0,,
6a5fdb2ea5303295dabd9323,,,mouse_move,,,,,,,1167.0,166.0,1784666921208.0,,
6a5fdb2ea5303295dabd9324,,,mouse_move,,,,,,,1190.0,144.0,1784666921215.0,,
6a5fdb2ea5303295dabd9325,,,mouse_move,,,,,,,1213.0,125.0,1784666921225.0,,
6a5fdb2ea5303295dabd9326,,,mouse_move,,,,,,,1234.0,104.0,1784666921235.0,,
6a5fdb2ea5303295dabd9327,,,mouse_move,,,,,,,1284.0,46.0,1784666921260.0,,
6a5fdb2ea5303295dabd9328,,,mouse_move,,,,,,,1294.0,19.0,1784666921271.0,,
6a5fdb2ea5303295dabd9329,,,mouse_move,,,,,,,1296.0,8.0,1784666921276.0,,
6a5fdb2ea5303295dabd932a,,,mouse_move,,,,,,,1296.0,1.0,1784666921283.0,,
6a5fdc14a5303295dabd9339,,,mouse_move,,,,,,,888.0,11.0,1784667148542.0,,
6a5fdc14a5303295dabd933a,,,mouse_move,,,,,,,886.0,24.0,1784667148548.0,,
6a5fdc14a5303295dabd933b,,,mouse_move,,,,,,,885.0,37.0,1784667148560.0,,
6a5fdc14a5303295dabd933c,,,mouse_move,,,,,,,883.0,52.0,1784667148564.0,,
6a5fdc14a5303295dabd933d,,,mouse_move,,,,,,,881.0,63.0,1784667148576.0,,
6a5fdc14a5303295dabd933e,,,mouse_move,,,,,,,879.0,73.0,1784667148579.0,,
6a5fdc14a5303295dabd933f,,,mouse_move,,,,,,,877.0,81.0,1784667148587.0,,
6a5fdc14a5303295dabd9340,,,mouse_move,,,,,,,870.0,95.0,1784667148604.0,,
6a5fdc14a5303295dabd9341,,,mouse_move,,,,,,,865.0,105.0,1784667148617.0,,
6a5fdc14a5303295dabd9342,,,mouse_move,,,,,,,861.0,111.0,1784667148620.0,,
6a5fdc14a5303295dabd9343,,,mouse_move,,,,,,,856.0,120.0,1784667148633.0,,
6a5fdc14a5303295dabd9344,,,mouse_move,,,,,,,849.0,130.0,1784667148637.0,,
6a5fdc14a5303295dabd9345,,,mouse_move,,,,,,,844.0,137.0,1784667148647.0,,
6a5fdc14a5303295dabd9346,,,mouse_move,,,,,,,832.0,152.0,1784667148658.0,,
6a5fdc14a5303295dabd9347,,,mouse_move,,,,,,,826.0,162.0,1784667148666.0,,
6a5fdc14a5303295dabd9348,,,mouse_move,,,,,,,823.0,168.0,1784667148677.0,,
6a5fdc14a5303295dabd9349,,,mouse_move,,,,,,,822.0,172.0,1784667148686.0,,
6a5fdc14a5303295dabd934a,,,mouse_move,,,,,,,822.0,178.0,1784667148702.0,,
6a5fdc14a5303295dabd934b,,,mouse_move,,,,,,,822.0,180.0,1784667148716.0,,
6a5fdc14a5303295dabd934c,,,mouse_move,,,,,,,822.0,183.0,1784667148735.0,,
6a5fdc14a5303295dabd934d,,,mouse_move,,,,,,,822.0,187.0,1784667148746.0,,
6a5fdc14a5303295dabd934e,,,mouse_move,,,,,,,822.0,194.0,1784667148753.0,,
6a5fdc14a5303295dabd934f,,,mouse_move,,,,,,,822.0,203.0,1784667148761.0,,
6a5fdc14a5303295dabd9350,,,mouse_move,,,,,,,822.0,222.0,1784667148770.0,,
6a5fdc14a5303295dabd9351,,,mouse_move,,,,,,,821.0,236.0,1784667148778.0,,
6a5fdc14a5303295dabd9352,,,mouse_move,,,,,,,820.0,244.0,1784667148786.0,,
6a5fdc14a5303295dabd9353,,,mouse_move,,,,,,,816.0,262.0,1784667148794.0,,
6a5fdc14a5303295dabd9354,,,mouse_move,,,,,,,814.0,274.0,1784667148803.0,,
6a5fdc14a5303295dabd9355,,,mouse_move,,,,,,,811.0,286.0,1784667148811.0,,
6a5fdc14a5303295dabd9356,,,mouse_move,,,,,,,809.0,299.0,1784667148820.0,,
6a5fdc14a5303295dabd9357,,,mouse_move,,,,,,,807.0,309.0,1784667148827.0,,
6a5fdc14a5303295dabd9358,,,mouse_move,,,,,,,805.0,316.0,1784667148836.0,,
6a5fdc14a5303295dabd9359,,,mouse_move,,,,,,,804.0,321.0,1784667148844.0,,
6a5fdc14a5303295dabd935a,,,mouse_move,,,,,,,802.0,328.0,1784667148853.0,,
6a5fdc14a5303295dabd935b,,,mouse_move,,,,,,,800.0,334.0,1784667148861.0,,
6a5fdc14a5303295dabd935c,,,mouse_move,,,,,,,797.0,340.0,1784667148871.0,,
6a5fdc14a5303295dabd935d,,,mouse_move,,,,,,,794.0,347.0,1784667148878.0,,
6a5fdc14a5303295dabd935e,,,mouse_move,,,,,,,792.0,352.0,1784667148886.0,,
6a5fdc14a5303295dabd935f,,,mouse_move,,,,,,,789.0,358.0,1784667148896.0,,
6a5fdc14a5303295dabd9360,,,mouse_move,,,,,,,789.0,363.0,1784667148904.0,,
6a5fdc14a5303295dabd9361,,,mouse_move,,,,,,,789.0,367.0,1784667148912.0,,
6a5fdc14a5303295dabd9362,,,mouse_move,,,,,,,789.0,372.0,1784667148920.0,,
6a5fdc14a5303295dabd9363,,,mouse_move,,,,,,,789.0,375.0,1784667148928.0,,
6a5fdc14a5303295dabd9364,,,mouse_move,,,,,,,789.0,378.0,1784667148937.0,,
6a5fdc14a5303295dabd9365,,,mouse_move,,,,,,,789.0,381.0,1784667148946.0,,
6a5fdc14a5303295dabd9366,,,mouse_move,,,,,,,789.0,384.0,1784667148953.0,,
6a5fdc14a5303295dabd9367,,,mouse_move,,,,,,,788.0,385.0,1784667148962.0,,
6a5fdc14a5303295dabd9368,,,mouse_move,,,,,,,785.0,390.0,1784667148970.0,,
6a5fdc14a5303295dabd9369,,,mouse_move,,,,,,,782.0,393.0,1784667148979.0,,
6a5fdc14a5303295dabd936a,,,mouse_move,,,,,,,775.0,398.0,1784667148987.0,,
6a5fdc14a5303295dabd936b,,,mouse_move,,,,,,,770.0,399.0,1784667148995.0,,
6a5fdc14a5303295dabd936c,,,mouse_move,,,,,,,763.0,400.0,1784667149004.0,,
6a5fdc14a5303295dabd936d,,,mouse_move,,,,,,,753.0,401.0,1784667149011.0,,
6a5fdc14a5303295dabd936e,,,mouse_move,,,,,,,741.0,401.0,1784667149019.0,,
6a5fdc14a5303295dabd936f,,,mouse_move,,,,,,,719.0,401.0,1784667149029.0,,
6a5fdc14a5303295dabd9370,,,mouse_move,,,,,,,692.0,401.0,1784667149038.0,,
6a5fdc14a5303295dabd9371,,,mouse_move,,,,,,,678.0,403.0,1784667149045.0,,
6a5fdc14a5303295dabd9372,,,mouse_move,,,,,,,670.0,403.0,1784667149053.0,,
6a5fdc14a5303295dabd9373,,,mouse_move,,,,,,,666.0,404.0,1784667149063.0,,
6a5fdc14a5303295dabd9374,,,mouse_move,,,,,,,663.0,405.0,1784667149070.0,,
6a5fdc14a5303295dabd9375,,,mouse_move,,,,,,,661.0,405.0,1784667149077.0,,
6a5fdc14a5303295dabd9376,,,mouse_move,,,,,,,660.0,405.0,1784667149086.0,,
6a5fdc14a5303295dabd9377,,,mouse_move,,,,,,,660.0,406.0,1784667149095.0,,
6a5fdc14a5303295dabd9378,,,mouse_move,,,,,,,659.0,406.0,1784667149103.0,,
6a5fdc14a5303295dabd9379,,,mouse_move,,,,,,,658.0,408.0,1784667149111.0,,
6a5fdc14a5303295dabd937a,,,mouse_move,,,,,,,657.0,408.0,1784667149120.0,,
6a5fdc14a5303295dabd937b,,,mouse_move,,,,,,,656.0,410.0,1784667149128.0,,
6a5fdc14a5303295dabd937c,,,mouse_move,,,,,,,653.0,413.0,1784667149137.0,,
6a5fdc14a5303295dabd937d,,,mouse_move,,,,,,,647.0,418.0,1784667149146.0,,
6a5fdc14a5303295dabd937e,,,mouse_move,,,,,,,642.0,422.0,1784667149153.0,,
6a5fdc14a5303295dabd937f,,,mouse_move,,,,,,,638.0,423.0,1784667149162.0,,
6a5fdc14a5303295dabd9380,,,mouse_move,,,,,,,636.0,425.0,1784667149170.0,,
6a5fdc14a5303295dabd9381,,,mouse_move,,,,,,,635.0,425.0,1784667149178.0,,
6a5fdc14a5303295dabd9382,,,mouse_move,,,,,,,634.0,426.0,1784667149187.0,,
6a5fdc14a5303295dabd9383,,,mouse_move,,,,,,,633.0,426.0,1784667149195.0,,
6a5fdc14a5303295dabd9384,,,mouse_move,,,,,,,633.0,427.0,1784667149243.0,,
6a5fdc14a5303295dabd9385,,,mouse_move,,,,,,,634.0,429.0,1784667149251.0,,
6a5fdc14a5303295dabd9386,,,mouse_move,,,,,,,635.0,429.0,1784667149258.0,,
6a5fdc14a5303295dabd9387,,,mouse_move,,,,,,,636.0,431.0,1784667149266.0,,
6a5fdc14a5303295dabd9388,,,mouse_move,,,,,,,638.0,431.0,1784667149274.0,,
6a5fdc14a5303295dabd9389,,,mouse_move,,,,,,,639.0,431.0,1784667149282.0,,
6a5fdc14a5303295dabd938a,,,mouse_move,,,,,,,641.0,431.0,1784667149290.0,,
6a5fdc14a5303295dabd938b,,,mouse_move,,,,,,,644.0,431.0,1784667149298.0,,
6a5fdc14a5303295dabd938c,,,mouse_move,,,,,,,647.0,431.0,1784667149306.0,,
6a5fdc14a5303295dabd938d,,,mouse_move,,,,,,,651.0,431.0,1784667149313.0,,
6a5fdc14a5303295dabd938e,,,mouse_move,,,,,,,654.0,431.0,1784667149323.0,,
6a5fdc14a5303295dabd938f,,,mouse_move,,,,,,,658.0,431.0,1784667149329.0,,
6a5fdc14a5303295dabd9390,,,mouse_move,,,,,,,660.0,431.0,1784667149338.0,,
6a5fdc14a5303295dabd9391,,,mouse_move,,,,,,,664.0,431.0,1784667149347.0,,
6a5fdc14a5303295dabd9392,,,mouse_move,,,,,,,667.0,431.0,1784667149354.0,,
6a5fdc14a5303295dabd9393,,,mouse_move,,,,,,,670.0,431.0,1784667149362.0,,
6a5fdc14a5303295dabd9394,,,mouse_move,,,,,,,672.0,431.0,1784667149370.0,,
6a5fdc14a5303295dabd9395,,,mouse_move,,,,,,,675.0,431.0,1784667149379.0,,
6a5fdc14a5303295dabd9396,,,mouse_move,,,,,,,677.0,431.0,1784667149386.0,,
6a5fdc14a5303295dabd9397,,,mouse_move,,,,,,,679.0,431.0,1784667149396.0,,
6a5fdc14a5303295dabd9398,,,mouse_move,,,,,,,680.0,431.0,1784667149404.0,,
6a5fdc14a5303295dabd9399,,,mouse_move,,,,,,,681.0,431.0,1784667149412.0,,
6a5fdc14a5303295dabd939a,,,mouse_move,,,,,,,682.0,431.0,1784667149436.0,,
6a5fdc14a5303295dabd939b,,,mouse_click,,,,,,,682.0,431.0,1784667149594.0,0.0,
6a5fdc14a5303295dabd939c,,,mouse_move,,,,,,,683.0,431.0,1784667150701.0,,
6a5fdc14a5303295dabd939d,,,mouse_move,,,,,,,684.0,432.0,1784667150709.0,,
6a5fdc14a5303295dabd939e,,,mouse_move,,,,,,,685.0,433.0,1784667150715.0,,
6a5fdc14a5303295dabd939f,,,mouse_move,,,,,,,685.0,434.0,1784667150724.0,,
6a5fdc14a5303295dabd93a0,,,mouse_move,,,,,,,686.0,434.0,1784667150932.0,,
6a5fdc14a5303295dabd93a1,,,mouse_move,,,,,,,692.0,436.0,1784667150949.0,,
6a5fdc14a5303295dabd93a2,,,mouse_move,,,,,,,702.0,440.0,1784667150957.0,,
6a5fdc14a5303295dabd93a3,,,mouse_move,,,,,,,720.0,445.0,1784667150966.0,,
6a5fdc14a5303295dabd93a4,,,mouse_move,,,,,,,739.0,451.0,1784667150973.0,,
6a5fdc14a5303295dabd93a5,,,mouse_move,,,,,,,774.0,461.0,1784667150982.0,,
6a5fdc14a5303295dabd93a6,,,mouse_move,,,,,,,804.0,468.0,1784667150991.0,,
6a5fdc14a5303295dabd93a7,,,mouse_move,,,,,,,835.0,471.0,1784667150999.0,,
6a5fdc14a5303295dabd93a8,,,mouse_move,,,,,,,877.0,477.0,1784667151008.0,,
6a5fdc14a5303295dabd93a9,,,mouse_move,,,,,,,908.0,480.0,1784667151015.0,,
6a5fdc14a5303295dabd93aa,,,mouse_move,,,,,,,944.0,483.0,1784667151024.0,,
6a5fdc14a5303295dabd93ab,,,mouse_move,,,,,,,989.0,486.0,1784667151035.0,,
6a5fdc14a5303295dabd93ac,,,mouse_move,,,,,,,1006.0,486.0,1784667151044.0,,
6a5fdc14a5303295dabd93ad,,,mouse_move,,,,,,,1045.0,486.0,1784667151062.0,,
6a5fdc14a5303295dabd93ae,,,mouse_move,,,,,,,1058.0,487.0,1784667151069.0,,
6a5fdc14a5303295dabd93af,,,mouse_move,,,,,,,1078.0,489.0,1784667151086.0,,
6a5fdc14a5303295dabd93b0,,,mouse_move,,,,,,,1087.0,490.0,1784667151103.0,,
6a5fdc14a5303295dabd93b1,,,mouse_move,,,,,,,1088.0,490.0,1784667151111.0,,
6a5fdc14a5303295dabd93b2,,,mouse_move,,,,,,,1089.0,490.0,1784667151119.0,,
6a5fdc14a5303295dabd93b3,,,mouse_move,,,,,,,1089.0,491.0,1784667151502.0,,
6a5fdc14a5303295dabd93b4,,,mouse_move,,,,,,,1090.0,491.0,1784667151519.0,,
6a5fdc14a5303295dabd93b5,,,mouse_move,,,,,,,1090.0,492.0,1784667151527.0,,
6a5fdc14a5303295dabd93b6,,,mouse_move,,,,,,,1092.0,492.0,1784667151536.0,,
6a5fdc14a5303295dabd93b7,,,mouse_move,,,,,,,1092.0,493.0,1784667151627.0,,
6a5fdc14a5303295dabd93b8,,,mouse_move,,,,,,,1093.0,493.0,1784667151661.0,,
6a5fdc14a5303295dabd93b9,,,mouse_move,,,,,,,1093.0,494.0,1784667151803.0,,
6a5fdc14a5303295dabd93ba,,,mouse_move,,,,,,,1093.0,495.0,1784667152069.0,,
6a5fdc14a5303295dabd93bb,,,mouse_move,,,,,,,1094.0,496.0,1784667152151.0,,
6a5fdc14a5303295dabd93bc,,,mouse_move,,,,,,,1095.0,497.0,1784667152235.0,,
6a5fdc14a5303295dabd93bd,,,mouse_move,,,,,,,1093.0,499.0,1784667152293.0,,
6a5fdc14a5303295dabd93be,,,mouse_move,,,,,,,1085.0,499.0,1784667152301.0,,
6a5fdc14a5303295dabd93bf,,,mouse_move,,,,,,,1078.0,499.0,1784667152310.0,,
6a5fdc14a5303295dabd93c0,,,mouse_move,,,,,,,1069.0,499.0,1784667152318.0,,
6a5fdc14a5303295dabd93c1,,,mouse_move,,,,,,,1058.0,495.0,1784667152326.0,,
6a5fdc14a5303295dabd93c2,,,mouse_move,,,,,,,1044.0,491.0,1784667152336.0,,
6a5fdc14a5303295dabd93c3,,,mouse_move,,,,,,,1026.0,481.0,1784667152343.0,,
6a5fdc14a5303295dabd93c4,,,mouse_move,,,,,,,1005.0,469.0,1784667152351.0,,
6a5fdc14a5303295dabd93c5,,,mouse_move,,,,,,,975.0,451.0,1784667152360.0,,
6a5fdc14a5303295dabd93c6,,,mouse_move,,,,,,,959.0,442.0,1784667152368.0,,
6a5fdc14a5303295dabd93c7,,,mouse_move,,,,,,,941.0,432.0,1784667152376.0,,
6a5fdc14a5303295dabd93c8,,,mouse_move,,,,,,,906.0,414.0,1784667152394.0,,
6a5fdc14a5303295dabd93c9,,,mouse_move,,,,,,,896.0,410.0,1784667152402.0,,
6a5fdc14a5303295dabd93ca,,,mouse_move,,,,,,,884.0,404.0,1784667152410.0,,
6a5fdc14a5303295dabd93cb,,,mouse_move,,,,,,,875.0,402.0,1784667152418.0,,
6a5fdc14a5303295dabd93cc,,,mouse_move,,,,,,,863.0,399.0,1784667152427.0,,
6a5fdc14a5303295dabd93cd,,,mouse_move,,,,,,,846.0,396.0,1784667152435.0,,
6a5fdc14a5303295dabd93ce,,,mouse_move,,,,,,,834.0,395.0,1784667152442.0,,
6a5fdc14a5303295dabd93cf,,,mouse_move,,,,,,,823.0,395.0,1784667152451.0,,
6a5fdc14a5303295dabd93d0,,,mouse_move,,,,,,,817.0,394.0,1784667152460.0,,
6a5fdc14a5303295dabd93d1,,,mouse_move,,,,,,,814.0,394.0,1784667152468.0,,
6a5fdc14a5303295dabd93d2,,,mouse_move,,,,,,,813.0,394.0,1784667152482.0,,
6a5fdc14a5303295dabd93d3,,,mouse_move,,,,,,,812.0,394.0,1784667152490.0,,
6a5fdc14a5303295dabd93d4,,,mouse_move,,,,,,,811.0,395.0,1784667152498.0,,
6a5fdc14a5303295dabd93d5,,,mouse_move,,,,,,,810.0,396.0,1784667152506.0,,
6a5fdc14a5303295dabd93d6,,,mouse_move,,,,,,,809.0,397.0,1784667152513.0,,
6a5fdc14a5303295dabd93d7,,,mouse_move,,,,,,,806.0,399.0,1784667152521.0,,
6a5fdc14a5303295dabd93d8,,,mouse_move,,,,,,,805.0,400.0,1784667152545.0,,
6a5fdc14a5303295dabd93d9,,,mouse_move,,,,,,,804.0,400.0,1784667152555.0,,
6a5fdc14a5303295dabd93da,,,mouse_move,,,,,,,804.0,401.0,1784667152562.0,,
6a5fdc14a5303295dabd93db,,,mouse_move,,,,,,,803.0,403.0,1784667152585.0,,
6a5fdc14a5303295dabd93dc,,,mouse_move,,,,,,,803.0,406.0,1784667152593.0,,
6a5fdc14a5303295dabd93dd,,,mouse_move,,,,,,,802.0,409.0,1784667152618.0,,
6a5fdc14a5303295dabd93de,,,mouse_move,,,,,,,802.0,410.0,1784667152627.0,,
6a5fdc14a5303295dabd93df,,,mouse_move,,,,,,,801.0,413.0,1784667152635.0,,
6a5fdc14a5303295dabd93e0,,,mouse_move,,,,,,,800.0,415.0,1784667152643.0,,
6a5fdc14a5303295dabd93e1,,,mouse_move,,,,,,,799.0,416.0,1784667152652.0,,
6a5fdc14a5303295dabd93e2,,,mouse_move,,,,,,,798.0,418.0,1784667152659.0,,
6a5fdc14a5303295dabd93e3,,,mouse_move,,,,,,,797.0,419.0,1784667152668.0,,
6a5fdc14a5303295dabd93e4,,,mouse_move,,,,,,,797.0,420.0,1784667152676.0,,
6a5fdc14a5303295dabd93e5,,,mouse_move,,,,,,,797.0,422.0,1784667152686.0,,
6a5fdc14a5303295dabd93e6,,,mouse_move,,,,,,,797.0,423.0,1784667152699.0,,
6a5fdc14a5303295dabd93e7,,,mouse_move,,,,,,,796.0,423.0,1784667152707.0,,
6a5fdc14a5303295dabd93e8,,,mouse_move,,,,,,,796.0,424.0,1784667152713.0,,
6a5fdc14a5303295dabd93e9,,,mouse_move,,,,,,,796.0,425.0,1784667152739.0,,
6a5fdc14a5303295dabd93ea,,,mouse_move,,,,,,,795.0,425.0,1784667152760.0,,
6a5fdc14a5303295dabd93eb,,,mouse_move,,,,,,,795.0,426.0,1784667152769.0,,
6a5fdc14a5303295dabd93ec,,,mouse_click,,,,,,,795.0,426.0,1784667152846.0,0.0,
6a5fdc14a5303295dabd93ed,,,mouse_move,,,,,,,795.0,426.0,1784667152854.0,,
6a5fdc14a5303295dabd93ee,,,mouse_move,,,,,,,795.0,427.0,1784667152965.0,,
6a5fdc14a5303295dabd93ef,,,mouse_move,,,,,,,795.0,430.0,1784667155898.0,,
6a5fdc14a5303295dabd93f0,,,mouse_move,,,,,,,797.0,457.0,1784667155916.0,,
6a5fdc14a5303295dabd93f1,,,mouse_move,,,,,,,797.0,479.0,1784667155930.0,,
6a5fdc14a5303295dabd93f2,,,mouse_move,,,,,,,797.0,506.0,1784667155935.0,,
6a5fdc14a5303295dabd93f3,,,mouse_move,,,,,,,799.0,537.0,1784667155950.0,,
6a5fdc14a5303295dabd93f4,,,mouse_move,,,,,,,801.0,608.0,1784667155955.0,,
6a5fdc14a5303295dabd93f5,,,mouse_move,,,,,,,802.0,671.0,1784667155965.0,,
6a5fdc14a5303295dabd93f6,,,mouse_move,,,,,,,802.0,703.0,1784667155973.0,,
6a5fdc14a5303295dabd93f7,,,mouse_move,,,,,,,802.0,728.0,1784667155981.0,,
6a5fdc14a5303295dabd93f8,,,mouse_move,,,,,,,802.0,750.0,1784667155990.0,,
6a5fdc14a5303295dabd93f9,,,mouse_move,,,,,,,801.0,767.0,1784667155999.0,,
6a5fdc3ca5303295dabd93fa,,,mouse_move,,,,,,,976.0,758.0,1784667192333.0,,
6a5fdc3ca5303295dabd93fb,,,mouse_move,,,,,,,988.0,728.0,1784667192344.0,,
6a5fdc3ca5303295dabd93fc,,,mouse_move,,,,,,,996.0,705.0,1784667192350.0,,
6a5fdc3ca5303295dabd93fd,,,mouse_move,,,,,,,1001.0,694.0,1784667192358.0,,
6a5fdc3ca5303295dabd93fe,,,mouse_move,,,,,,,1004.0,687.0,1784667192368.0,,
6a5fdc3ca5303295dabd93ff,,,mouse_move,,,,,,,1006.0,684.0,1784667192375.0,,
6a5fdc3ca5303295dabd9400,,,mouse_move,,,,,,,1006.0,683.0,1784667192383.0,,
6a5fdc3ca5303295dabd9401,,,mouse_move,,,,,,,1006.0,682.0,1784667192419.0,,
6a5fdc3ca5303295dabd9402,,,mouse_move,,,,,,,1006.0,681.0,1784667192441.0,,
6a5fdc3ca5303295dabd9403,,,mouse_move,,,,,,,1007.0,681.0,1784667192450.0,,
6a5fdc3ca5303295dabd9404,,,mouse_move,,,,,,,1008.0,679.0,1784667192459.0,,
6a5fdc3ca5303295dabd9405,,,mouse_move,,,,,,,1009.0,674.0,1784667192466.0,,
6a5fdc3ca5303295dabd9406,,,mouse_move,,,,,,,1012.0,662.0,1784667192474.0,,
6a5fdc3ca5303295dabd9407,,,mouse_move,,,,,,,1015.0,649.0,1784667192484.0,,
6a5fdc3ca5303295dabd9408,,,mouse_move,,,,,,,1017.0,636.0,1784667192491.0,,
6a5fdc3ca5303295dabd9409,,,mouse_move,,,,,,,1021.0,626.0,1784667192500.0,,
6a5fdc3ca5303295dabd940a,,,mouse_move,,,,,,,1029.0,601.0,1784667192508.0,,
6a5fdc3ca5303295dabd940b,,,mouse_move,,,,,,,1033.0,588.0,1784667192518.0,,
6a5fdc3ca5303295dabd940c,,,mouse_move,,,,,,,1036.0,580.0,1784667192525.0,,
6a5fdc3ca5303295dabd940d,,,mouse_move,,,,,,,1039.0,575.0,1784667192534.0,,
6a5fdc3ca5303295dabd940e,,,mouse_move,,,,,,,1039.0,572.0,1784667192543.0,,
6a5fdc3ca5303295dabd940f,,,mouse_move,,,,,,,1040.0,571.0,1784667192550.0,,
6a5fdc3ca5303295dabd9410,,,mouse_move,,,,,,,1028.0,591.0,1784667192758.0,,
6a5fdc3ca5303295dabd9411,,,mouse_move,,,,,,,1003.0,629.0,1784667192767.0,,
6a5fdc3ca5303295dabd9412,,,mouse_move,,,,,,,976.0,672.0,1784667192775.0,,
6a5fdc3ca5303295dabd9413,,,mouse_move,,,,,,,948.0,720.0,1784667192783.0,,
6a5fdc3ca5303295dabd9414,,,mouse_move,,,,,,,924.0,767.0,1784667192792.0,,
6a5fdc3ca5303295dabd9415,,,mouse_move,,,,,,,960.0,730.0,1784667193294.0,,
6a5fdc3ca5303295dabd9416,,,mouse_move,,,,,,,967.0,690.0,1784667193302.0,,
6a5fdc3ca5303295dabd9417,,,mouse_move,,,,,,,971.0,664.0,1784667193309.0,,
6a5fdc3ca5303295dabd9418,,,mouse_move,,,,,,,973.0,652.0,1784667193316.0,,
6a5fdc3ca5303295dabd9419,,,mouse_move,,,,,,,973.0,649.0,1784667193324.0,,
6a5fdc3ca5303295dabd941a,,,mouse_move,,,,,,,974.0,648.0,1784667193332.0,,
6a5fdc3ca5303295dabd941b,,,mouse_move,,,,,,,974.0,647.0,1784667193341.0,,
6a5fdc3ca5303295dabd941c,,,mouse_move,,,,,,,971.0,641.0,1784667193608.0,,
6a5fdc3ca5303295dabd941d,,,mouse_move,,,,,,,968.0,630.0,1784667193616.0,,
6a5fdc3ca5303295dabd941e,,,mouse_move,,,,,,,963.0,619.0,1784667193625.0,,
6a5fdc3ca5303295dabd941f,,,mouse_move,,,,,,,959.0,609.0,1784667193632.0,,
6a5fdc3ca5303295dabd9420,,,mouse_move,,,,,,,956.0,602.0,1784667193641.0,,
6a5fdc3ca5303295dabd9421,,,mouse_move,,,,,,,953.0,598.0,1784667193649.0,,
6a5fdc3ca5303295dabd9422,,,mouse_move,,,,,,,953.0,597.0,1784667193658.0,,
6a5fdc3ca5303295dabd9423,,,mouse_move,,,,,,,950.0,595.0,1784667193666.0,,
6a5fdc3ca5303295dabd9424,,,mouse_move,,,,,,,948.0,593.0,1784667193674.0,,
6a5fdc3ca5303295dabd9425,,,mouse_move,,,,,,,946.0,592.0,1784667193683.0,,
6a5fdc3ca5303295dabd9426,,,mouse_move,,,,,,,942.0,591.0,1784667193691.0,,
6a5fdc3ca5303295dabd9427,,,mouse_move,,,,,,,939.0,589.0,1784667193699.0,,
6a5fdc3ca5303295dabd9428,,,mouse_move,,,,,,,936.0,587.0,1784667193708.0,,
6a5fdc3ca5303295dabd9429,,,mouse_move,,,,,,,932.0,585.0,1784667193716.0,,
6a5fdc3ca5303295dabd942a,,,mouse_move,,,,,,,929.0,582.0,1784667193724.0,,
6a5fdc3ca5303295dabd942b,,,mouse_move,,,,,,,925.0,579.0,1784667193733.0,,
6a5fdc3ca5303295dabd942c,,,mouse_move,,,,,,,921.0,574.0,1784667193741.0,,
6a5fdc3ca5303295dabd942d,,,mouse_move,,,,,,,918.0,569.0,1784667193749.0,,
6a5fdc3ca5303295dabd942e,,,mouse_move,,,,,,,914.0,564.0,1784667193757.0,,
6a5fdc3ca5303295dabd942f,,,mouse_move,,,,,,,910.0,560.0,1784667193766.0,,
6a5fdc3ca5303295dabd9430,,,mouse_move,,,,,,,900.0,546.0,1784667193774.0,,
6a5fdc3ca5303295dabd9431,,,mouse_move,,,,,,,892.0,539.0,1784667193782.0,,
6a5fdc3ca5303295dabd9432,,,mouse_move,,,,,,,885.0,531.0,1784667193792.0,,
6a5fdc3ca5303295dabd9433,,,mouse_move,,,,,,,877.0,524.0,1784667193799.0,,
6a5fdc3ca5303295dabd9434,,,mouse_move,,,,,,,870.0,517.0,1784667193811.0,,
6a5fdc3ca5303295dabd9435,,,mouse_move,,,,,,,863.0,512.0,1784667193820.0,,
6a5fdc3ca5303295dabd9436,,,mouse_move,,,,,,,855.0,505.0,1784667193828.0,,
6a5fdc3ca5303295dabd9437,,,mouse_move,,,,,,,852.0,503.0,1784667193837.0,,
6a5fdc3ca5303295dabd9438,,,mouse_move,,,,,,,850.0,502.0,1784667193844.0,,
6a5fdc3ca5303295dabd9439,,,mouse_move,,,,,,,847.0,500.0,1784667193855.0,,
6a5fdc3ca5303295dabd943a,,,mouse_move,,,,,,,845.0,499.0,1784667193861.0,,
6a5fdc3ca5303295dabd943b,,,mouse_move,,,,,,,844.0,498.0,1784667193870.0,,
6a5fdc3ca5303295dabd943c,,,mouse_move,,,,,,,842.0,498.0,1784667193878.0,,
6a5fdc3ca5303295dabd943d,,,mouse_move,,,,,,,841.0,497.0,1784667193886.0,,
6a5fdc3ca5303295dabd943e,,,mouse_move,,,,,,,840.0,496.0,1784667193895.0,,
6a5fdc3ca5303295dabd943f,,,mouse_move,,,,,,,837.0,496.0,1784667193904.0,,
6a5fdc3ca5303295dabd9440,,,mouse_move,,,,,,,836.0,494.0,1784667193912.0,,
6a5fdc3ca5303295dabd9441,,,mouse_move,,,,,,,834.0,494.0,1784667193919.0,,
6a5fdc3ca5303295dabd9442,,,mouse_move,,,,,,,829.0,491.0,1784667193928.0,,
6a5fdc3ca5303295dabd9443,,,mouse_move,,,,,,,826.0,490.0,1784667193946.0,,
6a5fdc3ca5303295dabd9444,,,mouse_move,,,,,,,822.0,486.0,1784667193953.0,,
6a5fdc3ca5303295dabd9445,,,mouse_move,,,,,,,819.0,484.0,1784667193963.0,,
6a5fdc3ca5303295dabd9446,,,mouse_move,,,,,,,817.0,482.0,1784667193970.0,,
6a5fdc3ca5303295dabd9447,,,mouse_move,,,,,,,815.0,481.0,1784667193978.0,,
6a5fdc3ca5303295dabd9448,,,mouse_move,,,,,,,813.0,479.0,1784667193986.0,,
6a5fdc3ca5303295dabd9449,,,mouse_move,,,,,,,812.0,479.0,1784667193994.0,,
6a5fdc3ca5303295dabd944a,,,mouse_move,,,,,,,811.0,477.0,1784667194005.0,,
6a5fdc3ca5303295dabd944b,,,mouse_move,,,,,,,810.0,477.0,1784667194011.0,,
6a5fdc3ca5303295dabd944c,,,mouse_move,,,,,,,809.0,476.0,1784667194019.0,,
6a5fdc3ca5303295dabd944d,,,mouse_move,,,,,,,809.0,478.0,1784667194278.0,,
6a5fdc3ca5303295dabd944e,,,mouse_move,,,,,,,809.0,480.0,1784667194286.0,,
6a5fdc3ca5303295dabd944f,,,mouse_move,,,,,,,809.0,481.0,1784667194299.0,,
6a5fdc3ca5303295dabd9450,,,mouse_move,,,,,,,808.0,483.0,1784667194312.0,,
6a5fdc3ca5303295dabd9451,,,mouse_move,,,,,,,808.0,484.0,1784667194321.0,,
6a5fdc3ca5303295dabd9452,,,mouse_move,,,,,,,807.0,485.0,1784667194328.0,,
6a5fdc3ca5303295dabd9453,,,mouse_move,,,,,,,806.0,487.0,1784667194336.0,,
6a5fdc3ca5303295dabd9454,,,mouse_move,,,,,,,805.0,488.0,1784667194345.0,,
6a5fdc3ca5303295dabd9455,,,mouse_move,,,,,,,804.0,489.0,1784667194355.0,,
6a5fdc3ca5303295dabd9456,,,mouse_move,,,,,,,804.0,490.0,1784667194371.0,,
6a5fdc3ca5303295dabd9457,,,mouse_move,,,,,,,804.0,491.0,1784667194378.0,,
6a5fdc3ca5303295dabd9458,,,mouse_move,,,,,,,804.0,492.0,1784667194387.0,,
6a5fdc3ca5303295dabd9459,,,mouse_move,,,,,,,804.0,493.0,1784667194405.0,,
6a5fdc3ca5303295dabd945a,,,mouse_move,,,,,,,804.0,494.0,1784667194421.0,,
6a5fdc3ca5303295dabd945b,,,mouse_move,,,,,,,804.0,494.0,1784667194706.0,,
6a5fdc3ca5303295dabd945c,,,mouse_click,,,,,,,804.0,494.0,1784667194858.0,0.0,
6a5fdc3ca5303295dabd945d,,,mouse_move,,,,,,,801.0,515.0,1784667195178.0,,
6a5fdc3ca5303295dabd945e,,,mouse_move,,,,,,,790.0,553.0,1784667195186.0,,
6a5fdc3ca5303295dabd945f,,,mouse_move,,,,,,,777.0,597.0,1784667195194.0,,
6a5fdc3ca5303295dabd9460,,,mouse_move,,,,,,,763.0,645.0,1784667195202.0,,
6a5fdc3ca5303295dabd9461,,,mouse_move,,,,,,,750.0,691.0,1784667195211.0,,
6a5fdc3ca5303295dabd9462,,,mouse_move,,,,,,,736.0,743.0,1784667195219.0,,
6a5fdc3ca5303295dabd9463,,,mouse_move,,,,,,,794.0,730.0,1784667195514.0,,
6a5fdc3ca5303295dabd9464,,,mouse_move,,,,,,,846.0,531.0,1784667195519.0,,
6a5fdc3ca5303295dabd9465,,,mouse_move,,,,,,,873.0,452.0,1784667195529.0,,
6a5fdc3ca5303295dabd9466,,,mouse_move,,,,,,,894.0,387.0,1784667195537.0,,
6a5fdc3ca5303295dabd9467,,,mouse_move,,,,,,,909.0,346.0,1784667195545.0,,
6a5fdc3ca5303295dabd9468,,,mouse_move,,,,,,,916.0,326.0,1784667195553.0,,
6a5fdc3ca5303295dabd9469,,,mouse_move,,,,,,,919.0,319.0,1784667195562.0,,
6a5fdc3ca5303295dabd946a,,,mouse_move,,,,,,,920.0,317.0,1784667195569.0,,
6a5fdc3ca5303295dabd946b,,,mouse_move,,,,,,,920.0,316.0,1784667195578.0,,
6a5fdc3ca5303295dabd946c,,,mouse_move,,,,,,,921.0,316.0,1784667195609.0,,
6a5fdc3ca5303295dabd946d,,,mouse_move,,,,,,,913.0,316.0,1784667195889.0,,
6a5fdc3ca5303295dabd946e,,,mouse_move,,,,,,,902.0,316.0,1784667195896.0,,
6a5fdc3ca5303295dabd946f,,,mouse_move,,,,,,,890.0,316.0,1784667195905.0,,
6a5fdc3ca5303295dabd9470,,,mouse_move,,,,,,,879.0,315.0,1784667195912.0,,
6a5fdc3ca5303295dabd9471,,,mouse_move,,,,,,,867.0,314.0,1784667195921.0,,
6a5fdc3ca5303295dabd9472,,,mouse_move,,,,,,,858.0,313.0,1784667195928.0,,
6a5fdc3ca5303295dabd9473,,,mouse_move,,,,,,,851.0,313.0,1784667195936.0,,
6a5fdc3ca5303295dabd9474,,,mouse_move,,,,,,,847.0,313.0,1784667195944.0,,
6a5fdc46a5303295dabd9477,,,mouse_move,,,,,,,849.0,314.0,1784667196816.0,,
6a5fdc46a5303295dabd9478,,,mouse_move,,,,,,,857.0,314.0,1784667196821.0,,
6a5fdc46a5303295dabd9479,,,mouse_move,,,,,,,871.0,314.0,1784667196828.0,,
6a5fdc46a5303295dabd947a,,,mouse_move,,,,,,,939.0,301.0,1784667196837.0,,
6a5fdc46a5303295dabd947b,,,mouse_move,,,,,,,978.0,287.0,1784667196845.0,,
6a5fdc46a5303295dabd947c,,,mouse_move,,,,,,,1017.0,268.0,1784667196849.0,,
6a5fdc46a5303295dabd947d,,,mouse_move,,,,,,,1049.0,81.0,1784667197881.0,,
6a5fdc46a5303295dabd947e,,,mouse_move,,,,,,,995.0,91.0,1784667197889.0,,
6a5fdc46a5303295dabd947f,,,mouse_move,,,,,,,953.0,100.0,1784667197899.0,,
6a5fdc46a5303295dabd9480,,,mouse_move,,,,,,,907.0,109.0,1784667197907.0,,
6a5fdc46a5303295dabd9481,,,mouse_move,,,,,,,857.0,119.0,1784667197914.0,,
6a5fdc46a5303295dabd9482,,,mouse_move,,,,,,,800.0,133.0,1784667197923.0,,
6a5fdc46a5303295dabd9483,,,mouse_move,,,,,,,733.0,150.0,1784667197929.0,,
6a5fdc46a5303295dabd9484,,,mouse_move,,,,,,,663.0,165.0,1784667197938.0,,
6a5fdc46a5303295dabd9485,,,mouse_move,,,,,,,599.0,179.0,1784667197945.0,,
6a5fdc46a5303295dabd9486,,,mouse_move,,,,,,,550.0,193.0,1784667197954.0,,
6a5fdc46a5303295dabd9487,,,mouse_move,,,,,,,507.0,206.0,1784667197961.0,,
6a5fdc46a5303295dabd9488,,,mouse_move,,,,,,,476.0,218.0,1784667197971.0,,
6a5fdc46a5303295dabd9489,,,mouse_move,,,,,,,459.0,225.0,1784667197977.0,,
6a5fdc46a5303295dabd948a,,,mouse_move,,,,,,,447.0,230.0,1784667197985.0,,
6a5fdc46a5303295dabd948b,,,mouse_move,,,,,,,411.0,254.0,1784667198037.0,,
6a5fdc46a5303295dabd948c,,,mouse_move,,,,,,,405.0,258.0,1784667198045.0,,
6a5fdc46a5303295dabd948d,,,mouse_move,,,,,,,397.0,264.0,1784667198053.0,,
6a5fdc46a5303295dabd948e,,,mouse_move,,,,,,,389.0,270.0,1784667198062.0,,
6a5fdc46a5303295dabd948f,,,mouse_move,,,,,,,383.0,274.0,1784667198069.0,,
6a5fdc46a5303295dabd9490,,,mouse_move,,,,,,,376.0,279.0,1784667198078.0,,
6a5fdc46a5303295dabd9491,,,mouse_move,,,,,,,370.0,283.0,1784667198086.0,,
6a5fdc46a5303295dabd9492,,,mouse_move,,,,,,,367.0,284.0,1784667198096.0,,
6a5fdc46a5303295dabd9493,,,mouse_move,,,,,,,363.0,287.0,1784667198104.0,,
6a5fdc46a5303295dabd9494,,,mouse_move,,,,,,,357.0,289.0,1784667198112.0,,
6a5fdc46a5303295dabd9495,,,mouse_move,,,,,,,350.0,292.0,1784667198120.0,,
6a5fdc46a5303295dabd9496,,,mouse_move,,,,,,,345.0,294.0,1784667198127.0,,
6a5fdc46a5303295dabd9497,,,mouse_move,,,,,,,339.0,296.0,1784667198137.0,,
6a5fdc46a5303295dabd9498,,,mouse_move,,,,,,,335.0,297.0,1784667198145.0,,
6a5fdc46a5303295dabd9499,,,mouse_move,,,,,,,331.0,298.0,1784667198153.0,,
6a5fdc46a5303295dabd949a,,,mouse_move,,,,,,,323.0,302.0,1784667198165.0,,
6a5fdc46a5303295dabd949b,,,mouse_move,,,,,,,321.0,302.0,1784667198170.0,,
6a5fdc46a5303295dabd949c,,,mouse_move,,,,,,,318.0,303.0,1784667198179.0,,
6a5fdc46a5303295dabd949d,,,mouse_move,,,,,,,317.0,304.0,1784667198186.0,,
6a5fdc46a5303295dabd949e,,,mouse_move,,,,,,,316.0,304.0,1784667198194.0,,
6a5fdc46a5303295dabd949f,,,mouse_move,,,,,,,315.0,304.0,1784667198209.0,,
6a5fdc46a5303295dabd94a0,,,mouse_move,,,,,,,315.0,305.0,1784667198258.0,,
6a5fdc46a5303295dabd94a1,,,mouse_move,,,,,,,314.0,306.0,1784667198266.0,,
6a5fdc46a5303295dabd94a2,,,mouse_move,,,,,,,313.0,307.0,1784667198275.0,,
6a5fdc46a5303295dabd94a3,,,mouse_move,,,,,,,313.0,308.0,1784667198300.0,,
6a5fdc46a5303295dabd94a4,,,mouse_move,,,,,,,312.0,309.0,1784667198307.0,,
6a5fdc46a5303295dabd94a5,,,mouse_move,,,,,,,312.0,310.0,1784667198327.0,,
6a5fdc46a5303295dabd94a6,,,mouse_move,,,,,,,311.0,311.0,1784667198336.0,,
6a5fdc46a5303295dabd94a7,,,mouse_move,,,,,,,311.0,312.0,1784667198345.0,,
6a5fdc46a5303295dabd94a8,,,mouse_move,,,,,,,310.0,313.0,1784667198353.0,,
6a5fdc46a5303295dabd94a9,,,mouse_move,,,,,,,310.0,314.0,1784667198362.0,,
6a5fdc46a5303295dabd94aa,,,mouse_move,,,,,,,310.0,315.0,1784667198369.0,,
6a5fdc46a5303295dabd94ab,,,mouse_move,,,,,,,310.0,314.0,1784667198494.0,,
6a5fdc46a5303295dabd94ac,,,mouse_move,,,,,,,310.0,313.0,1784667198510.0,,
6a5fdc46a5303295dabd94ad,,,mouse_move,,,,,,,311.0,313.0,1784667198536.0,,
6a5fdc46a5303295dabd94ae,,,mouse_move,,,,,,,312.0,313.0,1784667198546.0,,
6a5fdc46a5303295dabd94af,,,mouse_move,,,,,,,1245.0,749.0,1784667204734.0,,
6a5fdc46a5303295dabd94b0,,,mouse_move,,,,,,,1246.0,748.0,1784667204758.0,,
6a5fdc46a5303295dabd94b1,,,mouse_move,,,,,,,1247.0,747.0,1784667204805.0,,
6a5fdc46a5303295dabd94b2,,,mouse_move,,,,,,,1259.0,738.0,1784667204824.0,,
6a5fdc46a5303295dabd94b3,,,mouse_move,,,,,,,1264.0,738.0,1784667204839.0,,
6a5fdc46a5303295dabd94b4,,,mouse_move,,,,,,,1253.0,738.0,1784667205038.0,,
6a5fdc46a5303295dabd94b5,,,mouse_move,,,,,,,1232.0,737.0,1784667205046.0,,
6a5fdc46a5303295dabd94b6,,,mouse_move,,,,,,,1226.0,736.0,1784667205055.0,,
6a5fdc46a5303295dabd94b7,,,mouse_move,,,,,,,1217.0,735.0,1784667205064.0,,
6a5fdc46a5303295dabd94b8,,,mouse_move,,,,,,,1211.0,735.0,1784667205071.0,,
6a5fdc46a5303295dabd94b9,,,mouse_move,,,,,,,1200.0,736.0,1784667205078.0,,
6a5fdc46a5303295dabd94ba,,,mouse_move,,,,,,,1190.0,738.0,1784667205088.0,,
6a5fdc46a5303295dabd94bb,,,mouse_move,,,,,,,1174.0,743.0,1784667205096.0,,
6a5fdc46a5303295dabd94bc,,,mouse_move,,,,,,,1158.0,746.0,1784667205104.0,,
6a5fdc46a5303295dabd94bd,,,mouse_move,,,,,,,1131.0,751.0,1784667205112.0,,
6a5fdc46a5303295dabd94be,,,mouse_move,,,,,,,1102.0,758.0,1784667205120.0,,
6a5fdc46a5303295dabd94bf,,,mouse_move,,,,,,,1074.0,767.0,1784667205130.0,,
6a5fdc5aa5303295dabd94c0,,,mouse_move,,,,,,,1585.0,747.0,1784667219357.0,,
6a5fdc5aa5303295dabd94c1,,,mouse_move,,,,,,,1574.0,719.0,1784667219362.0,,
6a5fdc5aa5303295dabd94c2,,,mouse_move,,,,,,,1567.0,699.0,1784667219372.0,,
6a5fdc5aa5303295dabd94c3,,,mouse_move,,,,,,,1555.0,668.0,1784667219379.0,,
6a5fdc5aa5303295dabd94c4,,,mouse_move,,,,,,,1545.0,641.0,1784667219388.0,,
6a5fdc5aa5303295dabd94c5,,,mouse_move,,,,,,,1535.0,610.0,1784667219395.0,,
6a5fdc5aa5303295dabd94c6,,,mouse_move,,,,,,,1524.0,567.0,1784667219404.0,,
6a5fdc5aa5303295dabd94c7,,,mouse_move,,,,,,,1517.0,538.0,1784667219410.0,,
6a5fdc5aa5303295dabd94c8,,,mouse_move,,,,,,,1514.0,512.0,1784667219418.0,,
6a5fdc5aa5303295dabd94c9,,,mouse_move,,,,,,,1511.0,487.0,1784667219426.0,,
6a5fdc5aa5303295dabd94ca,,,mouse_move,,,,,,,1510.0,472.0,1784667219435.0,,
6a5fdc5aa5303295dabd94cb,,,mouse_move,,,,,,,1507.0,460.0,1784667219443.0,,
6a5fdc5aa5303295dabd94cc,,,mouse_move,,,,,,,1503.0,450.0,1784667219452.0,,
6a5fdc5aa5303295dabd94cd,,,mouse_move,,,,,,,1501.0,447.0,1784667219459.0,,
6a5fdc5aa5303295dabd94ce,,,mouse_move,,,,,,,1498.0,446.0,1784667219467.0,,
6a5fdc5aa5303295dabd94cf,,,mouse_move,,,,,,,1496.0,445.0,1784667219476.0,,
6a5fdc5aa5303295dabd94d0,,,mouse_move,,,,,,,1490.0,451.0,1784667219484.0,,
6a5fdc5aa5303295dabd94d1,,,mouse_move,,,,,,,1481.0,460.0,1784667219492.0,,
6a5fdc5aa5303295dabd94d2,,,mouse_move,,,,,,,1467.0,472.0,1784667219501.0,,
6a5fdc5aa5303295dabd94d3,,,mouse_move,,,,,,,1448.0,485.0,1784667219509.0,,
6a5fdc5aa5303295dabd94d4,,,mouse_move,,,,,,,1427.0,498.0,1784667219517.0,,
6a5fdc5aa5303295dabd94d5,,,mouse_move,,,,,,,1406.0,506.0,1784667219526.0,,
6a5fdc5aa5303295dabd94d6,,,mouse_move,,,,,,,1387.0,513.0,1784667219533.0,,
6a5fdc5aa5303295dabd94d7,,,mouse_move,,,,,,,1371.0,516.0,1784667219542.0,,
6a5fdc5aa5303295dabd94d8,,,mouse_move,,,,,,,1349.0,523.0,1784667219550.0,,
6a5fdc5aa5303295dabd94d9,,,mouse_move,,,,,,,1328.0,527.0,1784667219559.0,,
6a5fdc5aa5303295dabd94da,,,mouse_move,,,,,,,1303.0,535.0,1784667219567.0,,
6a5fdc5aa5303295dabd94db,,,mouse_move,,,,,,,1274.0,542.0,1784667219575.0,,
6a5fdc5aa5303295dabd94dc,,,mouse_move,,,,,,,1221.0,547.0,1784667219584.0,,
6a5fdc5aa5303295dabd94dd,,,mouse_move,,,,,,,1183.0,549.0,1784667219592.0,,
6a5fdc5aa5303295dabd94de,,,mouse_move,,,,,,,1145.0,549.0,1784667219601.0,,
6a5fdc5aa5303295dabd94df,,,mouse_move,,,,,,,1102.0,549.0,1784667219609.0,,
6a5fdc5aa5303295dabd94e0,,,mouse_move,,,,,,,1050.0,549.0,1784667219617.0,,
6a5fdc5aa5303295dabd94e1,,,mouse_move,,,,,,,1004.0,549.0,1784667219625.0,,
6a5fdc5aa5303295dabd94e2,,,mouse_move,,,,,,,945.0,545.0,1784667219634.0,,
6a5fdc5aa5303295dabd94e3,,,mouse_move,,,,,,,924.0,533.0,1784667219642.0,,
6a5fdc5aa5303295dabd94e4,,,mouse_move,,,,,,,916.0,523.0,1784667219650.0,,
6a5fdc5aa5303295dabd94e5,,,mouse_move,,,,,,,912.0,512.0,1784667219658.0,,
6a5fdc5aa5303295dabd94e6,,,mouse_move,,,,,,,912.0,501.0,1784667219668.0,,
6a5fdc5aa5303295dabd94e7,,,mouse_move,,,,,,,912.0,491.0,1784667219675.0,,
6a5fdc5aa5303295dabd94e8,,,mouse_move,,,,,,,914.0,480.0,1784667219683.0,,
6a5fdc5aa5303295dabd94e9,,,mouse_move,,,,,,,919.0,468.0,1784667219692.0,,
6a5fdc5aa5303295dabd94ea,,,mouse_move,,,,,,,923.0,458.0,1784667219701.0,,
6a5fdc5aa5303295dabd94eb,,,mouse_move,,,,,,,927.0,451.0,1784667219709.0,,
6a5fdc5aa5303295dabd94ec,,,mouse_move,,,,,,,932.0,446.0,1784667219716.0,,
6a5fdc5aa5303295dabd94ed,,,mouse_move,,,,,,,937.0,441.0,1784667219725.0,,
6a5fdc5aa5303295dabd94ee,,,mouse_move,,,,,,,944.0,438.0,1784667219734.0,,
6a5fdc5aa5303295dabd94ef,,,mouse_move,,,,,,,956.0,433.0,1784667219741.0,,
6a5fdc5aa5303295dabd94f0,,,mouse_move,,,,,,,974.0,429.0,1784667219751.0,,
6a5fdc5aa5303295dabd94f1,,,mouse_move,,,,,,,980.0,429.0,1784667219759.0,,
6a5fdc5aa5303295dabd94f2,,,mouse_move,,,,,,,985.0,429.0,1784667219766.0,,
6a5fdc5aa5303295dabd94f3,,,mouse_move,,,,,,,985.0,430.0,1784667219962.0,,
6a5fdc5aa5303295dabd94f4,,,mouse_move,,,,,,,985.0,437.0,1784667219970.0,,
6a5fdc5aa5303295dabd94f5,,,mouse_move,,,,,,,985.0,444.0,1784667219978.0,,
6a5fdc5aa5303295dabd94f6,,,mouse_move,,,,,,,990.0,448.0,1784667219986.0,,
6a5fdc5aa5303295dabd94f7,,,mouse_move,,,,,,,996.0,449.0,1784667219995.0,,
6a5fdc5aa5303295dabd94f8,,,mouse_move,,,,,,,1004.0,449.0,1784667220003.0,,
6a5fdc5aa5303295dabd94f9,,,mouse_move,,,,,,,1016.0,445.0,1784667220011.0,,
6a5fdc5aa5303295dabd94fa,,,mouse_move,,,,,,,1031.0,435.0,1784667220018.0,,
6a5fdc5aa5303295dabd94fb,,,mouse_move,,,,,,,1047.0,420.0,1784667220026.0,,
6a5fdc5aa5303295dabd94fc,,,mouse_move,,,,,,,1056.0,410.0,1784667220034.0,,
6a5fdc5aa5303295dabd94fd,,,mouse_move,,,,,,,1062.0,401.0,1784667220042.0,,
6a5fdc5aa5303295dabd94fe,,,mouse_move,,,,,,,1075.0,380.0,1784667220050.0,,
6a5fdc5aa5303295dabd94ff,,,mouse_move,,,,,,,1082.0,365.0,1784667220058.0,,
6a5fdc5aa5303295dabd9500,,,mouse_move,,,,,,,1093.0,342.0,1784667220068.0,,
6a5fdc5aa5303295dabd9501,,,mouse_move,,,,,,,1103.0,316.0,1784667220075.0,,
6a5fdc5aa5303295dabd9502,,,mouse_move,,,,,,,1112.0,291.0,1784667220083.0,,
6a5fdc5aa5303295dabd9503,,,mouse_move,,,,,,,1120.0,261.0,1784667220092.0,,
6a5fdc5aa5303295dabd9504,,,mouse_move,,,,,,,1131.0,223.0,1784667220099.0,,
6a5fdc5aa5303295dabd9505,,,mouse_move,,,,,,,1138.0,191.0,1784667220108.0,,
6a5fdc5aa5303295dabd9506,,,mouse_move,,,,,,,1141.0,168.0,1784667220117.0,,
6a5fdc5aa5303295dabd9507,,,mouse_move,,,,,,,1142.0,151.0,1784667220126.0,,
6a5fdc5aa5303295dabd9508,,,mouse_move,,,,,,,1142.0,129.0,1784667220133.0,,
6a5fdc5aa5303295dabd9509,,,mouse_move,,,,,,,1142.0,110.0,1784667220141.0,,
6a5fdc5aa5303295dabd950a,,,mouse_move,,,,,,,1142.0,91.0,1784667220150.0,,
6a5fdc5aa5303295dabd950b,,,mouse_move,,,,,,,1142.0,58.0,1784667220159.0,,
6a5fdc5aa5303295dabd950c,,,mouse_move,,,,,,,1136.0,14.0,1784667220177.0,,
6a5fdc64a5303295dabd950f,,,mouse_move,,,,,,,893.0,52.0,1784667227645.0,,
6a5fdc64a5303295dabd9510,,,mouse_move,,,,,,,890.0,70.0,1784667227655.0,,
6a5fdc64a5303295dabd9511,,,mouse_move,,,,,,,886.0,121.0,1784667227670.0,,
6a5fdc64a5303295dabd9512,,,mouse_move,,,,,,,888.0,174.0,1784667227690.0,,
6a5fdc64a5303295dabd9513,,,mouse_move,,,,,,,896.0,199.0,1784667227708.0,,
6a5fdc64a5303295dabd9514,,,mouse_move,,,,,,,903.0,225.0,1784667227729.0,,
6a5fdc64a5303295dabd9515,,,mouse_move,,,,,,,904.0,274.0,1784667227751.0,,
6a5fdc64a5303295dabd9516,,,mouse_move,,,,,,,904.0,308.0,1784667227772.0,,
6a5fdc64a5303295dabd9517,,,mouse_move,,,,,,,902.0,317.0,1784667227792.0,,
6a5fdc64a5303295dabd9518,,,mouse_move,,,,,,,897.0,370.0,1784667227816.0,,
6a5fdc64a5303295dabd9519,,,mouse_move,,,,,,,897.0,380.0,1784667227838.0,,
6a5fdc64a5303295dabd951a,,,mouse_move,,,,,,,897.0,382.0,1784667227856.0,,
6a5fdc64a5303295dabd951b,,,mouse_move,,,,,,,897.0,383.0,1784667227899.0,,
6a5fdc64a5303295dabd951c,,,mouse_move,,,,,,,898.0,383.0,1784667227912.0,,
6a5fdc64a5303295dabd951d,,,mouse_move,,,,,,,900.0,387.0,1784667227932.0,,
6a5fdc64a5303295dabd951e,,,mouse_move,,,,,,,900.0,390.0,1784667227951.0,,
6a5fdc64a5303295dabd951f,,,mouse_move,,,,,,,901.0,391.0,1784667227968.0,,
6a5fdc64a5303295dabd9520,,,mouse_move,,,,,,,902.0,392.0,1784667227986.0,,
6a5fdc64a5303295dabd9521,,,mouse_move,,,,,,,904.0,393.0,1784667228002.0,,
6a5fdc64a5303295dabd9522,,,mouse_move,,,,,,,906.0,393.0,1784667228030.0,,
6a5fdc64a5303295dabd9523,,,mouse_move,,,,,,,907.0,393.0,1784667228045.0,,
6a5fdc64a5303295dabd9524,,,mouse_move,,,,,,,908.0,393.0,1784667228061.0,,
6a5fdc64a5303295dabd9525,,,mouse_move,,,,,,,908.0,392.0,1784667228133.0,,
6a5fdc64a5303295dabd9526,,,mouse_move,,,,,,,908.0,391.0,1784667228324.0,,
6a5fdc64a5303295dabd9527,,,mouse_move,,,,,,,908.0,390.0,1784667228366.0,,
6a5fdc64a5303295dabd9528,,,mouse_move,,,,,,,908.0,389.0,1784667228417.0,,
6a5fdc64a5303295dabd9529,,,mouse_move,,,,,,,909.0,389.0,1784667228533.0,,
6a5fdc64a5303295dabd952a,,,mouse_move,,,,,,,910.0,389.0,1784667229082.0,,
6a5fdc6ea5303295dabd952b,,,mouse_move,,,,,,,1338.0,762.0,1784667237069.0,,
6a5fdc6ea5303295dabd952c,,,mouse_move,,,,,,,1336.0,760.0,1784667237494.0,,
6a5fdc6ea5303295dabd952d,,,mouse_move,,,,,,,1329.0,746.0,1784667237522.0,,
6a5fdc6ea5303295dabd952e,,,mouse_move,,,,,,,1327.0,743.0,1784667237532.0,,
6a5fdc6ea5303295dabd952f,,,mouse_move,,,,,,,1325.0,739.0,1784667237539.0,,
6a5fdc6ea5303295dabd9530,,,mouse_move,,,,,,,1322.0,733.0,1784667237548.0,,
6a5fdc6ea5303295dabd9531,,,mouse_move,,,,,,,1320.0,729.0,1784667237555.0,,
6a5fdc6ea5303295dabd9532,,,mouse_move,,,,,,,1316.0,721.0,1784667237563.0,,
6a5fdc6ea5303295dabd9533,,,mouse_move,,,,,,,1309.0,713.0,1784667237572.0,,
6a5fdc6ea5303295dabd9534,,,mouse_move,,,,,,,1303.0,703.0,1784667237580.0,,
6a5fdc6ea5303295dabd9535,,,mouse_move,,,,,,,1296.0,694.0,1784667237588.0,,
6a5fdc6ea5303295dabd9536,,,mouse_move,,,,,,,1292.0,684.0,1784667237597.0,,
6a5fdc6ea5303295dabd9537,,,mouse_move,,,,,,,1287.0,676.0,1784667237606.0,,
6a5fdc6ea5303295dabd9538,,,mouse_move,,,,,,,1283.0,665.0,1784667237613.0,,
6a5fdc6ea5303295dabd9539,,,mouse_move,,,,,,,1279.0,655.0,1784667237621.0,,
6a5fdc6ea5303295dabd953a,,,mouse_move,,,,,,,1276.0,645.0,1784667237629.0,,
6a5fdc6ea5303295dabd953b,,,mouse_move,,,,,,,1271.0,636.0,1784667237638.0,,
6a5fdc6ea5303295dabd953c,,,mouse_move,,,,,,,1267.0,628.0,1784667237647.0,,
6a5fdc6ea5303295dabd953d,,,mouse_move,,,,,,,1264.0,623.0,1784667237655.0,,
6a5fdc6ea5303295dabd953e,,,mouse_move,,,,,,,1260.0,617.0,1784667237664.0,,
6a5fdc6ea5303295dabd953f,,,mouse_move,,,,,,,1259.0,614.0,1784667237672.0,,
6a5fdc6ea5303295dabd9540,,,mouse_move,,,,,,,1258.0,614.0,1784667237680.0,,
6a5fdc6ea5303295dabd9541,,,mouse_move,,,,,,,1258.0,613.0,1784667237688.0,,
6a5fdc6ea5303295dabd9542,,,mouse_move,,,,,,,1257.0,613.0,1784667237697.0,,
6a5fdc6ea5303295dabd9543,,,mouse_move,,,,,,,1258.0,615.0,1784667237901.0,,
6a5fdc6ea5303295dabd9544,,,mouse_move,,,,,,,1258.0,616.0,1784667237910.0,,
6a5fdc6ea5303295dabd9545,,,mouse_move,,,,,,,1258.0,617.0,1784667237913.0,,
6a5fdc6ea5303295dabd9546,,,mouse_move,,,,,,,1256.0,616.0,1784667237953.0,,
6a5fdc6ea5303295dabd9547,,,mouse_move,,,,,,,1255.0,608.0,1784667237961.0,,
6a5fdc6ea5303295dabd9548,,,mouse_move,,,,,,,1252.0,589.0,1784667237968.0,,
6a5fdc6ea5303295dabd9549,,,mouse_move,,,,,,,1250.0,564.0,1784667237977.0,,
6a5fdc6ea5303295dabd954a,,,mouse_move,,,,,,,1248.0,533.0,1784667237985.0,,
6a5fdc6ea5303295dabd954b,,,mouse_move,,,,,,,1248.0,498.0,1784667237993.0,,
6a5fdc6ea5303295dabd954c,,,mouse_move,,,,,,,1247.0,462.0,1784667238001.0,,
6a5fdc6ea5303295dabd954d,,,mouse_move,,,,,,,1247.0,414.0,1784667238010.0,,
6a5fdc6ea5303295dabd954e,,,mouse_move,,,,,,,1247.0,378.0,1784667238017.0,,
6a5fdc6ea5303295dabd954f,,,mouse_move,,,,,,,1247.0,335.0,1784667238027.0,,
6a5fdc6ea5303295dabd9550,,,mouse_move,,,,,,,1247.0,305.0,1784667238034.0,,
6a5fdc6ea5303295dabd9551,,,mouse_move,,,,,,,1247.0,275.0,1784667238042.0,,
6a5fdc6ea5303295dabd9552,,,mouse_move,,,,,,,1245.0,237.0,1784667238050.0,,
6a5fdc6ea5303295dabd9553,,,mouse_move,,,,,,,1242.0,213.0,1784667238058.0,,
6a5fdc6ea5303295dabd9554,,,mouse_move,,,,,,,1239.0,185.0,1784667238066.0,,
6a5fdc6ea5303295dabd9555,,,mouse_move,,,,,,,1237.0,174.0,1784667238074.0,,
6a5fdc6ea5303295dabd9556,,,mouse_move,,,,,,,1237.0,156.0,1784667238081.0,,
6a5fdc6ea5303295dabd9557,,,mouse_move,,,,,,,1237.0,144.0,1784667238091.0,,
6a5fdc6ea5303295dabd9558,,,mouse_move,,,,,,,1238.0,127.0,1784667238099.0,,
6a5fdc6ea5303295dabd9559,,,mouse_move,,,,,,,1243.0,116.0,1784667238107.0,,
6a5fdc6ea5303295dabd955a,,,mouse_move,,,,,,,1247.0,106.0,1784667238115.0,,
6a5fdc6ea5303295dabd955b,,,mouse_move,,,,,,,1251.0,97.0,1784667238123.0,,
6a5fdc6ea5303295dabd955c,,,mouse_move,,,,,,,1253.0,91.0,1784667238130.0,,
6a5fdc6ea5303295dabd955d,,,mouse_move,,,,,,,1257.0,84.0,1784667238138.0,,
6a5fdc6ea5303295dabd955e,,,mouse_move,,,,,,,1258.0,77.0,1784667238146.0,,
6a5fdc6ea5303295dabd955f,,,mouse_move,,,,,,,1260.0,71.0,1784667238155.0,,
6a5fdc6ea5303295dabd9560,,,mouse_move,,,,,,,1261.0,64.0,1784667238163.0,,
6a5fdc6ea5303295dabd9561,,,mouse_move,,,,,,,1262.0,57.0,1784667238172.0,,
6a5fdc6ea5303295dabd9562,,,mouse_move,,,,,,,1262.0,51.0,1784667238180.0,,
6a5fdc6ea5303295dabd9563,,,mouse_move,,,,,,,1262.0,45.0,1784667238188.0,,
6a5fdc6ea5303295dabd9564,,,mouse_move,,,,,,,1260.0,35.0,1784667238197.0,,
6a5fdc6ea5303295dabd9565,,,mouse_move,,,,,,,1260.0,30.0,1784667238205.0,,
6a5fdc6ea5303295dabd9566,,,mouse_move,,,,,,,1260.0,24.0,1784667238215.0,,
6a5fdc6ea5303295dabd9567,,,mouse_move,,,,,,,1260.0,20.0,1784667238221.0,,
6a5fdc6ea5303295dabd9568,,,mouse_move,,,,,,,1263.0,17.0,1784667238231.0,,
6a5fdc6ea5303295dabd9569,,,mouse_move,,,,,,,1263.0,14.0,1784667238238.0,,
6a5fdc6ea5303295dabd956a,,,mouse_move,,,,,,,1265.0,11.0,1784667238246.0,,
6a5fdc6ea5303295dabd956b,,,mouse_move,,,,,,,1267.0,9.0,1784667238258.0,,
6a5fdc6ea5303295dabd956c,,,mouse_move,,,,,,,1268.0,8.0,1784667238281.0,,
6a5fdc6ea5303295dabd956d,,,mouse_move,,,,,,,1269.0,7.0,1784667238291.0,,
6a5fdc6ea5303295dabd956e,,,mouse_move,,,,,,,1269.0,6.0,1784667238301.0,,
6a5fdc6ea5303295dabd956f,,,mouse_move,,,,,,,1270.0,1.0,1784667238308.0,,
6a5fdf5ca5303295dabd9577,,,mouse_move,,,,,,,754.0,16.0,1784667991623.0,,
6a5fdf5ca5303295dabd9578,,,mouse_move,,,,,,,740.0,30.0,1784667991634.0,,
6a5fdf5ca5303295dabd9579,,,mouse_move,,,,,,,723.0,48.0,1784667991650.0,,
6a5fdf5ca5303295dabd957a,,,mouse_move,,,,,,,713.0,66.0,1784667991665.0,,
6a5fdf5ca5303295dabd957b,,,mouse_move,,,,,,,710.0,84.0,1784667991680.0,,
6a5fdf5ca5303295dabd957c,,,mouse_move,,,,,,,710.0,93.0,1784667991694.0,,
6a5fdf5ca5303295dabd957d,,,mouse_move,,,,,,,712.0,115.0,1784667991708.0,,
6a5fdf5ca5303295dabd957e,,,mouse_move,,,,,,,719.0,135.0,1784667991720.0,,
6a5fdf5ca5303295dabd957f,,,mouse_move,,,,,,,734.0,158.0,1784667991736.0,,
6a5fdf5ca5303295dabd9580,,,mouse_move,,,,,,,750.0,180.0,1784667991756.0,,
6a5fdf5ca5303295dabd9581,,,mouse_move,,,,,,,774.0,213.0,1784667991773.0,,
6a5fdf5ca5303295dabd9582,,,mouse_move,,,,,,,794.0,235.0,1784667991789.0,,
6a5fdf5ca5303295dabd9583,,,mouse_move,,,,,,,810.0,253.0,1784667991802.0,,
6a5fdf5ca5303295dabd9584,,,mouse_move,,,,,,,824.0,269.0,1784667991818.0,,
6a5fdf5ca5303295dabd9585,,,mouse_move,,,,,,,830.0,278.0,1784667991831.0,,
6a5fdf5ca5303295dabd9586,,,mouse_move,,,,,,,831.0,282.0,1784667991840.0,,
6a5fdf5ca5303295dabd9587,,,mouse_move,,,,,,,831.0,286.0,1784667991846.0,,
6a5fdf5ca5303295dabd9588,,,mouse_move,,,,,,,829.0,290.0,1784667991854.0,,
6a5fdf5ca5303295dabd9589,,,mouse_move,,,,,,,828.0,291.0,1784667991862.0,,
6a5fdf5ca5303295dabd958a,,,mouse_move,,,,,,,825.0,296.0,1784667991870.0,,
6a5fdf5ca5303295dabd958b,,,mouse_move,,,,,,,822.0,299.0,1784667991878.0,,
6a5fdf5ca5303295dabd958c,,,mouse_move,,,,,,,820.0,303.0,1784667991886.0,,
6a5fdf5ca5303295dabd958d,,,mouse_move,,,,,,,817.0,305.0,1784667991894.0,,
6a5fdf5ca5303295dabd958e,,,mouse_move,,,,,,,814.0,310.0,1784667991902.0,,
6a5fdf5ca5303295dabd958f,,,mouse_move,,,,,,,811.0,313.0,1784667991910.0,,
6a5fdf5ca5303295dabd9590,,,mouse_move,,,,,,,807.0,317.0,1784667991919.0,,
6a5fdf5ca5303295dabd9591,,,mouse_move,,,,,,,806.0,319.0,1784667991927.0,,
6a5fdf5ca5303295dabd9592,,,mouse_move,,,,,,,802.0,322.0,1784667991935.0,,
6a5fdf5ca5303295dabd9593,,,mouse_move,,,,,,,801.0,325.0,1784667991943.0,,
6a5fdf5ca5303295dabd9594,,,mouse_move,,,,,,,799.0,327.0,1784667991951.0,,
6a5fdf5ca5303295dabd9595,,,mouse_move,,,,,,,799.0,328.0,1784667991959.0,,
6a5fdf5ca5303295dabd9596,,,mouse_move,,,,,,,798.0,330.0,1784667991968.0,,
6a5fdf5ca5303295dabd9597,,,mouse_move,,,,,,,797.0,331.0,1784667991976.0,,
6a5fdf5ca5303295dabd9598,,,mouse_move,,,,,,,796.0,333.0,1784667991984.0,,
6a5fdf5ca5303295dabd9599,,,mouse_move,,,,,,,796.0,334.0,1784667991993.0,,
6a5fdf5ca5303295dabd959a,,,mouse_move,,,,,,,795.0,336.0,1784667992002.0,,
6a5fdf5ca5303295dabd959b,,,mouse_move,,,,,,,794.0,337.0,1784667992009.0,,
6a5fdf5ca5303295dabd959c,,,mouse_move,,,,,,,792.0,340.0,1784667992019.0,,
6a5fdf5ca5303295dabd959d,,,mouse_move,,,,,,,792.0,343.0,1784667992027.0,,
6a5fdf5ca5303295dabd959e,,,mouse_move,,,,,,,790.0,346.0,1784667992035.0,,
6a5fdf5ca5303295dabd959f,,,mouse_move,,,,,,,788.0,349.0,1784667992043.0,,
6a5fdf5ca5303295dabd95a0,,,mouse_move,,,,,,,787.0,353.0,1784667992051.0,,
6a5fdf5ca5303295dabd95a1,,,mouse_move,,,,,,,787.0,358.0,1784667992060.0,,
6a5fdf5ca5303295dabd95a2,,,mouse_move,,,,,,,785.0,363.0,1784667992069.0,,
6a5fdf5ca5303295dabd95a3,,,mouse_move,,,,,,,783.0,368.0,1784667992078.0,,
6a5fdf5ca5303295dabd95a4,,,mouse_move,,,,,,,782.0,374.0,1784667992086.0,,
6a5fdf5ca5303295dabd95a5,,,mouse_move,,,,,,,781.0,377.0,1784667992093.0,,
6a5fdf5ca5303295dabd95a6,,,mouse_move,,,,,,,780.0,380.0,1784667992102.0,,
6a5fdf5ca5303295dabd95a7,,,mouse_move,,,,,,,779.0,384.0,1784667992110.0,,
6a5fdf5ca5303295dabd95a8,,,mouse_move,,,,,,,777.0,388.0,1784667992118.0,,
6a5fdf5ca5303295dabd95a9,,,mouse_move,,,,,,,776.0,390.0,1784667992127.0,,
6a5fdf5ca5303295dabd95aa,,,mouse_move,,,,,,,773.0,396.0,1784667992136.0,,
6a5fdf5ca5303295dabd95ab,,,mouse_move,,,,,,,772.0,398.0,1784667992145.0,,
6a5fdf5ca5303295dabd95ac,,,mouse_move,,,,,,,772.0,400.0,1784667992153.0,,
6a5fdf5ca5303295dabd95ad,,,mouse_move,,,,,,,771.0,402.0,1784667992160.0,,
6a5fdf5ca5303295dabd95ae,,,mouse_move,,,,,,,771.0,403.0,1784667992177.0,,
6a5fdf5ca5303295dabd95af,,,mouse_move,,,,,,,770.0,403.0,1784667992186.0,,
6a5fdf5ca5303295dabd95b0,,,mouse_move,,,,,,,770.0,404.0,1784667992210.0,,
6a5fdf5ca5303295dabd95b1,,,mouse_move,,,,,,,770.0,405.0,1784667992225.0,,
6a5fdf5ca5303295dabd95b2,,,mouse_move,,,,,,,769.0,406.0,1784667992233.0,,
6a5fdf5ca5303295dabd95b3,,,mouse_move,,,,,,,768.0,409.0,1784667992251.0,,
6a5fdf5ca5303295dabd95b4,,,mouse_move,,,,,,,766.0,413.0,1784667992260.0,,
6a5fdf5ca5303295dabd95b5,,,mouse_move,,,,,,,765.0,414.0,1784667992270.0,,
6a5fdf5ca5303295dabd95b6,,,mouse_move,,,,,,,764.0,415.0,1784667992276.0,,
6a5fdf5ca5303295dabd95b7,,,mouse_move,,,,,,,764.0,417.0,1784667992285.0,,
6a5fdf5ca5303295dabd95b8,,,mouse_move,,,,,,,763.0,417.0,1784667992293.0,,
6a5fdf5ca5303295dabd95b9,,,mouse_move,,,,,,,763.0,418.0,1784667992463.0,,
6a5fdf5ca5303295dabd95ba,,,mouse_click,,,,,,,763.0,418.0,1784667992464.0,0.0,
6a5fdf5ca5303295dabd95bb,,,mouse_move,,,,,,,763.0,418.0,1784667992469.0,,
6a5fdf5ca5303295dabd95bc,,,mouse_move,,,,,,,763.0,419.0,1784667992481.0,,
6a5fdf5ca5303295dabd95bd,,,mouse_move,,,,,,,763.0,420.0,1784667992521.0,,
6a5fdf5ca5303295dabd95be,,,mouse_move,,,,,,,762.0,421.0,1784667992559.0,,
6a5fdf5ca5303295dabd95bf,,,mouse_move,,,,,,,762.0,420.0,1784667993986.0,,
6a5fdf5ca5303295dabd95c0,,,mouse_move,,,,,,,764.0,419.0,1784667994012.0,,
6a5fdf5ca5303295dabd95c1,,,mouse_move,,,,,,,765.0,418.0,1784667994019.0,,
6a5fdf5ca5303295dabd95c2,,,mouse_move,,,,,,,766.0,417.0,1784667994027.0,,
6a5fdf5ca5303295dabd95c3,,,mouse_move,,,,,,,767.0,417.0,1784667994036.0,,
6a5fdf5ca5303295dabd95c4,,,mouse_move,,,,,,,768.0,417.0,1784667994047.0,,
6a5fdf5ca5303295dabd95c5,,,mouse_move,,,,,,,769.0,417.0,1784667994136.0,,
6a5fdf5ca5303295dabd95c6,,,mouse_move,,,,,,,770.0,418.0,1784667994160.0,,
6a5fdf5ca5303295dabd95c7,,,mouse_move,,,,,,,771.0,420.0,1784667994169.0,,
6a5fdf5ca5303295dabd95c8,,,mouse_move,,,,,,,771.0,422.0,1784667994179.0,,
6a5fdf5ca5303295dabd95c9,,,mouse_move,,,,,,,771.0,426.0,1784667994186.0,,
6a5fdf5ca5303295dabd95ca,,,mouse_move,,,,,,,772.0,429.0,1784667994193.0,,
6a5fdf5ca5303295dabd95cb,,,mouse_move,,,,,,,772.0,433.0,1784667994203.0,,
6a5fdf5ca5303295dabd95cc,,,mouse_move,,,,,,,772.0,436.0,1784667994211.0,,
6a5fdf5ca5303295dabd95cd,,,mouse_move,,,,,,,772.0,438.0,1784667994220.0,,
6a5fdf5ca5303295dabd95ce,,,mouse_move,,,,,,,772.0,443.0,1784667994229.0,,
6a5fdf5ca5303295dabd95cf,,,mouse_move,,,,,,,772.0,449.0,1784667994237.0,,
6a5fdf5ca5303295dabd95d0,,,mouse_move,,,,,,,773.0,455.0,1784667994244.0,,
6a5fdf5ca5303295dabd95d1,,,mouse_move,,,,,,,774.0,463.0,1784667994253.0,,
6a5fdf5ca5303295dabd95d2,,,mouse_move,,,,,,,774.0,467.0,1784667994262.0,,
6a5fdf5ca5303295dabd95d3,,,mouse_move,,,,,,,774.0,478.0,1784667994270.0,,
6a5fdf5ca5303295dabd95d4,,,mouse_move,,,,,,,774.0,481.0,1784667994279.0,,
6a5fdf5ca5303295dabd95d5,,,mouse_move,,,,,,,774.0,486.0,1784667994295.0,,
6a5fdf5ca5303295dabd95d6,,,mouse_move,,,,,,,773.0,488.0,1784667994310.0,,
6a5fdf5ca5303295dabd95d7,,,mouse_move,,,,,,,773.0,489.0,1784667994318.0,,
6a5fdf5ca5303295dabd95d8,,,mouse_move,,,,,,,772.0,489.0,1784667994327.0,,
6a5fdf5ca5303295dabd95d9,,,mouse_click,,,,,,,772.0,489.0,1784667994564.0,0.0,
6a5fdf5ca5303295dabd95da,,,mouse_move,,,,,,,771.0,489.0,1784667994591.0,,
6a5fdf5ca5303295dabd95db,,,mouse_move,,,,,,,770.0,490.0,1784667995035.0,,
6a5fdf5ca5303295dabd95dc,,,mouse_move,,,,,,,767.0,489.0,1784667995043.0,,
6a5fdf5ca5303295dabd95dd,,,mouse_move,,,,,,,758.0,485.0,1784667995055.0,,
6a5fdf5ca5303295dabd95de,,,mouse_move,,,,,,,753.0,481.0,1784667995063.0,,
6a5fdf5ca5303295dabd95df,,,mouse_move,,,,,,,746.0,477.0,1784667995071.0,,
6a5fdf5ca5303295dabd95e0,,,mouse_move,,,,,,,739.0,473.0,1784667995080.0,,
6a5fdf5ca5303295dabd95e1,,,mouse_move,,,,,,,729.0,466.0,1784667995087.0,,
6a5fdf5ca5303295dabd95e2,,,mouse_move,,,,,,,719.0,462.0,1784667995095.0,,
6a5fdf5ca5303295dabd95e3,,,mouse_move,,,,,,,711.0,457.0,1784667995104.0,,
6a5fdf5ca5303295dabd95e4,,,mouse_move,,,,,,,702.0,451.0,1784667995111.0,,
6a5fdf5ca5303295dabd95e5,,,mouse_move,,,,,,,692.0,446.0,1784667995120.0,,
6a5fdf5ca5303295dabd95e6,,,mouse_move,,,,,,,686.0,442.0,1784667995127.0,,
6a5fdf5ca5303295dabd95e7,,,mouse_move,,,,,,,678.0,438.0,1784667995135.0,,
6a5fdf5ca5303295dabd95e8,,,mouse_move,,,,,,,672.0,436.0,1784667995143.0,,
6a5fdf5ca5303295dabd95e9,,,mouse_move,,,,,,,667.0,433.0,1784667995151.0,,
6a5fdf5ca5303295dabd95ea,,,mouse_move,,,,,,,663.0,432.0,1784667995161.0,,
6a5fdf5ca5303295dabd95eb,,,mouse_move,,,,,,,658.0,430.0,1784667995168.0,,
6a5fdf5ca5303295dabd95ec,,,mouse_move,,,,,,,657.0,430.0,1784667995176.0,,
6a5fdf5ca5303295dabd95ed,,,mouse_move,,,,,,,656.0,430.0,1784667995184.0,,
6a5fdf5ca5303295dabd95ee,,,mouse_move,,,,,,,655.0,430.0,1784667995193.0,,
6a5fdf5ca5303295dabd95ef,,,mouse_move,,,,,,,654.0,431.0,1784667995201.0,,
6a5fdf5ca5303295dabd95f0,,,mouse_move,,,,,,,653.0,433.0,1784667995209.0,,
6a5fdf5ca5303295dabd95f1,,,mouse_move,,,,,,,653.0,435.0,1784667995218.0,,
6a5fdf5ca5303295dabd95f2,,,mouse_move,,,,,,,652.0,437.0,1784667995227.0,,
6a5fdf5ca5303295dabd95f3,,,mouse_move,,,,,,,652.0,439.0,1784667995234.0,,
6a5fdf5ca5303295dabd95f4,,,mouse_move,,,,,,,652.0,441.0,1784667995242.0,,
6a5fdf5ca5303295dabd95f5,,,mouse_move,,,,,,,655.0,445.0,1784667995251.0,,
6a5fdf5ca5303295dabd95f6,,,mouse_move,,,,,,,656.0,446.0,1784667995260.0,,
6a5fdf5ca5303295dabd95f7,,,mouse_move,,,,,,,660.0,448.0,1784667995267.0,,
6a5fdf5ca5303295dabd95f8,,,mouse_move,,,,,,,661.0,449.0,1784667995276.0,,
6a5fdf5ca5303295dabd95f9,,,mouse_move,,,,,,,661.0,451.0,1784667995286.0,,
6a5fdf5ca5303295dabd95fa,,,mouse_move,,,,,,,658.0,451.0,1784667995296.0,,
6a5fdf5ca5303295dabd95fb,,,mouse_move,,,,,,,655.0,452.0,1784667995303.0,,
6a5fdf5ca5303295dabd95fc,,,mouse_move,,,,,,,653.0,451.0,1784667995313.0,,
6a5fdf5ca5303295dabd95fd,,,mouse_move,,,,,,,652.0,449.0,1784667995319.0,,
6a5fdf5ca5303295dabd95fe,,,mouse_move,,,,,,,649.0,446.0,1784667995328.0,,
6a5fdf5ca5303295dabd95ff,,,mouse_move,,,,,,,649.0,444.0,1784667995335.0,,
6a5fdf5ca5303295dabd9600,,,mouse_move,,,,,,,647.0,442.0,1784667995343.0,,
6a5fdf5ca5303295dabd9601,,,mouse_move,,,,,,,646.0,440.0,1784667995352.0,,
6a5fdf5ca5303295dabd9602,,,mouse_move,,,,,,,645.0,439.0,1784667995360.0,,
6a5fdf5ca5303295dabd9603,,,mouse_move,,,,,,,645.0,438.0,1784667995368.0,,
6a5fdf5ca5303295dabd9604,,,mouse_move,,,,,,,644.0,438.0,1784667995376.0,,
6a5fdf5ca5303295dabd9605,,,mouse_move,,,,,,,644.0,439.0,1784667995439.0,,
6a5fdf5ca5303295dabd9606,,,mouse_move,,,,,,,644.0,440.0,1784667995456.0,,
6a5fdf5ca5303295dabd9607,,,mouse_move,,,,,,,644.0,441.0,1784667995608.0,,
6a5fdf5ca5303295dabd9608,,,mouse_move,,,,,,,645.0,441.0,1784667995617.0,,
6a5fdf5ca5303295dabd9609,,,mouse_move,,,,,,,645.0,442.0,1784667995624.0,,
6a5fdf5ca5303295dabd960a,,,mouse_move,,,,,,,647.0,443.0,1784667995634.0,,
6a5fdf5ca5303295dabd960b,,,mouse_move,,,,,,,648.0,443.0,1784667995646.0,,
6a5fdf5ca5303295dabd960c,,,mouse_move,,,,,,,649.0,443.0,1784667995654.0,,
6a5fdf5ca5303295dabd960d,,,mouse_move,,,,,,,654.0,444.0,1784667995662.0,,
6a5fdf5ca5303295dabd960e,,,mouse_move,,,,,,,655.0,444.0,1784667995671.0,,
6a5fdf5ca5303295dabd960f,,,mouse_move,,,,,,,662.0,444.0,1784667995688.0,,
6a5fdf5ca5303295dabd9610,,,mouse_move,,,,,,,674.0,444.0,1784667995696.0,,
6a5fdf5ca5303295dabd9611,,,mouse_move,,,,,,,682.0,444.0,1784667995705.0,,
6a5fdf5ca5303295dabd9612,,,mouse_move,,,,,,,691.0,443.0,1784667995712.0,,
6a5fdf5ca5303295dabd9613,,,mouse_move,,,,,,,704.0,440.0,1784667995721.0,,
6a5fdf5ca5303295dabd9614,,,mouse_move,,,,,,,717.0,437.0,1784667995729.0,,
6a5fdf5ca5303295dabd9615,,,mouse_move,,,,,,,732.0,435.0,1784667995737.0,,
6a5fdf5ca5303295dabd9616,,,mouse_move,,,,,,,753.0,431.0,1784667995746.0,,
6a5fdf5ca5303295dabd9617,,,mouse_move,,,,,,,765.0,429.0,1784667995754.0,,
6a5fdf5ca5303295dabd9618,,,mouse_move,,,,,,,782.0,425.0,1784667995763.0,,
6a5fdf5ca5303295dabd9619,,,mouse_move,,,,,,,806.0,421.0,1784667995772.0,,
6a5fdf5ca5303295dabd961a,,,mouse_move,,,,,,,820.0,416.0,1784667995780.0,,
6a5fdf5ca5303295dabd961b,,,mouse_move,,,,,,,834.0,415.0,1784667995789.0,,
6a5fdf5ca5303295dabd961c,,,mouse_move,,,,,,,846.0,411.0,1784667995796.0,,
6a5fdf5ca5303295dabd961d,,,mouse_move,,,,,,,853.0,409.0,1784667995804.0,,
6a5fdf5ca5303295dabd961e,,,mouse_move,,,,,,,857.0,409.0,1784667995813.0,,
6a5fdf5ca5303295dabd961f,,,mouse_move,,,,,,,859.0,409.0,1784667995821.0,,
6a5fdf5ca5303295dabd9620,,,mouse_move,,,,,,,860.0,408.0,1784667995914.0,,
6a5fdf5ca5303295dabd9621,,,mouse_move,,,,,,,861.0,407.0,1784667995929.0,,
6a5fdf5ca5303295dabd9622,,,mouse_move,,,,,,,862.0,405.0,1784667995938.0,,
6a5fdf5ca5303295dabd9623,,,mouse_move,,,,,,,863.0,404.0,1784667995946.0,,
6a5fdf5ca5303295dabd9624,,,mouse_move,,,,,,,865.0,403.0,1784667995953.0,,
6a5fdf5ca5303295dabd9625,,,mouse_move,,,,,,,870.0,400.0,1784667995978.0,,
6a5fdf5ca5303295dabd9626,,,mouse_move,,,,,,,877.0,395.0,1784667995996.0,,
6a5fdf5ca5303295dabd9627,,,mouse_move,,,,,,,878.0,394.0,1784667996018.0,,
6a5fdf5ca5303295dabd9628,,,mouse_move,,,,,,,879.0,390.0,1784667996079.0,,
6a5fdf5ca5303295dabd9629,,,mouse_move,,,,,,,880.0,388.0,1784667996088.0,,
6a5fdf5ca5303295dabd962a,,,mouse_move,,,,,,,885.0,376.0,1784667996106.0,,
6a5fdf5ca5303295dabd962b,,,mouse_move,,,,,,,888.0,369.0,1784667996112.0,,
6a5fdf5ca5303295dabd962c,,,mouse_move,,,,,,,890.0,365.0,1784667996122.0,,
6a5fdf5ca5303295dabd962d,,,mouse_move,,,,,,,894.0,358.0,1784667996131.0,,
6a5fdf5ca5303295dabd962e,,,mouse_move,,,,,,,898.0,348.0,1784667996145.0,,
6a5fdf5ca5303295dabd962f,,,mouse_move,,,,,,,902.0,344.0,1784667996152.0,,
6a5fdf5ca5303295dabd9630,,,mouse_move,,,,,,,906.0,340.0,1784667996159.0,,
6a5fdf5ca5303295dabd9631,,,mouse_move,,,,,,,908.0,336.0,1784667996169.0,,
6a5fdf5ca5303295dabd9632,,,mouse_move,,,,,,,917.0,328.0,1784667996177.0,,
6a5fdf5ca5303295dabd9633,,,mouse_move,,,,,,,926.0,318.0,1784667996185.0,,
6a5fdf5ca5303295dabd9634,,,mouse_move,,,,,,,936.0,309.0,1784667996194.0,,
6a5fdf5ca5303295dabd9635,,,mouse_move,,,,,,,956.0,289.0,1784667996202.0,,
6a5fdf5ca5303295dabd9636,,,mouse_move,,,,,,,977.0,268.0,1784667996211.0,,
6a5fdf5ca5303295dabd9637,,,mouse_move,,,,,,,1000.0,246.0,1784667996219.0,,
6a5fdf5ca5303295dabd9638,,,mouse_move,,,,,,,1032.0,217.0,1784667996227.0,,
6a5fdf5ca5303295dabd9639,,,mouse_move,,,,,,,1055.0,195.0,1784667996235.0,,
6a5fdf5ca5303295dabd963a,,,mouse_move,,,,,,,1076.0,174.0,1784667996243.0,,
6a5fdf5ca5303295dabd963b,,,mouse_move,,,,,,,1099.0,151.0,1784667996252.0,,
6a5fdf5ca5303295dabd963c,,,mouse_move,,,,,,,1110.0,138.0,1784667996260.0,,
6a5fdf81a5303295dabd963f,,,mouse_move,,,,,,,257.0,456.0,1784668024288.0,,
6a5fdf81a5303295dabd9640,,,mouse_move,,,,,,,230.0,464.0,1784668024294.0,,
6a5fdf81a5303295dabd9641,,,mouse_move,,,,,,,219.0,467.0,1784668024303.0,,
6a5fdf81a5303295dabd9642,,,mouse_move,,,,,,,215.0,469.0,1784668024310.0,,
6a5fdf81a5303295dabd9643,,,mouse_move,,,,,,,216.0,469.0,1784668024326.0,,
6a5fdf81a5303295dabd9644,,,mouse_move,,,,,,,218.0,469.0,1784668024334.0,,
6a5fdf81a5303295dabd9645,,,mouse_move,,,,,,,221.0,469.0,1784668024343.0,,
6a5fdf81a5303295dabd9646,,,mouse_move,,,,,,,225.0,468.0,1784668024350.0,,
6a5fdf81a5303295dabd9647,,,mouse_move,,,,,,,230.0,466.0,1784668024360.0,,
6a5fdf81a5303295dabd9648,,,mouse_move,,,,,,,237.0,463.0,1784668024368.0,,
6a5fdf81a5303295dabd9649,,,mouse_move,,,,,,,247.0,457.0,1784668024376.0,,
6a5fdf81a5303295dabd964a,,,mouse_move,,,,,,,261.0,451.0,1784668024385.0,,
6a5fdf81a5303295dabd964b,,,mouse_move,,,,,,,279.0,441.0,1784668024392.0,,
6a5fdf81a5303295dabd964c,,,mouse_move,,,,,,,298.0,432.0,1784668024400.0,,
6a5fdf81a5303295dabd964d,,,mouse_move,,,,,,,317.0,420.0,1784668024411.0,,
6a5fdf81a5303295dabd964e,,,mouse_move,,,,,,,328.0,413.0,1784668024417.0,,
6a5fdf81a5303295dabd964f,,,mouse_move,,,,,,,338.0,407.0,1784668024425.0,,
6a5fdf81a5303295dabd9650,,,mouse_move,,,,,,,349.0,399.0,1784668024434.0,,
6a5fdf81a5303295dabd9651,,,mouse_move,,,,,,,358.0,392.0,1784668024443.0,,
6a5fdf81a5303295dabd9652,,,mouse_move,,,,,,,366.0,387.0,1784668024452.0,,
6a5fdf81a5303295dabd9653,,,mouse_move,,,,,,,375.0,382.0,1784668024459.0,,
6a5fdf81a5303295dabd9654,,,mouse_move,,,,,,,381.0,379.0,1784668024468.0,,
6a5fdf81a5303295dabd9655,,,mouse_move,,,,,,,384.0,377.0,1784668024475.0,,
6a5fdf81a5303295dabd9656,,,mouse_move,,,,,,,387.0,375.0,1784668024483.0,,
6a5fdf81a5303295dabd9657,,,mouse_move,,,,,,,388.0,375.0,1784668024492.0,,
6a5fdf81a5303295dabd9658,,,mouse_move,,,,,,,388.0,376.0,1784668024674.0,,
6a5fdf81a5303295dabd9659,,,mouse_move,,,,,,,388.0,377.0,1784668024970.0,,
6a5fdf81a5303295dabd965a,,,mouse_move,,,,,,,388.0,378.0,1784668025170.0,,
6a5fdf81a5303295dabd965b,,,mouse_move,,,,,,,388.0,379.0,1784668025312.0,,
6a5fdf81a5303295dabd965c,,,mouse_move,,,,,,,388.0,381.0,1784668025487.0,,
6a5fdf81a5303295dabd965d,,,mouse_move,,,,,,,388.0,383.0,1784668025521.0,,
6a5fdf81a5303295dabd965e,,,mouse_move,,,,,,,388.0,384.0,1784668025537.0,,
6a5fdf81a5303295dabd965f,,,mouse_move,,,,,,,388.0,385.0,1784668025546.0,,
6a5fdf81a5303295dabd9660,,,mouse_move,,,,,,,388.0,386.0,1784668025563.0,,
6a5fdf81a5303295dabd9661,,,mouse_move,,,,,,,388.0,387.0,1784668025578.0,,
6a5fdf81a5303295dabd9662,,,mouse_move,,,,,,,388.0,388.0,1784668025595.0,,
6a5fdf81a5303295dabd9663,,,mouse_move,,,,,,,388.0,389.0,1784668025603.0,,
6a5fdf81a5303295dabd9664,,,mouse_move,,,,,,,388.0,390.0,1784668025620.0,,
6a5fdf81a5303295dabd9665,,,mouse_move,,,,,,,388.0,391.0,1784668025653.0,,
6a5fdf81a5303295dabd9666,,,mouse_move,,,,,,,388.0,392.0,1784668025671.0,,
6a5fdf81a5303295dabd9667,,,mouse_move,,,,,,,388.0,393.0,1784668025703.0,,
6a5fdf81a5303295dabd9668,,,mouse_move,,,,,,,388.0,394.0,1784668025911.0,,
6a5fdf81a5303295dabd9669,,,mouse_move,,,,,,,388.0,395.0,1784668025917.0,,
6a5fdf81a5303295dabd966a,,,mouse_move,,,,,,,388.0,396.0,1784668025937.0,,
6a5fdf81a5303295dabd966b,,,mouse_move,,,,,,,387.0,397.0,1784668025945.0,,
6a5fdf81a5303295dabd966c,,,mouse_move,,,,,,,387.0,398.0,1784668025957.0,,
6a5fdf81a5303295dabd966d,,,mouse_move,,,,,,,387.0,399.0,1784668025990.0,,
6a5fdf8ba5303295dabd966e,,,mouse_move,,,,,,,1299.0,756.0,1784668033745.0,,
6a5fdf8ba5303295dabd966f,,,mouse_move,,,,,,,1299.0,755.0,1784668033889.0,,
6a5fdf8ba5303295dabd9670,,,mouse_move,,,,,,,1297.0,754.0,1784668033901.0,,
6a5fdf8ba5303295dabd9671,,,mouse_move,,,,,,,1297.0,752.0,1784668033937.0,,
6a5fdf8ba5303295dabd9672,,,mouse_move,,,,,,,1295.0,746.0,1784668033941.0,,
6a5fdf8ba5303295dabd9673,,,mouse_move,,,,,,,1294.0,740.0,1784668033952.0,,
6a5fdf8ba5303295dabd9674,,,mouse_move,,,,,,,1292.0,728.0,1784668033959.0,,
6a5fdf8ba5303295dabd9675,,,mouse_move,,,,,,,1290.0,717.0,1784668033966.0,,
6a5fdf8ba5303295dabd9676,,,mouse_move,,,,,,,1288.0,706.0,1784668033976.0,,
6a5fdf8ba5303295dabd9677,,,mouse_move,,,,,,,1287.0,694.0,1784668033983.0,,
6a5fdf8ba5303295dabd9678,,,mouse_move,,,,,,,1279.0,650.0,1784668033994.0,,
6a5fdf8ba5303295dabd9679,,,mouse_move,,,,,,,1269.0,605.0,1784668034001.0,,
6a5fdf8ba5303295dabd967a,,,mouse_move,,,,,,,1259.0,549.0,1784668034009.0,,
6a5fdf8ba5303295dabd967b,,,mouse_move,,,,,,,1253.0,509.0,1784668034018.0,,
6a5fdf8ba5303295dabd967c,,,mouse_move,,,,,,,1248.0,459.0,1784668034025.0,,
6a5fdf8ba5303295dabd967d,,,mouse_move,,,,,,,1244.0,418.0,1784668034033.0,,
6a5fdf8ba5303295dabd967e,,,mouse_move,,,,,,,1242.0,379.0,1784668034042.0,,
6a5fdf8ba5303295dabd967f,,,mouse_move,,,,,,,1238.0,327.0,1784668034049.0,,
6a5fdf8ba5303295dabd9680,,,mouse_move,,,,,,,1237.0,289.0,1784668034058.0,,
6a5fdf8ba5303295dabd9681,,,mouse_move,,,,,,,1235.0,256.0,1784668034067.0,,
6a5fdf8ba5303295dabd9682,,,mouse_move,,,,,,,1231.0,217.0,1784668034074.0,,
6a5fdf8ba5303295dabd9683,,,mouse_move,,,,,,,1228.0,188.0,1784668034083.0,,
6a5fdf8ba5303295dabd9684,,,mouse_move,,,,,,,1225.0,152.0,1784668034091.0,,
6a5fdf8ba5303295dabd9685,,,mouse_move,,,,,,,1221.0,136.0,1784668034100.0,,
6a5fdf8ba5303295dabd9686,,,mouse_move,,,,,,,1216.0,97.0,1784668034109.0,,
6a5fdf8ba5303295dabd9687,,,mouse_move,,,,,,,1213.0,74.0,1784668034117.0,,
6a5fdf8ba5303295dabd9688,,,mouse_move,,,,,,,1212.0,54.0,1784668034125.0,,
6a5fdf8ba5303295dabd9689,,,mouse_move,,,,,,,1209.0,31.0,1784668034134.0,,
6a5fdf8ba5303295dabd968a,,,mouse_move,,,,,,,1208.0,17.0,1784668034141.0,,
6a5fdf8ba5303295dabd968b,,,mouse_move,,,,,,,1204.0,2.0,1784668034150.0,,
6a5fe017a5303295dabd968c,,,mouse_move,,,,,,,673.0,17.0,1784668182276.0,,
6a5fe017a5303295dabd968d,,,mouse_move,,,,,,,637.0,33.0,1784668182285.0,,
6a5fe017a5303295dabd968e,,,mouse_move,,,,,,,601.0,46.0,1784668182292.0,,
6a5fe017a5303295dabd968f,,,mouse_move,,,,,,,560.0,57.0,1784668182300.0,,
6a5fe017a5303295dabd9690,,,mouse_move,,,,,,,531.0,62.0,1784668182309.0,,
6a5fe017a5303295dabd9691,,,mouse_move,,,,,,,498.0,65.0,1784668182317.0,,
6a5fe017a5303295dabd9692,,,mouse_move,,,,,,,473.0,67.0,1784668182325.0,,
6a5fe017a5303295dabd9693,,,mouse_move,,,,,,,421.0,67.0,1784668182335.0,,
6a5fe017a5303295dabd9694,,,mouse_move,,,,,,,398.0,65.0,1784668182343.0,,
6a5fe017a5303295dabd9695,,,mouse_move,,,,,,,371.0,60.0,1784668182350.0,,
6a5fe017a5303295dabd9696,,,mouse_move,,,,,,,348.0,57.0,1784668182358.0,,
6a5fe017a5303295dabd9697,,,mouse_move,,,,,,,321.0,57.0,1784668182368.0,,
6a5fe017a5303295dabd9698,,,mouse_move,,,,,,,285.0,56.0,1784668182376.0,,
6a5fe017a5303295dabd9699,,,mouse_move,,,,,,,263.0,54.0,1784668182384.0,,
6a5fe017a5303295dabd969a,,,mouse_move,,,,,,,241.0,54.0,1784668182393.0,,
6a5fe017a5303295dabd969b,,,mouse_move,,,,,,,226.0,54.0,1784668182400.0,,
6a5fe017a5303295dabd969c,,,mouse_move,,,,,,,217.0,54.0,1784668182408.0,,
6a5fe017a5303295dabd969d,,,mouse_move,,,,,,,205.0,54.0,1784668182419.0,,
6a5fe017a5303295dabd969e,,,mouse_move,,,,,,,197.0,54.0,1784668182425.0,,
6a5fe017a5303295dabd969f,,,mouse_move,,,,,,,186.0,54.0,1784668182435.0,,
6a5fe017a5303295dabd96a0,,,mouse_move,,,,,,,174.0,54.0,1784668182442.0,,
6a5fe017a5303295dabd96a1,,,mouse_move,,,,,,,165.0,54.0,1784668182450.0,,
6a5fe017a5303295dabd96a2,,,mouse_move,,,,,,,157.0,54.0,1784668182459.0,,
6a5fe017a5303295dabd96a3,,,mouse_move,,,,,,,150.0,54.0,1784668182468.0,,
6a5fe017a5303295dabd96a4,,,mouse_move,,,,,,,141.0,53.0,1784668182475.0,,
6a5fe017a5303295dabd96a5,,,mouse_move,,,,,,,135.0,52.0,1784668182483.0,,
6a5fe017a5303295dabd96a6,,,mouse_move,,,,,,,131.0,51.0,1784668182492.0,,
6a5fe017a5303295dabd96a7,,,mouse_move,,,,,,,125.0,49.0,1784668182500.0,,
6a5fe017a5303295dabd96a8,,,mouse_move,,,,,,,122.0,48.0,1784668182508.0,,
6a5fe017a5303295dabd96a9,,,mouse_move,,,,,,,119.0,46.0,1784668182518.0,,
6a5fe017a5303295dabd96aa,,,mouse_move,,,,,,,119.0,45.0,1784668182526.0,,
6a5fe017a5303295dabd96ab,,,mouse_move,,,,,,,118.0,44.0,1784668182534.0,,
6a5fe017a5303295dabd96ac,,,mouse_move,,,,,,,116.0,42.0,1784668182542.0,,
6a5fe017a5303295dabd96ad,,,mouse_move,,,,,,,115.0,41.0,1784668182551.0,,
6a5fe017a5303295dabd96ae,,,mouse_move,,,,,,,114.0,40.0,1784668182558.0,,
6a5fe017a5303295dabd96af,,,mouse_move,,,,,,,112.0,38.0,1784668182567.0,,
6a5fe017a5303295dabd96b0,,,mouse_move,,,,,,,111.0,36.0,1784668182575.0,,
6a5fe017a5303295dabd96b1,,,mouse_move,,,,,,,109.0,33.0,1784668182584.0,,
6a5fe017a5303295dabd96b2,,,mouse_move,,,,,,,106.0,28.0,1784668182592.0,,
6a5fe017a5303295dabd96b3,,,mouse_move,,,,,,,104.0,26.0,1784668182600.0,,
6a5fe017a5303295dabd96b4,,,mouse_move,,,,,,,100.0,22.0,1784668182608.0,,
6a5fe017a5303295dabd96b5,,,mouse_move,,,,,,,96.0,19.0,1784668182617.0,,
6a5fe017a5303295dabd96b6,,,mouse_move,,,,,,,90.0,16.0,1784668182626.0,,
6a5fe017a5303295dabd96b7,,,mouse_move,,,,,,,86.0,15.0,1784668182634.0,,
6a5fe017a5303295dabd96b8,,,mouse_move,,,,,,,82.0,13.0,1784668182642.0,,
6a5fe017a5303295dabd96b9,,,mouse_move,,,,,,,80.0,11.0,1784668182650.0,,
6a5fe017a5303295dabd96ba,,,mouse_move,,,,,,,77.0,10.0,1784668182658.0,,
6a5fe017a5303295dabd96bb,,,mouse_move,,,,,,,75.0,9.0,1784668182668.0,,
6a5fe017a5303295dabd96bc,,,mouse_move,,,,,,,73.0,7.0,1784668182677.0,,
6a5fe017a5303295dabd96bd,,,mouse_move,,,,,,,71.0,5.0,1784668182683.0,,
6a5fe017a5303295dabd96be,,,mouse_move,,,,,,,69.0,2.0,1784668182691.0,,
6a5fe017a5303295dabd96bf,,,mouse_move,,,,,,,68.0,0.0,1784668182701.0,,
6a5fe017a5303295dabd96c0,,,mouse_move,,,,,,,87.0,5.0,1784668182790.0,,
6a5fe017a5303295dabd96c1,,,mouse_move,,,,,,,111.0,16.0,1784668182797.0,,
6a5fe017a5303295dabd96c2,,,mouse_move,,,,,,,141.0,34.0,1784668182805.0,,
6a5fe017a5303295dabd96c3,,,mouse_move,,,,,,,178.0,54.0,1784668182813.0,,
6a5fe017a5303295dabd96c4,,,mouse_move,,,,,,,220.0,75.0,1784668182822.0,,
6a5fe017a5303295dabd96c5,,,mouse_move,,,,,,,281.0,109.0,1784668182830.0,,
6a5fe017a5303295dabd96c6,,,mouse_move,,,,,,,354.0,151.0,1784668182839.0,,
6a5fe017a5303295dabd96c7,,,mouse_move,,,,,,,434.0,197.0,1784668182846.0,,
6a5fe017a5303295dabd96c8,,,mouse_move,,,,,,,504.0,243.0,1784668182854.0,,
6a5fe017a5303295dabd96c9,,,mouse_move,,,,,,,575.0,296.0,1784668182862.0,,
6a5fe017a5303295dabd96ca,,,mouse_move,,,,,,,633.0,348.0,1784668182871.0,,
6a5fe017a5303295dabd96cb,,,mouse_move,,,,,,,678.0,398.0,1784668182878.0,,
6a5fe017a5303295dabd96cc,,,mouse_move,,,,,,,708.0,439.0,1784668182890.0,,
6a5fe017a5303295dabd96cd,,,mouse_move,,,,,,,727.0,468.0,1784668182895.0,,
6a5fe017a5303295dabd96ce,,,mouse_move,,,,,,,737.0,487.0,1784668182905.0,,
6a5fe017a5303295dabd96cf,,,mouse_move,,,,,,,740.0,496.0,1784668182915.0,,
6a5fe017a5303295dabd96d0,,,mouse_move,,,,,,,741.0,501.0,1784668182927.0,,
6a5fe017a5303295dabd96d1,,,mouse_move,,,,,,,741.0,503.0,1784668182934.0,,
6a5fe017a5303295dabd96d2,,,mouse_move,,,,,,,740.0,502.0,1784668183134.0,,
6a5fe017a5303295dabd96d3,,,mouse_move,,,,,,,737.0,490.0,1784668183142.0,,
6a5fe017a5303295dabd96d4,,,mouse_move,,,,,,,732.0,477.0,1784668183151.0,,
6a5fe017a5303295dabd96d5,,,mouse_move,,,,,,,726.0,462.0,1784668183158.0,,
6a5fe017a5303295dabd96d6,,,mouse_move,,,,,,,722.0,453.0,1784668183168.0,,
6a5fe017a5303295dabd96d7,,,mouse_move,,,,,,,717.0,445.0,1784668183175.0,,
6a5fe017a5303295dabd96d8,,,mouse_move,,,,,,,716.0,441.0,1784668183183.0,,
6a5fe017a5303295dabd96d9,,,mouse_move,,,,,,,715.0,439.0,1784668183192.0,,
6a5fe017a5303295dabd96da,,,mouse_move,,,,,,,714.0,439.0,1784668183201.0,,
6a5fe033a5303295dabd9708,,,mouse_move,,,,,,,416.0,598.0,1784668201231.0,,
6a5fe033a5303295dabd9709,,,mouse_move,,,,,,,424.0,580.0,1784668201284.0,,
6a5fe033a5303295dabd970a,,,mouse_move,,,,,,,435.0,562.0,1784668201293.0,,
6a5fe033a5303295dabd970b,,,mouse_move,,,,,,,440.0,554.0,1784668201300.0,,
6a5fe033a5303295dabd970c,,,mouse_move,,,,,,,449.0,546.0,1784668201308.0,,
6a5fe033a5303295dabd970d,,,mouse_move,,,,,,,456.0,539.0,1784668201318.0,,
6a5fe033a5303295dabd970e,,,mouse_move,,,,,,,465.0,534.0,1784668201326.0,,
6a5fe033a5303295dabd970f,,,mouse_move,,,,,,,471.0,530.0,1784668201334.0,,
6a5fe033a5303295dabd9710,,,mouse_move,,,,,,,479.0,526.0,1784668201342.0,,
6a5fe033a5303295dabd9711,,,mouse_move,,,,,,,485.0,523.0,1784668201351.0,,
6a5fe033a5303295dabd9712,,,mouse_move,,,,,,,494.0,517.0,1784668201359.0,,
6a5fe033a5303295dabd9713,,,mouse_move,,,,,,,502.0,514.0,1784668201368.0,,
6a5fe033a5303295dabd9714,,,mouse_move,,,,,,,508.0,510.0,1784668201376.0,,
6a5fe033a5303295dabd9715,,,mouse_move,,,,,,,517.0,506.0,1784668201384.0,,
6a5fe033a5303295dabd9716,,,mouse_move,,,,,,,524.0,502.0,1784668201393.0,,
6a5fe033a5303295dabd9717,,,mouse_move,,,,,,,529.0,500.0,1784668201400.0,,
6a5fe033a5303295dabd9718,,,mouse_move,,,,,,,533.0,497.0,1784668201409.0,,
6a5fe033a5303295dabd9719,,,mouse_move,,,,,,,535.0,496.0,1784668201417.0,,
6a5fe033a5303295dabd971a,,,mouse_move,,,,,,,537.0,496.0,1784668201518.0,,
6a5fe033a5303295dabd971b,,,mouse_move,,,,,,,537.0,495.0,1784668201550.0,,
6a5fe033a5303295dabd971c,,,mouse_move,,,,,,,538.0,493.0,1784668201557.0,,
6a5fe033a5303295dabd971d,,,mouse_move,,,,,,,538.0,492.0,1784668201566.0,,
6a5fe033a5303295dabd971e,,,mouse_move,,,,,,,538.0,489.0,1784668201574.0,,
6a5fe033a5303295dabd971f,,,mouse_move,,,,,,,539.0,487.0,1784668201582.0,,
6a5fe033a5303295dabd9720,,,mouse_move,,,,,,,540.0,485.0,1784668201590.0,,
6a5fe033a5303295dabd9721,,,mouse_move,,,,,,,540.0,484.0,1784668201600.0,,
6a5fe033a5303295dabd9722,,,mouse_move,,,,,,,540.0,483.0,1784668201620.0,,
6a5fe033a5303295dabd9723,,,mouse_move,,,,,,,540.0,482.0,1784668201648.0,,
6a5fe033a5303295dabd9724,,,mouse_move,,,,,,,541.0,482.0,1784668201654.0,,
6a5fe033a5303295dabd9725,,,mouse_move,,,,,,,541.0,480.0,1784668201662.0,,
6a5fe033a5303295dabd9726,,,mouse_move,,,,,,,542.0,479.0,1784668201669.0,,
6a5fe033a5303295dabd9727,,,mouse_move,,,,,,,542.0,477.0,1784668201678.0,,
6a5fe033a5303295dabd9728,,,mouse_move,,,,,,,544.0,474.0,1784668201686.0,,
6a5fe033a5303295dabd9729,,,mouse_move,,,,,,,545.0,471.0,1784668201694.0,,
6a5fe033a5303295dabd972a,,,mouse_move,,,,,,,545.0,469.0,1784668201702.0,,
6a5fe033a5303295dabd972b,,,mouse_move,,,,,,,546.0,466.0,1784668201710.0,,
6a5fe033a5303295dabd972c,,,mouse_move,,,,,,,546.0,465.0,1784668201718.0,,
6a5fe033a5303295dabd972d,,,mouse_move,,,,,,,547.0,463.0,1784668201726.0,,
6a5fe033a5303295dabd972e,,,mouse_move,,,,,,,547.0,461.0,1784668201734.0,,
6a5fe033a5303295dabd972f,,,mouse_move,,,,,,,547.0,458.0,1784668201743.0,,
6a5fe033a5303295dabd9730,,,mouse_move,,,,,,,547.0,456.0,1784668201758.0,,
6a5fe033a5303295dabd9731,,,mouse_move,,,,,,,547.0,455.0,1784668201766.0,,
6a5fe033a5303295dabd9732,,,mouse_move,,,,,,,547.0,453.0,1784668201774.0,,
6a5fe033a5303295dabd9733,,,mouse_move,,,,,,,547.0,452.0,1784668201782.0,,
6a5fe033a5303295dabd9734,,,mouse_move,,,,,,,547.0,450.0,1784668201790.0,,
6a5fe033a5303295dabd9735,,,mouse_move,,,,,,,547.0,448.0,1784668201798.0,,
6a5fe033a5303295dabd9736,,,mouse_move,,,,,,,547.0,446.0,1784668201806.0,,
6a5fe033a5303295dabd9737,,,mouse_move,,,,,,,546.0,446.0,1784668201815.0,,
6a5fe033a5303295dabd9738,,,mouse_move,,,,,,,545.0,445.0,1784668201822.0,,
6a5fe033a5303295dabd9739,,,mouse_move,,,,,,,545.0,442.0,1784668201832.0,,
6a5fe033a5303295dabd973a,,,mouse_move,,,,,,,544.0,440.0,1784668201839.0,,
6a5fe033a5303295dabd973b,,,mouse_move,,,,,,,544.0,436.0,1784668201847.0,,
6a5fe033a5303295dabd973c,,,mouse_move,,,,,,,544.0,433.0,1784668201854.0,,
6a5fe033a5303295dabd973d,,,mouse_move,,,,,,,544.0,432.0,1784668201862.0,,
6a5fe033a5303295dabd973e,,,mouse_move,,,,,,,544.0,430.0,1784668201871.0,,
6a5fe033a5303295dabd973f,,,mouse_move,,,,,,,544.0,429.0,1784668201879.0,,
6a5fe033a5303295dabd9740,,,mouse_move,,,,,,,544.0,430.0,1784668201958.0,,
6a5fe033a5303295dabd9741,,,mouse_move,,,,,,,544.0,431.0,1784668201982.0,,
6a5fe033a5303295dabd9742,,,mouse_move,,,,,,,544.0,432.0,1784668202064.0,,
6a5fe033a5303295dabd9743,,,mouse_move,,,,,,,545.0,433.0,1784668202107.0,,
6a5fe033a5303295dabd9744,,,mouse_move,,,,,,,545.0,434.0,1784668202152.0,,
6a5fe033a5303295dabd9745,,,mouse_move,,,,,,,545.0,435.0,1784668202161.0,,
6a5fe033a5303295dabd9746,,,mouse_move,,,,,,,546.0,435.0,1784668202194.0,,
6a5fe033a5303295dabd9747,,,mouse_move,,,,,,,548.0,435.0,1784668202227.0,,
6a5fe033a5303295dabd9748,,,mouse_move,,,,,,,550.0,435.0,1784668202236.0,,
6a5fe033a5303295dabd9749,,,mouse_move,,,,,,,553.0,435.0,1784668202244.0,,
6a5fe033a5303295dabd974a,,,mouse_move,,,,,,,556.0,435.0,1784668202252.0,,
6a5fe033a5303295dabd974b,,,mouse_move,,,,,,,559.0,435.0,1784668202261.0,,
6a5fe033a5303295dabd974c,,,mouse_move,,,,,,,564.0,435.0,1784668202270.0,,
6a5fe033a5303295dabd974d,,,mouse_move,,,,,,,567.0,434.0,1784668202286.0,,
6a5fe033a5303295dabd974e,,,mouse_move,,,,,,,570.0,433.0,1784668202310.0,,
6a5fe033a5303295dabd974f,,,mouse_move,,,,,,,571.0,433.0,1784668202327.0,,
6a5fe033a5303295dabd9750,,,mouse_move,,,,,,,571.0,432.0,1784668202335.0,,
6a5fe033a5303295dabd9751,,,mouse_move,,,,,,,572.0,431.0,1784668202361.0,,
6a5fe033a5303295dabd9752,,,mouse_move,,,,,,,573.0,430.0,1784668202370.0,,
6a5fe033a5303295dabd9753,,,mouse_move,,,,,,,573.0,429.0,1784668202377.0,,
6a5fe033a5303295dabd9754,,,mouse_move,,,,,,,574.0,427.0,1784668202386.0,,
6a5fe033a5303295dabd9755,,,mouse_move,,,,,,,577.0,423.0,1784668202396.0,,
6a5fe033a5303295dabd9756,,,mouse_move,,,,,,,581.0,419.0,1784668202403.0,,
6a5fe033a5303295dabd9757,,,mouse_move,,,,,,,584.0,411.0,1784668202411.0,,
6a5fe033a5303295dabd9758,,,mouse_move,,,,,,,586.0,405.0,1784668202419.0,,
6a5fe033a5303295dabd9759,,,mouse_move,,,,,,,589.0,395.0,1784668202427.0,,
6a5fe033a5303295dabd975a,,,mouse_move,,,,,,,592.0,387.0,1784668202436.0,,
6a5fe033a5303295dabd975b,,,mouse_move,,,,,,,597.0,373.0,1784668202444.0,,
6a5fe033a5303295dabd975c,,,mouse_move,,,,,,,599.0,362.0,1784668202453.0,,
6a5fe033a5303295dabd975d,,,mouse_move,,,,,,,601.0,350.0,1784668202461.0,,
6a5fe033a5303295dabd975e,,,mouse_move,,,,,,,604.0,335.0,1784668202469.0,,
6a5fe033a5303295dabd975f,,,mouse_move,,,,,,,604.0,321.0,1784668202478.0,,
6a5fe033a5303295dabd9760,,,mouse_move,,,,,,,605.0,302.0,1784668202486.0,,
6a5fe033a5303295dabd9761,,,mouse_move,,,,,,,605.0,256.0,1784668202494.0,,
6a5fe033a5303295dabd9762,,,mouse_move,,,,,,,606.0,226.0,1784668202511.0,,
6a5fe033a5303295dabd9763,,,mouse_move,,,,,,,607.0,220.0,1784668202519.0,,
6a5fe033a5303295dabd9764,,,mouse_move,,,,,,,607.0,215.0,1784668202527.0,,
6a5fe033a5303295dabd9765,,,mouse_move,,,,,,,607.0,211.0,1784668202536.0,,
6a5fe033a5303295dabd9766,,,mouse_move,,,,,,,607.0,205.0,1784668202544.0,,
6a5fe033a5303295dabd9767,,,mouse_move,,,,,,,607.0,203.0,1784668202552.0,,
6a5fe033a5303295dabd9768,,,mouse_move,,,,,,,607.0,202.0,1784668202562.0,,
6a5fe033a5303295dabd9769,,,mouse_move,,,,,,,606.0,200.0,1784668202568.0,,
6a5fe033a5303295dabd976a,,,mouse_move,,,,,,,606.0,199.0,1784668202577.0,,
6a5fe033a5303295dabd976b,,,mouse_move,,,,,,,605.0,199.0,1784668202586.0,,
6a5fe033a5303295dabd976c,,,mouse_move,,,,,,,605.0,198.0,1784668202593.0,,
6a5fe033a5303295dabd976d,,,mouse_move,,,,,,,605.0,197.0,1784668202602.0,,
6a5fe033a5303295dabd976e,,,mouse_move,,,,,,,604.0,197.0,1784668202613.0,,
6a5fe033a5303295dabd976f,,,mouse_move,,,,,,,604.0,196.0,1784668202621.0,,
6a5fe033a5303295dabd9770,,,mouse_move,,,,,,,603.0,195.0,1784668202644.0,,
6a5fe033a5303295dabd9771,,,mouse_move,,,,,,,602.0,194.0,1784668202653.0,,
6a5fe033a5303295dabd9772,,,mouse_move,,,,,,,602.0,192.0,1784668202662.0,,
6a5fe033a5303295dabd9773,,,mouse_move,,,,,,,601.0,192.0,1784668202669.0,,
6a5fe033a5303295dabd9774,,,mouse_move,,,,,,,601.0,191.0,1784668202677.0,,
6a5fe033a5303295dabd9775,,,mouse_move,,,,,,,601.0,190.0,1784668202686.0,,
6a5fe033a5303295dabd9776,,,mouse_move,,,,,,,601.0,188.0,1784668202701.0,,
6a5fe033a5303295dabd9777,,,mouse_move,,,,,,,600.0,188.0,1784668202709.0,,
6a5fe033a5303295dabd9778,,,mouse_move,,,,,,,600.0,187.0,1784668202718.0,,
6a5fe033a5303295dabd9779,,,mouse_move,,,,,,,600.0,186.0,1784668202726.0,,
6a5fe033a5303295dabd977a,,,mouse_click,,,,,,,600.0,186.0,1784668202870.0,0.0,
6a5fe033a5303295dabd977b,,,mouse_move,,,,,,,599.0,186.0,1784668206517.0,,
6a5fe033a5303295dabd977c,,,mouse_move,,,,,,,594.0,191.0,1784668206526.0,,
6a5fe033a5303295dabd977d,,,mouse_move,,,,,,,592.0,197.0,1784668206533.0,,
6a5fe033a5303295dabd977e,,,mouse_move,,,,,,,592.0,204.0,1784668206541.0,,
6a5fe033a5303295dabd977f,,,mouse_move,,,,,,,600.0,215.0,1784668206550.0,,
6a5fe033a5303295dabd9780,,,mouse_move,,,,,,,613.0,228.0,1784668206557.0,,
6a5fe033a5303295dabd9781,,,mouse_move,,,,,,,623.0,236.0,1784668206566.0,,
6a5fe033a5303295dabd9782,,,mouse_move,,,,,,,633.0,242.0,1784668206573.0,,
6a5fe033a5303295dabd9783,,,mouse_move,,,,,,,639.0,246.0,1784668206582.0,,
6a5fe033a5303295dabd9784,,,mouse_move,,,,,,,639.0,249.0,1784668206590.0,,
6a5fe033a5303295dabd9785,,,mouse_move,,,,,,,639.0,250.0,1784668206614.0,,
6a5fe033a5303295dabd9786,,,mouse_move,,,,,,,639.0,251.0,1784668206621.0,,
6a5fe033a5303295dabd9787,,,mouse_move,,,,,,,639.0,252.0,1784668206630.0,,
6a5fe033a5303295dabd9788,,,mouse_move,,,,,,,640.0,252.0,1784668206638.0,,
6a5fe033a5303295dabd9789,,,mouse_move,,,,,,,641.0,253.0,1784668206645.0,,
6a5fe033a5303295dabd978a,,,mouse_move,,,,,,,642.0,253.0,1784668206653.0,,
6a5fe033a5303295dabd978b,,,mouse_move,,,,,,,641.0,253.0,1784668206710.0,,
6a5fe033a5303295dabd978c,,,mouse_move,,,,,,,640.0,253.0,1784668206728.0,,
6a5fe033a5303295dabd978d,,,mouse_move,,,,,,,640.0,254.0,1784668206781.0,,
6a5fe033a5303295dabd978e,,,mouse_move,,,,,,,640.0,255.0,1784668206804.0,,
6a5fe033a5303295dabd978f,,,mouse_move,,,,,,,641.0,256.0,1784668206812.0,,
6a5fe033a5303295dabd9790,,,mouse_move,,,,,,,641.0,258.0,1784668206820.0,,
6a5fe033a5303295dabd9791,,,mouse_move,,,,,,,641.0,259.0,1784668206829.0,,
6a5fe033a5303295dabd9792,,,mouse_move,,,,,,,642.0,261.0,1784668206839.0,,
6a5fe033a5303295dabd9793,,,mouse_move,,,,,,,642.0,263.0,1784668206846.0,,
6a5fe033a5303295dabd9794,,,mouse_move,,,,,,,642.0,265.0,1784668206853.0,,
6a5fe033a5303295dabd9795,,,mouse_move,,,,,,,643.0,268.0,1784668206862.0,,
6a5fe033a5303295dabd9796,,,mouse_move,,,,,,,643.0,271.0,1784668206869.0,,
6a5fe033a5303295dabd9797,,,mouse_move,,,,,,,643.0,273.0,1784668206879.0,,
6a5fe033a5303295dabd9798,,,mouse_move,,,,,,,643.0,275.0,1784668206886.0,,
6a5fe033a5303295dabd9799,,,mouse_move,,,,,,,644.0,278.0,1784668206896.0,,
6a5fe033a5303295dabd979a,,,mouse_move,,,,,,,644.0,279.0,1784668206903.0,,
6a5fe033a5303295dabd979b,,,mouse_move,,,,,,,644.0,281.0,1784668206912.0,,
6a5fe033a5303295dabd979c,,,mouse_move,,,,,,,644.0,282.0,1784668206927.0,,
6a5fe033a5303295dabd979d,,,mouse_move,,,,,,,644.0,283.0,1784668206935.0,,
6a5fe033a5303295dabd979e,,,mouse_move,,,,,,,645.0,283.0,1784668207037.0,,
6a5fe033a5303295dabd979f,,,mouse_move,,,,,,,645.0,283.0,1784668207048.0,,
6a5fe033a5303295dabd97a0,,,mouse_move,,,,,,,645.0,283.0,1784668207054.0,,
6a5fe033a5303295dabd97a1,,,mouse_click,,,,,,,645.0,283.0,1784668207102.0,0.0,
6a5fe033a5303295dabd97a2,,,mouse_move,,,,,,,645.0,282.0,1784668207112.0,,
6a5fe033a5303295dabd97a3,,,mouse_move,,,,,,,644.0,282.0,1784668207121.0,,
6a5fe03da5303295dabd97cb,,,mouse_move,,,,,,,641.0,287.0,1784668211385.0,,
6a5fe03da5303295dabd97cc,,,mouse_move,,,,,,,637.0,294.0,1784668211393.0,,
6a5fe03da5303295dabd97cd,,,mouse_move,,,,,,,634.0,301.0,1784668211400.0,,
6a5fe03da5303295dabd97ce,,,mouse_move,,,,,,,631.0,304.0,1784668211408.0,,
6a5fe03da5303295dabd97cf,,,mouse_move,,,,,,,629.0,307.0,1784668211418.0,,
6a5fe03da5303295dabd97d0,,,mouse_move,,,,,,,628.0,309.0,1784668211425.0,,
6a5fe03da5303295dabd97d1,,,mouse_move,,,,,,,628.0,310.0,1784668211433.0,,
6a5fe03da5303295dabd97d2,,,mouse_move,,,,,,,627.0,311.0,1784668211443.0,,
6a5fe03da5303295dabd97d3,,,mouse_move,,,,,,,626.0,312.0,1784668211450.0,,
6a5fe03da5303295dabd97d4,,,mouse_move,,,,,,,626.0,313.0,1784668211458.0,,
6a5fe03da5303295dabd97d5,,,mouse_move,,,,,,,626.0,315.0,1784668211467.0,,
6a5fe03da5303295dabd97d6,,,mouse_move,,,,,,,624.0,316.0,1784668211475.0,,
6a5fe03da5303295dabd97d7,,,mouse_move,,,,,,,624.0,317.0,1784668211483.0,,
6a5fe03da5303295dabd97d8,,,mouse_move,,,,,,,622.0,321.0,1784668211492.0,,
6a5fe03da5303295dabd97d9,,,mouse_move,,,,,,,620.0,323.0,1784668211501.0,,
6a5fe03da5303295dabd97da,,,mouse_move,,,,,,,619.0,325.0,1784668211509.0,,
6a5fe03da5303295dabd97db,,,mouse_move,,,,,,,618.0,326.0,1784668211517.0,,
6a5fe03da5303295dabd97dc,,,mouse_move,,,,,,,617.0,327.0,1784668211525.0,,
6a5fe03da5303295dabd97dd,,,mouse_move,,,,,,,617.0,328.0,1784668211592.0,,
6a5fe03da5303295dabd97de,,,mouse_move,,,,,,,617.0,330.0,1784668211608.0,,
6a5fe03da5303295dabd97df,,,mouse_move,,,,,,,617.0,331.0,1784668211623.0,,
6a5fe03da5303295dabd97e0,,,mouse_move,,,,,,,617.0,332.0,1784668211631.0,,
6a5fe03da5303295dabd97e1,,,mouse_move,,,,,,,617.0,334.0,1784668211639.0,,
6a5fe03da5303295dabd97e2,,,mouse_move,,,,,,,618.0,335.0,1784668211646.0,,
6a5fe03da5303295dabd97e3,,,mouse_move,,,,,,,619.0,337.0,1784668211654.0,,
6a5fe03da5303295dabd97e4,,,mouse_move,,,,,,,620.0,339.0,1784668211662.0,,
6a5fe03da5303295dabd97e5,,,mouse_move,,,,,,,620.0,341.0,1784668211670.0,,
6a5fe03da5303295dabd97e6,,,mouse_move,,,,,,,620.0,344.0,1784668211677.0,,
6a5fe03da5303295dabd97e7,,,mouse_move,,,,,,,620.0,348.0,1784668211685.0,,
6a5fe03da5303295dabd97e8,,,mouse_move,,,,,,,619.0,352.0,1784668211694.0,,
6a5fe03da5303295dabd97e9,,,mouse_move,,,,,,,617.0,359.0,1784668211702.0,,
6a5fe03da5303295dabd97ea,,,mouse_move,,,,,,,615.0,368.0,1784668211709.0,,
6a5fe03da5303295dabd97eb,,,mouse_move,,,,,,,613.0,375.0,1784668211717.0,,
6a5fe03da5303295dabd97ec,,,mouse_move,,,,,,,611.0,380.0,1784668211725.0,,
6a5fe03da5303295dabd97ed,,,mouse_move,,,,,,,609.0,386.0,1784668211734.0,,
6a5fe03da5303295dabd97ee,,,mouse_move,,,,,,,608.0,390.0,1784668211742.0,,
6a5fe03da5303295dabd97ef,,,mouse_move,,,,,,,608.0,392.0,1784668211751.0,,
6a5fe03da5303295dabd97f0,,,mouse_move,,,,,,,608.0,393.0,1784668211759.0,,
6a5fe03da5303295dabd97f1,,,mouse_move,,,,,,,608.0,394.0,1784668211768.0,,
6a5fe03da5303295dabd97f2,,,mouse_move,,,,,,,608.0,393.0,1784668211831.0,,
6a5fe03da5303295dabd97f3,,,mouse_click,,,,,,,608.0,393.0,1784668212230.0,0.0,
6a5fe051a5303295dabd981a,,,mouse_move,,,,,,,602.0,395.0,1784668232281.0,,
6a5fe051a5303295dabd981b,,,mouse_move,,,,,,,570.0,409.0,1784668232302.0,,
6a5fe051a5303295dabd981c,,,mouse_move,,,,,,,544.0,418.0,1784668232310.0,,
6a5fe051a5303295dabd981d,,,mouse_move,,,,,,,543.0,419.0,1784668232318.0,,
6a5fe051a5303295dabd981e,,,mouse_move,,,,,,,550.0,418.0,1784668232327.0,,
6a5fe051a5303295dabd981f,,,mouse_move,,,,,,,560.0,416.0,1784668232336.0,,
6a5fe051a5303295dabd9820,,,mouse_move,,,,,,,574.0,413.0,1784668232344.0,,
6a5fe051a5303295dabd9821,,,mouse_move,,,,,,,585.0,409.0,1784668232351.0,,
6a5fe051a5303295dabd9822,,,mouse_move,,,,,,,592.0,407.0,1784668232360.0,,
6a5fe051a5303295dabd9823,,,mouse_move,,,,,,,596.0,406.0,1784668232369.0,,
6a5fe051a5303295dabd9824,,,mouse_move,,,,,,,600.0,406.0,1784668232376.0,,
6a5fe051a5303295dabd9825,,,mouse_move,,,,,,,604.0,407.0,1784668232388.0,,
6a5fe051a5303295dabd9826,,,mouse_move,,,,,,,610.0,411.0,1784668232396.0,,
6a5fe051a5303295dabd9827,,,mouse_move,,,,,,,621.0,419.0,1784668232401.0,,
6a5fe051a5303295dabd9828,,,mouse_move,,,,,,,634.0,429.0,1784668232410.0,,
6a5fe051a5303295dabd9829,,,mouse_move,,,,,,,656.0,445.0,1784668232419.0,,
6a5fe051a5303295dabd982a,,,mouse_move,,,,,,,678.0,457.0,1784668232428.0,,
6a5fe051a5303295dabd982b,,,mouse_move,,,,,,,706.0,468.0,1784668232436.0,,
6a5fe051a5303295dabd982c,,,mouse_move,,,,,,,728.0,476.0,1784668232444.0,,
6a5fe051a5303295dabd982d,,,mouse_move,,,,,,,740.0,479.0,1784668232452.0,,
6a5fe051a5303295dabd982e,,,mouse_move,,,,,,,752.0,481.0,1784668232461.0,,
6a5fe051a5303295dabd982f,,,mouse_move,,,,,,,759.0,481.0,1784668232469.0,,
6a5fe051a5303295dabd9830,,,mouse_move,,,,,,,760.0,481.0,1784668232478.0,,
6a5fe051a5303295dabd9831,,,mouse_move,,,,,,,760.0,479.0,1784668232501.0,,
6a5fe051a5303295dabd9832,,,mouse_move,,,,,,,759.0,476.0,1784668232510.0,,
6a5fe051a5303295dabd9833,,,mouse_move,,,,,,,758.0,476.0,1784668232518.0,,
6a5fe051a5303295dabd9834,,,mouse_move,,,,,,,756.0,476.0,1784668232581.0,,
6a5fe051a5303295dabd9835,,,mouse_move,,,,,,,755.0,478.0,1784668232589.0,,
6a5fe051a5303295dabd9836,,,mouse_move,,,,,,,752.0,481.0,1784668232597.0,,
6a5fe051a5303295dabd9837,,,mouse_move,,,,,,,749.0,485.0,1784668232605.0,,
6a5fe051a5303295dabd9838,,,mouse_move,,,,,,,743.0,493.0,1784668232613.0,,
6a5fe051a5303295dabd9839,,,mouse_move,,,,,,,738.0,499.0,1784668232620.0,,
6a5fe051a5303295dabd983a,,,mouse_move,,,,,,,732.0,505.0,1784668232628.0,,
6a5fe051a5303295dabd983b,,,mouse_move,,,,,,,725.0,514.0,1784668232636.0,,
6a5fe051a5303295dabd983c,,,mouse_move,,,,,,,719.0,521.0,1784668232644.0,,
6a5fe051a5303295dabd983d,,,mouse_move,,,,,,,713.0,531.0,1784668232653.0,,
6a5fe051a5303295dabd983e,,,mouse_move,,,,,,,708.0,540.0,1784668232660.0,,
6a5fe051a5303295dabd983f,,,mouse_move,,,,,,,704.0,550.0,1784668232668.0,,
6a5fe051a5303295dabd9840,,,mouse_move,,,,,,,698.0,559.0,1784668232676.0,,
6a5fe051a5303295dabd9841,,,mouse_move,,,,,,,695.0,569.0,1784668232684.0,,
6a5fe051a5303295dabd9842,,,mouse_move,,,,,,,692.0,576.0,1784668232693.0,,
6a5fe051a5303295dabd9843,,,mouse_move,,,,,,,691.0,581.0,1784668232701.0,,
6a5fe051a5303295dabd9844,,,mouse_move,,,,,,,688.0,589.0,1784668232709.0,,
6a5fe051a5303295dabd9845,,,mouse_move,,,,,,,687.0,595.0,1784668232719.0,,
6a5fe051a5303295dabd9846,,,mouse_move,,,,,,,685.0,604.0,1784668232726.0,,
6a5fe051a5303295dabd9847,,,mouse_move,,,,,,,683.0,614.0,1784668232734.0,,
6a5fe051a5303295dabd9848,,,mouse_move,,,,,,,682.0,621.0,1784668232743.0,,
6a5fe051a5303295dabd9849,,,mouse_move,,,,,,,680.0,628.0,1784668232752.0,,
6a5fe051a5303295dabd984a,,,mouse_move,,,,,,,680.0,633.0,1784668232759.0,,
6a5fe051a5303295dabd984b,,,mouse_move,,,,,,,678.0,638.0,1784668232768.0,,
6a5fe051a5303295dabd984c,,,mouse_move,,,,,,,677.0,642.0,1784668232777.0,,
6a5fe051a5303295dabd984d,,,mouse_move,,,,,,,676.0,644.0,1784668232786.0,,
6a5fe051a5303295dabd984e,,,mouse_move,,,,,,,674.0,646.0,1784668232791.0,,
6a5fe051a5303295dabd984f,,,mouse_move,,,,,,,672.0,647.0,1784668232800.0,,
6a5fe051a5303295dabd9850,,,mouse_move,,,,,,,671.0,648.0,1784668232808.0,,
6a5fe051a5303295dabd9851,,,mouse_move,,,,,,,670.0,648.0,1784668232825.0,,
6a5fe051a5303295dabd9852,,,mouse_move,,,,,,,669.0,649.0,1784668232841.0,,
6a5fe051a5303295dabd9853,,,mouse_move,,,,,,,668.0,649.0,1784668232849.0,,
6a5fe051a5303295dabd9854,,,mouse_move,,,,,,,663.0,653.0,1784668232858.0,,
6a5fe051a5303295dabd9855,,,mouse_move,,,,,,,662.0,656.0,1784668232865.0,,
6a5fe051a5303295dabd9856,,,mouse_move,,,,,,,659.0,661.0,1784668232874.0,,
6a5fe051a5303295dabd9857,,,mouse_move,,,,,,,658.0,663.0,1784668232884.0,,
6a5fe051a5303295dabd9858,,,mouse_move,,,,,,,657.0,666.0,1784668232891.0,,
6a5fe051a5303295dabd9859,,,mouse_move,,,,,,,657.0,668.0,1784668232900.0,,
6a5fe051a5303295dabd985a,,,mouse_move,,,,,,,657.0,669.0,1784668232916.0,,
6a5fe051a5303295dabd985b,,,mouse_click,,,,,,,657.0,669.0,1784668233113.0,0.0,
6a5fe051a5303295dabd985c,,,mouse_move,,,,,,,656.0,669.0,1784668233501.0,,
6a5fe051a5303295dabd985d,,,mouse_move,,,,,,,649.0,665.0,1784668233507.0,,
6a5fe051a5303295dabd985e,,,mouse_move,,,,,,,613.0,627.0,1784668233516.0,,
6a5fe051a5303295dabd985f,,,mouse_move,,,,,,,510.0,502.0,1784668233525.0,,
6a5fe051a5303295dabd9860,,,mouse_move,,,,,,,479.0,459.0,1784668233540.0,,
6a5fe051a5303295dabd9861,,,mouse_move,,,,,,,441.0,400.0,1784668233549.0,,
6a5fe051a5303295dabd9862,,,mouse_move,,,,,,,418.0,360.0,1784668233557.0,,
6a5fe051a5303295dabd9863,,,mouse_move,,,,,,,386.0,301.0,1784668233564.0,,
6a5fe051a5303295dabd9864,,,mouse_move,,,,,,,358.0,248.0,1784668233572.0,,
6a5fe051a5303295dabd9865,,,mouse_move,,,,,,,332.0,202.0,1784668233581.0,,
6a5fe051a5303295dabd9866,,,mouse_move,,,,,,,280.0,119.0,1784668233589.0,,
6a5fe051a5303295dabd9867,,,mouse_move,,,,,,,255.0,81.0,1784668233598.0,,
6a5fe051a5303295dabd9868,,,mouse_move,,,,,,,226.0,38.0,1784668233606.0,,
6a5fe051a5303295dabd9869,,,mouse_move,,,,,,,201.0,3.0,1784668233614.0,,
6a5fe05ba5303295dabd986b,,,mouse_move,,,,,,,763.0,1.0,1784668243083.0,,
6a5fe05ba5303295dabd986c,,,mouse_move,,,,,,,763.0,19.0,1784668243098.0,,
6a5fe05ba5303295dabd986d,,,mouse_move,,,,,,,756.0,44.0,1784668243112.0,,
6a5fe05ba5303295dabd986e,,,mouse_move,,,,,,,740.0,71.0,1784668243117.0,,
6a5fe05ba5303295dabd986f,,,mouse_move,,,,,,,739.0,73.0,1784668243126.0,,
6a5fe05ba5303295dabd9870,,,mouse_move,,,,,,,740.0,72.0,1784668243397.0,,
6a5fe05ba5303295dabd9871,,,mouse_move,,,,,,,741.0,71.0,1784668243405.0,,
6a5fe05ba5303295dabd9872,,,mouse_move,,,,,,,744.0,66.0,1784668243414.0,,
6a5fe05ba5303295dabd9873,,,mouse_move,,,,,,,744.0,63.0,1784668243422.0,,
6a5fe05ba5303295dabd9874,,,mouse_move,,,,,,,744.0,59.0,1784668243431.0,,
6a5fe05ba5303295dabd9875,,,mouse_move,,,,,,,744.0,53.0,1784668243440.0,,
6a5fe05ba5303295dabd9876,,,mouse_move,,,,,,,739.0,48.0,1784668243448.0,,
6a5fe05ba5303295dabd9877,,,mouse_move,,,,,,,727.0,45.0,1784668243455.0,,
6a5fe05ba5303295dabd9878,,,mouse_move,,,,,,,714.0,45.0,1784668243464.0,,
6a5fe05ba5303295dabd9879,,,mouse_move,,,,,,,692.0,45.0,1784668243473.0,,
6a5fe05ba5303295dabd987a,,,mouse_move,,,,,,,675.0,45.0,1784668243481.0,,
6a5fe05ba5303295dabd987b,,,mouse_move,,,,,,,658.0,44.0,1784668243489.0,,
6a5fe05ba5303295dabd987c,,,mouse_move,,,,,,,644.0,39.0,1784668243497.0,,
6a5fe05ba5303295dabd987d,,,mouse_move,,,,,,,632.0,33.0,1784668243505.0,,
6a5fe05ba5303295dabd987e,,,mouse_move,,,,,,,609.0,21.0,1784668243514.0,,
6a5fe05ba5303295dabd987f,,,mouse_move,,,,,,,587.0,7.0,1784668243522.0,,
6a5fe0b5a5303295dabd9880,,,mouse_move,,,,,,,1017.0,22.0,1784668337192.0,,
6a5fe0b5a5303295dabd9881,,,mouse_move,,,,,,,1032.0,210.0,1784668337233.0,,
6a5fe0b5a5303295dabd9882,,,mouse_move,,,,,,,1033.0,274.0,1784668337257.0,,
6a5fe0b5a5303295dabd9883,,,mouse_move,,,,,,,1032.0,287.0,1784668337280.0,,
6a5fe0b5a5303295dabd9884,,,mouse_move,,,,,,,1029.0,290.0,1784668337295.0,,
6a5fe0b5a5303295dabd9885,,,mouse_move,,,,,,,1025.0,294.0,1784668337310.0,,
6a5fe0b5a5303295dabd9886,,,mouse_move,,,,,,,1020.0,297.0,1784668337323.0,,
6a5fe0b5a5303295dabd9887,,,mouse_move,,,,,,,1007.0,307.0,1784668337346.0,,
6a5fe0b5a5303295dabd9888,,,mouse_move,,,,,,,996.0,315.0,1784668337361.0,,
6a5fe0b5a5303295dabd9889,,,mouse_move,,,,,,,984.0,321.0,1784668337381.0,,
6a5fe0b5a5303295dabd988a,,,mouse_move,,,,,,,973.0,325.0,1784668337396.0,,
6a5fe0b5a5303295dabd988b,,,mouse_move,,,,,,,964.0,328.0,1784668337410.0,,
6a5fe0b5a5303295dabd988c,,,mouse_move,,,,,,,952.0,331.0,1784668337422.0,,
6a5fe0b5a5303295dabd988d,,,mouse_move,,,,,,,948.0,332.0,1784668337430.0,,
6a5fe0b5a5303295dabd988e,,,mouse_move,,,,,,,944.0,333.0,1784668337439.0,,
6a5fe0b5a5303295dabd988f,,,mouse_move,,,,,,,938.0,333.0,1784668337446.0,,
6a5fe0b5a5303295dabd9890,,,mouse_move,,,,,,,933.0,334.0,1784668337457.0,,
6a5fe0b5a5303295dabd9891,,,mouse_move,,,,,,,929.0,334.0,1784668337465.0,,
6a5fe0b5a5303295dabd9892,,,mouse_move,,,,,,,924.0,334.0,1784668337472.0,,
6a5fe0b5a5303295dabd9893,,,mouse_move,,,,,,,921.0,334.0,1784668337482.0,,
6a5fe0b5a5303295dabd9894,,,mouse_move,,,,,,,920.0,334.0,1784668337489.0,,
6a5fe0b5a5303295dabd9895,,,mouse_move,,,,,,,919.0,334.0,1784668337498.0,,
6a5fe0b5a5303295dabd9896,,,mouse_move,,,,,,,918.0,334.0,1784668337506.0,,
6a5fe0b5a5303295dabd9897,,,mouse_move,,,,,,,917.0,334.0,1784668337514.0,,
6a5fe0b5a5303295dabd9898,,,mouse_move,,,,,,,916.0,334.0,1784668337522.0,,
6a5fe0b5a5303295dabd9899,,,mouse_move,,,,,,,915.0,334.0,1784668337530.0,,
6a5fe0b5a5303295dabd989a,,,mouse_move,,,,,,,914.0,334.0,1784668337539.0,,
6a5fe0b5a5303295dabd989b,,,mouse_move,,,,,,,912.0,335.0,1784668337547.0,,
6a5fe0b5a5303295dabd989c,,,mouse_move,,,,,,,910.0,336.0,1784668337555.0,,
6a5fe0b5a5303295dabd989d,,,mouse_move,,,,,,,907.0,337.0,1784668337563.0,,
6a5fe0b5a5303295dabd989e,,,mouse_move,,,,,,,901.0,341.0,1784668337573.0,,
6a5fe0b5a5303295dabd989f,,,mouse_move,,,,,,,893.0,345.0,1784668337580.0,,
6a5fe0b5a5303295dabd98a0,,,mouse_move,,,,,,,876.0,354.0,1784668337590.0,,
6a5fe0b5a5303295dabd98a1,,,mouse_move,,,,,,,863.0,362.0,1784668337599.0,,
6a5fe0b5a5303295dabd98a2,,,mouse_move,,,,,,,853.0,367.0,1784668337605.0,,
6a5fe0b5a5303295dabd98a3,,,mouse_move,,,,,,,846.0,373.0,1784668337614.0,,
6a5fe0b5a5303295dabd98a4,,,mouse_move,,,,,,,840.0,377.0,1784668337622.0,,
6a5fe0b5a5303295dabd98a5,,,mouse_move,,,,,,,835.0,378.0,1784668337630.0,,
6a5fe0b5a5303295dabd98a6,,,mouse_move,,,,,,,832.0,380.0,1784668337639.0,,
6a5fe0b5a5303295dabd98a7,,,mouse_move,,,,,,,829.0,382.0,1784668337647.0,,
6a5fe0b5a5303295dabd98a8,,,mouse_move,,,,,,,825.0,382.0,1784668337655.0,,
6a5fe0b5a5303295dabd98a9,,,mouse_move,,,,,,,824.0,383.0,1784668337664.0,,
6a5fe0b5a5303295dabd98aa,,,mouse_move,,,,,,,822.0,384.0,1784668337672.0,,
6a5fe0b5a5303295dabd98ab,,,mouse_move,,,,,,,820.0,385.0,1784668337680.0,,
6a5fe0b5a5303295dabd98ac,,,mouse_move,,,,,,,818.0,387.0,1784668337689.0,,
6a5fe0b5a5303295dabd98ad,,,mouse_move,,,,,,,817.0,387.0,1784668337697.0,,
6a5fe0b5a5303295dabd98ae,,,mouse_move,,,,,,,817.0,388.0,1784668337705.0,,
6a5fe0b5a5303295dabd98af,,,mouse_move,,,,,,,816.0,390.0,1784668337714.0,,
6a5fe0b5a5303295dabd98b0,,,mouse_move,,,,,,,816.0,391.0,1784668337723.0,,
6a5fe0b5a5303295dabd98b1,,,mouse_move,,,,,,,815.0,393.0,1784668337732.0,,
6a5fe0b5a5303295dabd98b2,,,mouse_move,,,,,,,813.0,394.0,1784668337739.0,,
6a5fe0b5a5303295dabd98b3,,,mouse_move,,,,,,,812.0,395.0,1784668337747.0,,
6a5fe0b5a5303295dabd98b4,,,mouse_move,,,,,,,811.0,396.0,1784668337755.0,,
6a5fe0b5a5303295dabd98b5,,,mouse_move,,,,,,,809.0,397.0,1784668337764.0,,
6a5fe0b5a5303295dabd98b6,,,mouse_move,,,,,,,809.0,398.0,1784668337772.0,,
6a5fe0b5a5303295dabd98b7,,,mouse_move,,,,,,,808.0,399.0,1784668337780.0,,
6a5fe0b5a5303295dabd98b8,,,mouse_move,,,,,,,803.0,405.0,1784668337789.0,,
6a5fe0b5a5303295dabd98b9,,,mouse_move,,,,,,,803.0,407.0,1784668337798.0,,
6a5fe0b5a5303295dabd98ba,,,mouse_move,,,,,,,803.0,408.0,1784668337805.0,,
6a5fe0b5a5303295dabd98bb,,,mouse_move,,,,,,,803.0,409.0,1784668337821.0,,
6a5fe0b5a5303295dabd98bc,,,mouse_move,,,,,,,803.0,410.0,1784668337839.0,,
6a5fe0b5a5303295dabd98bd,,,mouse_click,,,,,,,803.0,410.0,1784668338025.0,0.0,
6a5fe0b5a5303295dabd98be,,,mouse_move,,,,,,,802.0,410.0,1784668338038.0,,
6a5fe0b5a5303295dabd98bf,,,mouse_move,,,,,,,801.0,410.0,1784668338063.0,,
6a5fe0b5a5303295dabd98c0,,,mouse_move,,,,,,,802.0,410.0,1784668338166.0,,
6a5fe0b5a5303295dabd98c1,,,mouse_move,,,,,,,805.0,410.0,1784668338176.0,,
6a5fe0b5a5303295dabd98c2,,,mouse_move,,,,,,,807.0,410.0,1784668338183.0,,
6a5fe0b5a5303295dabd98c3,,,mouse_move,,,,,,,812.0,409.0,1784668338191.0,,
6a5fe0b5a5303295dabd98c4,,,mouse_move,,,,,,,821.0,406.0,1784668338199.0,,
6a5fe0b5a5303295dabd98c5,,,mouse_move,,,,,,,831.0,403.0,1784668338207.0,,
6a5fe0b5a5303295dabd98c6,,,mouse_move,,,,,,,842.0,398.0,1784668338213.0,,
6a5fe0b5a5303295dabd98c7,,,mouse_move,,,,,,,860.0,393.0,1784668338222.0,,
6a5fe0b5a5303295dabd98c8,,,mouse_move,,,,,,,879.0,386.0,1784668338230.0,,
6a5fe0b5a5303295dabd98c9,,,mouse_move,,,,,,,896.0,381.0,1784668338238.0,,
6a5fe0b5a5303295dabd98ca,,,mouse_move,,,,,,,924.0,371.0,1784668338246.0,,
6a5fe0b5a5303295dabd98cb,,,mouse_move,,,,,,,938.0,367.0,1784668338255.0,,
6a5fe0b5a5303295dabd98cc,,,mouse_move,,,,,,,957.0,361.0,1784668338264.0,,
6a5fe0b5a5303295dabd98cd,,,mouse_move,,,,,,,985.0,351.0,1784668338273.0,,
6a5fe0b5a5303295dabd98ce,,,mouse_move,,,,,,,1001.0,346.0,1784668338280.0,,
6a5fe0b5a5303295dabd98cf,,,mouse_move,,,,,,,1015.0,341.0,1784668338288.0,,
6a5fe0b5a5303295dabd98d0,,,mouse_move,,,,,,,1028.0,338.0,1784668338298.0,,
6a5fe0b5a5303295dabd98d1,,,mouse_move,,,,,,,1035.0,336.0,1784668338304.0,,
6a5fe0b5a5303295dabd98d2,,,mouse_move,,,,,,,1040.0,335.0,1784668338314.0,,
6a5fe0b5a5303295dabd98d3,,,mouse_move,,,,,,,1042.0,334.0,1784668338321.0,,
6a5fe0b5a5303295dabd98d4,,,mouse_move,,,,,,,1044.0,334.0,1784668338330.0,,
6a5fe0b5a5303295dabd98d5,,,mouse_move,,,,,,,1043.0,333.0,1784668338374.0,,
6a5fe0b5a5303295dabd98d6,,,mouse_move,,,,,,,1041.0,333.0,1784668338381.0,,
6a5fe0b5a5303295dabd98d7,,,mouse_move,,,,,,,1040.0,333.0,1784668338389.0,,
6a5fe0b5a5303295dabd98d8,,,mouse_move,,,,,,,1039.0,333.0,1784668338396.0,,
6a5fe0b5a5303295dabd98d9,,,mouse_move,,,,,,,1038.0,332.0,1784668338405.0,,
6a5fe0b5a5303295dabd98da,,,mouse_move,,,,,,,1037.0,331.0,1784668338413.0,,
6a5fe0b5a5303295dabd98db,,,mouse_move,,,,,,,1035.0,331.0,1784668338422.0,,
6a5fe0b5a5303295dabd98dc,,,mouse_move,,,,,,,1035.0,330.0,1784668338437.0,,
6a5fe0b5a5303295dabd98dd,,,mouse_move,,,,,,,1034.0,330.0,1784668338444.0,,
6a5fe0b5a5303295dabd98de,,,mouse_move,,,,,,,1033.0,330.0,1784668338613.0,,
6a5fe0b5a5303295dabd98df,,,mouse_move,,,,,,,1032.0,330.0,1784668338638.0,,
6a5fe0b5a5303295dabd98e0,,,mouse_move,,,,,,,1032.0,329.0,1784668338758.0,,
6a5fe0b5a5303295dabd98e1,,,mouse_move,,,,,,,1032.0,328.0,1784668338933.0,,
6a5fe0b5a5303295dabd98e2,,,mouse_move,,,,,,,1032.0,327.0,1784668338942.0,,
6a5fe0b5a5303295dabd98e3,,,mouse_move,,,,,,,1031.0,327.0,1784668338946.0,,
6a5fe0b5a5303295dabd98e4,,,mouse_move,,,,,,,1031.0,326.0,1784668338954.0,,
6a5fe0b5a5303295dabd98e5,,,mouse_move,,,,,,,1031.0,325.0,1784668338965.0,,
6a5fe0b5a5303295dabd98e6,,,mouse_move,,,,,,,1031.0,324.0,1784668338973.0,,
6a5fe0b5a5303295dabd98e7,,,mouse_move,,,,,,,1031.0,323.0,1784668339005.0,,
6a5fe0b5a5303295dabd98e8,,,mouse_move,,,,,,,1030.0,323.0,1784668339021.0,,
6a5fe0b5a5303295dabd98e9,,,mouse_move,,,,,,,1030.0,322.0,1784668339036.0,,
6a5fe0b5a5303295dabd98ea,,,mouse_move,,,,,,,1030.0,321.0,1784668339366.0,,
6a5fe0b5a5303295dabd98eb,,,mouse_move,,,,,,,1030.0,320.0,1784668339485.0,,
6a5fe0b5a5303295dabd98ec,,,mouse_move,,,,,,,1031.0,320.0,1784668340533.0,,
6a5fe0b5a5303295dabd98ed,,,mouse_move,,,,,,,1032.0,320.0,1784668340565.0,,
6a5fe0b5a5303295dabd98ee,,,mouse_move,,,,,,,1033.0,320.0,1784668340572.0,,
6a5fe0b5a5303295dabd98ef,,,mouse_move,,,,,,,1033.0,319.0,1784668340581.0,,
6a5fe0b5a5303295dabd98f0,,,mouse_move,,,,,,,1034.0,319.0,1784668340614.0,,
6a5fe0bfa5303295dabd98f1,,,mouse_move,,,,,,,1034.0,318.0,1784668341091.0,,
6a5fe0bfa5303295dabd98f2,,,mouse_move,,,,,,,1035.0,318.0,1784668341097.0,,
6a5fe0bfa5303295dabd98f3,,,mouse_move,,,,,,,1038.0,315.0,1784668341106.0,,
6a5fe0bfa5303295dabd98f4,,,mouse_move,,,,,,,1039.0,314.0,1784668341113.0,,
6a5fe0bfa5303295dabd98f5,,,mouse_move,,,,,,,1040.0,314.0,1784668341122.0,,
6a5fe0bfa5303295dabd98f6,,,mouse_move,,,,,,,1040.0,313.0,1784668341134.0,,
6a5fe0bfa5303295dabd98f7,,,mouse_move,,,,,,,1040.0,312.0,1784668341621.0,,
6a5fe0bfa5303295dabd98f8,,,mouse_move,,,,,,,1040.0,311.0,1784668341624.0,,
6a5fe0bfa5303295dabd98f9,,,mouse_move,,,,,,,1040.0,310.0,1784668342009.0,,
6a5fe0bfa5303295dabd98fa,,,mouse_move,,,,,,,1039.0,311.0,1784668342247.0,,
6a5fe0bfa5303295dabd98fb,,,mouse_move,,,,,,,1039.0,312.0,1784668342272.0,,
6a5fe0bfa5303295dabd98fc,,,mouse_move,,,,,,,1038.0,312.0,1784668342295.0,,
6a5fe0bfa5303295dabd98fd,,,mouse_move,,,,,,,1036.0,313.0,1784668342359.0,,
6a5fe0bfa5303295dabd98fe,,,mouse_move,,,,,,,1035.0,314.0,1784668342365.0,,
6a5fe0bfa5303295dabd98ff,,,mouse_move,,,,,,,1034.0,314.0,1784668342373.0,,
6a5fe0bfa5303295dabd9900,,,mouse_move,,,,,,,1032.0,314.0,1784668342381.0,,
6a5fe0bfa5303295dabd9901,,,mouse_move,,,,,,,1030.0,315.0,1784668342390.0,,
6a5fe0bfa5303295dabd9902,,,mouse_move,,,,,,,1028.0,316.0,1784668342396.0,,
6a5fe0bfa5303295dabd9903,,,mouse_move,,,,,,,1025.0,317.0,1784668342405.0,,
6a5fe0bfa5303295dabd9904,,,mouse_move,,,,,,,1020.0,319.0,1784668342413.0,,
6a5fe0bfa5303295dabd9905,,,mouse_move,,,,,,,1015.0,321.0,1784668342421.0,,
6a5fe0bfa5303295dabd9906,,,mouse_move,,,,,,,1009.0,323.0,1784668342431.0,,
6a5fe0bfa5303295dabd9907,,,mouse_move,,,,,,,999.0,325.0,1784668342438.0,,
6a5fe0bfa5303295dabd9908,,,mouse_move,,,,,,,992.0,328.0,1784668342445.0,,
6a5fe0bfa5303295dabd9909,,,mouse_move,,,,,,,987.0,328.0,1784668342453.0,,
6a5fe0bfa5303295dabd990a,,,mouse_move,,,,,,,982.0,330.0,1784668342464.0,,
6a5fe0bfa5303295dabd990b,,,mouse_move,,,,,,,980.0,330.0,1784668342470.0,,
6a5fe0bfa5303295dabd990c,,,mouse_move,,,,,,,979.0,331.0,1784668342529.0,,
6a5fe0bfa5303295dabd990d,,,mouse_move,,,,,,,977.0,334.0,1784668342541.0,,
6a5fe0bfa5303295dabd990e,,,mouse_move,,,,,,,976.0,337.0,1784668342549.0,,
6a5fe0bfa5303295dabd990f,,,mouse_move,,,,,,,974.0,339.0,1784668342562.0,,
6a5fe0bfa5303295dabd9910,,,mouse_move,,,,,,,971.0,346.0,1784668342578.0,,
6a5fe0bfa5303295dabd9911,,,mouse_move,,,,,,,967.0,352.0,1784668342591.0,,
6a5fe0bfa5303295dabd9912,,,mouse_move,,,,,,,967.0,353.0,1784668342603.0,,
6a5fe0bfa5303295dabd9913,,,mouse_move,,,,,,,966.0,353.0,1784668342611.0,,
6a5fe0bfa5303295dabd9914,,,mouse_move,,,,,,,966.0,355.0,1784668342678.0,,
6a5fe0bfa5303295dabd9915,,,mouse_move,,,,,,,968.0,359.0,1784668342686.0,,
6a5fe0bfa5303295dabd9916,,,mouse_move,,,,,,,972.0,363.0,1784668342695.0,,
6a5fe0bfa5303295dabd9917,,,mouse_move,,,,,,,979.0,368.0,1784668342704.0,,
6a5fe0bfa5303295dabd9918,,,mouse_move,,,,,,,1011.0,383.0,1784668342720.0,,
6a5fe0bfa5303295dabd9919,,,mouse_move,,,,,,,1092.0,405.0,1784668342733.0,,
6a5fe0bfa5303295dabd991a,,,mouse_move,,,,,,,1209.0,424.0,1784668342749.0,,
6a5fe0bfa5303295dabd991b,,,mouse_move,,,,,,,1272.0,428.0,1784668342758.0,,
6a5fe0bfa5303295dabd991c,,,mouse_move,,,,,,,1386.0,430.0,1784668342775.0,,
6a5fe0bfa5303295dabd991d,,,mouse_move,,,,,,,1416.0,431.0,1784668342784.0,,
6a5fe0bfa5303295dabd991e,,,mouse_move,,,,,,,1449.0,431.0,1784668342792.0,,
6a5fe0bfa5303295dabd991f,,,mouse_move,,,,,,,1465.0,435.0,1784668342800.0,,
6a5fe0bfa5303295dabd9920,,,mouse_move,,,,,,,1472.0,437.0,1784668342808.0,,
6a5fe0bfa5303295dabd9921,,,mouse_move,,,,,,,1474.0,438.0,1784668342816.0,,
6a5fe0bfa5303295dabd9922,,,mouse_move,,,,,,,1473.0,438.0,1784668342858.0,,
6a5fe0bfa5303295dabd9923,,,mouse_move,,,,,,,1472.0,438.0,1784668342866.0,,
6a5fe0bfa5303295dabd9924,,,mouse_move,,,,,,,1471.0,438.0,1784668342875.0,,
6a5fe0bfa5303295dabd9925,,,mouse_move,,,,,,,1470.0,438.0,1784668342892.0,,
6a5fe0bfa5303295dabd9926,,,mouse_move,,,,,,,1469.0,438.0,1784668342927.0,,
6a5fe0bfa5303295dabd9927,,,mouse_move,,,,,,,1467.0,438.0,1784668342943.0,,
6a5fe0bfa5303295dabd9928,,,mouse_move,,,,,,,1463.0,440.0,1784668342958.0,,
6a5fe0bfa5303295dabd9929,,,mouse_move,,,,,,,1459.0,442.0,1784668342974.0,,
6a5fe0bfa5303295dabd992a,,,mouse_move,,,,,,,1456.0,444.0,1784668342989.0,,
6a5fe0bfa5303295dabd992b,,,mouse_move,,,,,,,1455.0,445.0,1784668343006.0,,
6a5fe0bfa5303295dabd992c,,,mouse_move,,,,,,,1453.0,445.0,1784668343019.0,,
6a5fe0bfa5303295dabd992d,,,mouse_move,,,,,,,1451.0,446.0,1784668343033.0,,
6a5fe0bfa5303295dabd992e,,,mouse_move,,,,,,,1448.0,446.0,1784668343075.0,,
6a5fe0bfa5303295dabd992f,,,mouse_move,,,,,,,1440.0,439.0,1784668343096.0,,
6a5fe0bfa5303295dabd9930,,,mouse_move,,,,,,,1436.0,437.0,1784668343103.0,,
6a5fe0bfa5303295dabd9931,,,mouse_move,,,,,,,1432.0,435.0,1784668343111.0,,
6a5fe0bfa5303295dabd9932,,,mouse_move,,,,,,,1429.0,435.0,1784668343120.0,,
6a5fe0bfa5303295dabd9933,,,mouse_move,,,,,,,1425.0,435.0,1784668343129.0,,
6a5fe0bfa5303295dabd9934,,,mouse_move,,,,,,,1422.0,435.0,1784668343138.0,,
6a5fe0bfa5303295dabd9935,,,mouse_move,,,,,,,1417.0,441.0,1784668343146.0,,
6a5fe0bfa5303295dabd9936,,,mouse_move,,,,,,,1415.0,447.0,1784668343153.0,,
6a5fe0bfa5303295dabd9937,,,mouse_move,,,,,,,1413.0,452.0,1784668343162.0,,
6a5fe0bfa5303295dabd9938,,,mouse_move,,,,,,,1413.0,455.0,1784668343170.0,,
6a5fe0bfa5303295dabd9939,,,mouse_move,,,,,,,1413.0,456.0,1784668343186.0,,
6a5fe0bfa5303295dabd993a,,,mouse_move,,,,,,,1412.0,456.0,1784668343237.0,,
6a5fe0bfa5303295dabd993b,,,mouse_move,,,,,,,1410.0,456.0,1784668343270.0,,
6a5fe0bfa5303295dabd993c,,,mouse_move,,,,,,,1409.0,456.0,1784668343278.0,,
6a5fe0bfa5303295dabd993d,,,mouse_move,,,,,,,1408.0,456.0,1784668343312.0,,
6a5fe0bfa5303295dabd993e,,,mouse_move,,,,,,,1407.0,456.0,1784668343328.0,,
6a5fe0bfa5303295dabd993f,,,mouse_move,,,,,,,1405.0,456.0,1784668343346.0,,
6a5fe0bfa5303295dabd9940,,,mouse_move,,,,,,,1403.0,456.0,1784668343379.0,,
6a5fe0bfa5303295dabd9941,,,mouse_move,,,,,,,1402.0,456.0,1784668343395.0,,
6a5fe0bfa5303295dabd9942,,,mouse_move,,,,,,,1401.0,455.0,1784668343429.0,,
6a5fe0bfa5303295dabd9943,,,mouse_move,,,,,,,1400.0,453.0,1784668343462.0,,
6a5fe0bfa5303295dabd9944,,,mouse_move,,,,,,,1399.0,452.0,1784668343487.0,,
6a5fe0bfa5303295dabd9945,,,mouse_move,,,,,,,1398.0,451.0,1784668343495.0,,
6a5fe0bfa5303295dabd9946,,,mouse_move,,,,,,,1398.0,450.0,1784668343504.0,,
6a5fe0bfa5303295dabd9947,,,mouse_move,,,,,,,1397.0,449.0,1784668343536.0,,
6a5fe0bfa5303295dabd9948,,,mouse_move,,,,,,,1397.0,448.0,1784668343554.0,,
6a5fe0bfa5303295dabd9949,,,mouse_move,,,,,,,1396.0,448.0,1784668343562.0,,
6a5fe0bfa5303295dabd994a,,,mouse_move,,,,,,,1396.0,447.0,1784668343811.0,,
6a5fe0bfa5303295dabd994b,,,mouse_move,,,,,,,1396.0,446.0,1784668343829.0,,
6a5fe0bfa5303295dabd994c,,,mouse_move,,,,,,,1395.0,446.0,1784668343837.0,,
6a5fe0bfa5303295dabd994d,,,mouse_move,,,,,,,1394.0,445.0,1784668343855.0,,
6a5fe0bfa5303295dabd994e,,,mouse_move,,,,,,,1394.0,444.0,1784668343869.0,,
6a5fe0bfa5303295dabd994f,,,mouse_move,,,,,,,1393.0,444.0,1784668344129.0,,
6a5fe0bfa5303295dabd9950,,,mouse_move,,,,,,,1392.0,444.0,1784668344392.0,,
6a5fe0bfa5303295dabd9951,,,mouse_move,,,,,,,1391.0,444.0,1784668344434.0,,
6a5fe0bfa5303295dabd9952,,,mouse_move,,,,,,,1390.0,444.0,1784668344451.0,,
6a5fe0bfa5303295dabd9953,,,mouse_move,,,,,,,1390.0,443.0,1784668344468.0,,
6a5fe0bfa5303295dabd9954,,,mouse_move,,,,,,,1390.0,442.0,1784668344484.0,,
6a5fe0bfa5303295dabd9955,,,mouse_move,,,,,,,1389.0,441.0,1784668344526.0,,
6a5fe0bfa5303295dabd9956,,,mouse_move,,,,,,,1389.0,440.0,1784668344596.0,,
6a5fe0bfa5303295dabd9957,,,mouse_move,,,,,,,1389.0,439.0,1784668344604.0,,
6a5fe0bfa5303295dabd9958,,,mouse_move,,,,,,,1388.0,439.0,1784668344613.0,,
6a5fe0bfa5303295dabd9959,,,mouse_move,,,,,,,1388.0,438.0,1784668344621.0,,
6a5fe0bfa5303295dabd995a,,,mouse_move,,,,,,,1387.0,437.0,1784668344629.0,,
6a5fe0bfa5303295dabd995b,,,mouse_move,,,,,,,1386.0,437.0,1784668344637.0,,
6a5fe0bfa5303295dabd995c,,,mouse_move,,,,,,,1385.0,437.0,1784668344644.0,,
6a5fe0bfa5303295dabd995d,,,mouse_move,,,,,,,1384.0,436.0,1784668344652.0,,
6a5fe0bfa5303295dabd995e,,,mouse_move,,,,,,,1381.0,435.0,1784668344660.0,,
6a5fe0bfa5303295dabd995f,,,mouse_move,,,,,,,1378.0,434.0,1784668344669.0,,
6a5fe0bfa5303295dabd9960,,,mouse_move,,,,,,,1374.0,434.0,1784668344677.0,,
6a5fe0bfa5303295dabd9961,,,mouse_move,,,,,,,1370.0,433.0,1784668344685.0,,
6a5fe0bfa5303295dabd9962,,,mouse_move,,,,,,,1365.0,433.0,1784668344693.0,,
6a5fe0bfa5303295dabd9963,,,mouse_move,,,,,,,1359.0,433.0,1784668344702.0,,
6a5fe0bfa5303295dabd9964,,,mouse_move,,,,,,,1355.0,433.0,1784668344710.0,,
6a5fe0bfa5303295dabd9965,,,mouse_move,,,,,,,1349.0,433.0,1784668344718.0,,
6a5fe0bfa5303295dabd9966,,,mouse_move,,,,,,,1341.0,433.0,1784668344725.0,,
6a5fe0bfa5303295dabd9967,,,mouse_move,,,,,,,1335.0,433.0,1784668344734.0,,
6a5fe0bfa5303295dabd9968,,,mouse_move,,,,,,,1317.0,433.0,1784668344743.0,,
6a5fe0bfa5303295dabd9969,,,mouse_move,,,,,,,1302.0,433.0,1784668344752.0,,
6a5fe0bfa5303295dabd996a,,,mouse_move,,,,,,,1289.0,433.0,1784668344759.0,,
6a5fe0bfa5303295dabd996b,,,mouse_move,,,,,,,1275.0,434.0,1784668344768.0,,
6a5fe0bfa5303295dabd996c,,,mouse_move,,,,,,,1258.0,436.0,1784668344776.0,,
6a5fe0bfa5303295dabd996d,,,mouse_move,,,,,,,1230.0,439.0,1784668344785.0,,
6a5fe0bfa5303295dabd996e,,,mouse_move,,,,,,,1210.0,441.0,1784668344792.0,,
6a5fe0bfa5303295dabd996f,,,mouse_move,,,,,,,1190.0,442.0,1784668344801.0,,
6a5fe0bfa5303295dabd9970,,,mouse_move,,,,,,,1157.0,444.0,1784668344809.0,,
6a5fe0bfa5303295dabd9971,,,mouse_move,,,,,,,1135.0,444.0,1784668344818.0,,
6a5fe0bfa5303295dabd9972,,,mouse_move,,,,,,,1103.0,444.0,1784668344827.0,,
6a5fe0bfa5303295dabd9973,,,mouse_move,,,,,,,1081.0,444.0,1784668344835.0,,
6a5fe0bfa5303295dabd9974,,,mouse_move,,,,,,,1059.0,444.0,1784668344844.0,,
6a5fe0bfa5303295dabd9975,,,mouse_move,,,,,,,1032.0,444.0,1784668344852.0,,
6a5fe0bfa5303295dabd9976,,,mouse_move,,,,,,,1014.0,442.0,1784668344860.0,,
6a5fe0bfa5303295dabd9977,,,mouse_move,,,,,,,999.0,440.0,1784668344869.0,,
6a5fe0bfa5303295dabd9978,,,mouse_move,,,,,,,961.0,433.0,1784668344877.0,,
6a5fe0bfa5303295dabd9979,,,mouse_move,,,,,,,947.0,432.0,1784668344886.0,,
6a5fe0bfa5303295dabd997a,,,mouse_move,,,,,,,932.0,431.0,1784668344893.0,,
6a5fe0bfa5303295dabd997b,,,mouse_move,,,,,,,913.0,428.0,1784668344902.0,,
6a5fe0bfa5303295dabd997c,,,mouse_move,,,,,,,900.0,427.0,1784668344910.0,,
6a5fe0bfa5303295dabd997d,,,mouse_move,,,,,,,888.0,426.0,1784668344918.0,,
6a5fe0bfa5303295dabd997e,,,mouse_move,,,,,,,876.0,424.0,1784668344926.0,,
6a5fe0bfa5303295dabd997f,,,mouse_move,,,,,,,871.0,423.0,1784668344935.0,,
6a5fe0bfa5303295dabd9980,,,mouse_move,,,,,,,866.0,421.0,1784668344943.0,,
6a5fe0bfa5303295dabd9981,,,mouse_move,,,,,,,861.0,420.0,1784668344951.0,,
6a5fe0bfa5303295dabd9982,,,mouse_move,,,,,,,858.0,419.0,1784668344959.0,,
6a5fe0bfa5303295dabd9983,,,mouse_move,,,,,,,855.0,419.0,1784668344968.0,,
6a5fe0bfa5303295dabd9984,,,mouse_move,,,,,,,854.0,419.0,1784668344976.0,,
6a5fe0bfa5303295dabd9985,,,mouse_move,,,,,,,852.0,419.0,1784668344984.0,,
6a5fe0bfa5303295dabd9986,,,mouse_move,,,,,,,850.0,419.0,1784668344994.0,,
6a5fe0bfa5303295dabd9987,,,mouse_move,,,,,,,847.0,419.0,1784668345002.0,,
6a5fe0bfa5303295dabd9988,,,mouse_move,,,,,,,845.0,419.0,1784668345010.0,,
6a5fe0bfa5303295dabd9989,,,mouse_move,,,,,,,842.0,419.0,1784668345018.0,,
6a5fe0bfa5303295dabd998a,,,mouse_move,,,,,,,840.0,419.0,1784668345026.0,,
6a5fe0bfa5303295dabd998b,,,mouse_move,,,,,,,837.0,419.0,1784668345034.0,,
6a5fe0bfa5303295dabd998c,,,mouse_move,,,,,,,835.0,419.0,1784668345044.0,,
6a5fe0bfa5303295dabd998d,,,mouse_move,,,,,,,832.0,419.0,1784668345052.0,,
6a5fe0bfa5303295dabd998e,,,mouse_move,,,,,,,829.0,419.0,1784668345060.0,,
6a5fe0bfa5303295dabd998f,,,mouse_move,,,,,,,826.0,419.0,1784668345068.0,,
6a5fe0bfa5303295dabd9990,,,mouse_move,,,,,,,820.0,419.0,1784668345077.0,,
6a5fe0bfa5303295dabd9991,,,mouse_move,,,,,,,810.0,420.0,1784668345086.0,,
6a5fe0bfa5303295dabd9992,,,mouse_move,,,,,,,804.0,420.0,1784668345093.0,,
6a5fe0bfa5303295dabd9993,,,mouse_move,,,,,,,793.0,423.0,1784668345102.0,,
6a5fe0bfa5303295dabd9994,,,mouse_move,,,,,,,785.0,423.0,1784668345110.0,,
6a5fe0bfa5303295dabd9995,,,mouse_move,,,,,,,773.0,424.0,1784668345118.0,,
6a5fe0bfa5303295dabd9996,,,mouse_move,,,,,,,760.0,424.0,1784668345126.0,,
6a5fe0bfa5303295dabd9997,,,mouse_move,,,,,,,746.0,424.0,1784668345135.0,,
6a5fe0bfa5303295dabd9998,,,mouse_move,,,,,,,729.0,421.0,1784668345143.0,,
6a5fe0bfa5303295dabd9999,,,mouse_move,,,,,,,703.0,410.0,1784668345152.0,,
6a5fe0bfa5303295dabd999a,,,mouse_move,,,,,,,680.0,397.0,1784668345160.0,,
6a5fe0bfa5303295dabd999b,,,mouse_move,,,,,,,650.0,376.0,1784668345168.0,,
6a5fe0bfa5303295dabd999c,,,mouse_move,,,,,,,608.0,338.0,1784668345176.0,,
6a5fe0bfa5303295dabd999d,,,mouse_move,,,,,,,562.0,290.0,1784668345185.0,,
6a5fe0bfa5303295dabd999e,,,mouse_move,,,,,,,522.0,246.0,1784668345193.0,,
6a5fe0bfa5303295dabd999f,,,mouse_move,,,,,,,481.0,199.0,1784668345201.0,,
6a5fe0bfa5303295dabd99a0,,,mouse_move,,,,,,,433.0,149.0,1784668345209.0,,
6a5fe0bfa5303295dabd99a1,,,mouse_move,,,,,,,379.0,93.0,1784668345218.0,,
6a5fe0bfa5303295dabd99a2,,,mouse_move,,,,,,,335.0,52.0,1784668345227.0,,
6a5fe0bfa5303295dabd99a3,,,mouse_move,,,,,,,286.0,16.0,1784668345234.0,,
6a5fe105a5303295dabd99ac,,,mouse_move,,,,,,,959.0,22.0,1784668415882.0,,
6a5fe105a5303295dabd99ad,,,mouse_move,,,,,,,914.0,45.0,1784668415895.0,,
6a5fe105a5303295dabd99ae,,,mouse_move,,,,,,,851.0,67.0,1784668415913.0,,
6a5fe105a5303295dabd99af,,,mouse_move,,,,,,,777.0,80.0,1784668415926.0,,
6a5fe105a5303295dabd99b0,,,mouse_move,,,,,,,709.0,81.0,1784668415941.0,,
6a5fe105a5303295dabd99b1,,,mouse_move,,,,,,,681.0,81.0,1784668415956.0,,
6a5fe105a5303295dabd99b2,,,mouse_move,,,,,,,627.0,69.0,1784668415977.0,,
6a5fe105a5303295dabd99b3,,,mouse_move,,,,,,,616.0,63.0,1784668415992.0,,
6a5fe105a5303295dabd99b4,,,mouse_move,,,,,,,612.0,60.0,1784668416009.0,,
6a5fe105a5303295dabd99b5,,,mouse_move,,,,,,,606.0,58.0,1784668416027.0,,
6a5fe105a5303295dabd99b6,,,mouse_move,,,,,,,582.0,58.0,1784668416045.0,,
6a5fe105a5303295dabd99b7,,,mouse_move,,,,,,,547.0,64.0,1784668416062.0,,
6a5fe105a5303295dabd99b8,,,mouse_move,,,,,,,526.0,76.0,1784668416077.0,,
6a5fe105a5303295dabd99b9,,,mouse_move,,,,,,,524.0,92.0,1784668416092.0,,
6a5fe105a5303295dabd99ba,,,mouse_move,,,,,,,522.0,103.0,1784668416101.0,,
6a5fe105a5303295dabd99bb,,,mouse_move,,,,,,,520.0,114.0,1784668416110.0,,
6a5fe105a5303295dabd99bc,,,mouse_move,,,,,,,517.0,126.0,1784668416117.0,,
6a5fe105a5303295dabd99bd,,,mouse_move,,,,,,,514.0,138.0,1784668416126.0,,
6a5fe105a5303295dabd99be,,,mouse_move,,,,,,,512.0,148.0,1784668416135.0,,
6a5fe105a5303295dabd99bf,,,mouse_move,,,,,,,510.0,155.0,1784668416142.0,,
6a5fe105a5303295dabd99c0,,,mouse_move,,,,,,,507.0,161.0,1784668416151.0,,
6a5fe105a5303295dabd99c1,,,mouse_move,,,,,,,504.0,166.0,1784668416159.0,,
6a5fe105a5303295dabd99c2,,,mouse_move,,,,,,,502.0,170.0,1784668416167.0,,
6a5fe105a5303295dabd99c3,,,mouse_move,,,,,,,499.0,176.0,1784668416176.0,,
6a5fe105a5303295dabd99c4,,,mouse_move,,,,,,,497.0,179.0,1784668416184.0,,
6a5fe105a5303295dabd99c5,,,mouse_move,,,,,,,497.0,182.0,1784668416192.0,,
6a5fe105a5303295dabd99c6,,,mouse_move,,,,,,,497.0,186.0,1784668416201.0,,
6a5fe105a5303295dabd99c7,,,mouse_move,,,,,,,497.0,190.0,1784668416210.0,,
6a5fe105a5303295dabd99c8,,,mouse_move,,,,,,,497.0,193.0,1784668416218.0,,
6a5fe105a5303295dabd99c9,,,mouse_move,,,,,,,497.0,197.0,1784668416227.0,,
6a5fe105a5303295dabd99ca,,,mouse_move,,,,,,,498.0,202.0,1784668416236.0,,
6a5fe105a5303295dabd99cb,,,mouse_move,,,,,,,498.0,206.0,1784668416242.0,,
6a5fe105a5303295dabd99cc,,,mouse_move,,,,,,,498.0,210.0,1784668416251.0,,
6a5fe105a5303295dabd99cd,,,mouse_move,,,,,,,499.0,215.0,1784668416260.0,,
6a5fe105a5303295dabd99ce,,,mouse_move,,,,,,,501.0,218.0,1784668416268.0,,
6a5fe105a5303295dabd99cf,,,mouse_move,,,,,,,508.0,229.0,1784668416276.0,,
6a5fe105a5303295dabd99d0,,,mouse_move,,,,,,,523.0,242.0,1784668416286.0,,
6a5fe105a5303295dabd99d1,,,mouse_move,,,,,,,530.0,248.0,1784668416292.0,,
6a5fe105a5303295dabd99d2,,,mouse_move,,,,,,,543.0,255.0,1784668416301.0,,
6a5fe105a5303295dabd99d3,,,mouse_move,,,,,,,565.0,264.0,1784668416310.0,,
6a5fe105a5303295dabd99d4,,,mouse_move,,,,,,,582.0,269.0,1784668416318.0,,
6a5fe105a5303295dabd99d5,,,mouse_move,,,,,,,597.0,275.0,1784668416326.0,,
6a5fe105a5303295dabd99d6,,,mouse_move,,,,,,,615.0,284.0,1784668416334.0,,
6a5fe105a5303295dabd99d7,,,mouse_move,,,,,,,625.0,291.0,1784668416344.0,,
6a5fe105a5303295dabd99d8,,,mouse_move,,,,,,,635.0,300.0,1784668416351.0,,
6a5fe105a5303295dabd99d9,,,mouse_move,,,,,,,647.0,312.0,1784668416361.0,,
6a5fe105a5303295dabd99da,,,mouse_move,,,,,,,659.0,329.0,1784668416368.0,,
6a5fe105a5303295dabd99db,,,mouse_move,,,,,,,668.0,343.0,1784668416376.0,,
6a5fe105a5303295dabd99dc,,,mouse_move,,,,,,,675.0,356.0,1784668416385.0,,
6a5fe105a5303295dabd99dd,,,mouse_move,,,,,,,682.0,369.0,1784668416393.0,,
6a5fe105a5303295dabd99de,,,mouse_move,,,,,,,686.0,377.0,1784668416401.0,,
6a5fe105a5303295dabd99df,,,mouse_move,,,,,,,690.0,384.0,1784668416409.0,,
6a5fe105a5303295dabd99e0,,,mouse_move,,,,,,,690.0,389.0,1784668416418.0,,
6a5fe105a5303295dabd99e1,,,mouse_move,,,,,,,692.0,396.0,1784668416426.0,,
6a5fe105a5303295dabd99e2,,,mouse_move,,,,,,,693.0,401.0,1784668416434.0,,
6a5fe105a5303295dabd99e3,,,mouse_move,,,,,,,694.0,407.0,1784668416443.0,,
6a5fe105a5303295dabd99e4,,,mouse_move,,,,,,,696.0,413.0,1784668416451.0,,
6a5fe105a5303295dabd99e5,,,mouse_move,,,,,,,698.0,420.0,1784668416459.0,,
6a5fe105a5303295dabd99e6,,,mouse_move,,,,,,,699.0,424.0,1784668416468.0,,
6a5fe105a5303295dabd99e7,,,mouse_move,,,,,,,701.0,427.0,1784668416476.0,,
6a5fe105a5303295dabd99e8,,,mouse_move,,,,,,,702.0,431.0,1784668416486.0,,
6a5fe105a5303295dabd99e9,,,mouse_move,,,,,,,703.0,431.0,1784668416492.0,,
6a5fe105a5303295dabd99ea,,,mouse_move,,,,,,,703.0,430.0,1784668416525.0,,
6a5fe105a5303295dabd99eb,,,mouse_move,,,,,,,703.0,428.0,1784668416535.0,,
6a5fe105a5303295dabd99ec,,,mouse_move,,,,,,,703.0,427.0,1784668416543.0,,
6a5fe105a5303295dabd99ed,,,mouse_move,,,,,,,703.0,426.0,1784668416551.0,,
6a5fe105a5303295dabd99ee,,,mouse_move,,,,,,,703.0,425.0,1784668416560.0,,
6a5fe105a5303295dabd99ef,,,mouse_move,,,,,,,702.0,425.0,1784668416684.0,,
6a5fe105a5303295dabd99f0,,,mouse_click,,,,,,,702.0,425.0,1784668416805.0,0.0,
6a5fe105a5303295dabd99f1,,,mouse_move,,,,,,,702.0,425.0,1784668416806.0,,
6a5fe105a5303295dabd99f2,,,mouse_move,,,,,,,702.0,426.0,1784668417960.0,,
6a5fe105a5303295dabd99f3,,,mouse_move,,,,,,,703.0,428.0,1784668417968.0,,
6a5fe105a5303295dabd99f4,,,mouse_move,,,,,,,704.0,430.0,1784668417977.0,,
6a5fe105a5303295dabd99f5,,,mouse_move,,,,,,,705.0,432.0,1784668417985.0,,
6a5fe105a5303295dabd99f6,,,mouse_move,,,,,,,707.0,435.0,1784668417994.0,,
6a5fe105a5303295dabd99f7,,,mouse_move,,,,,,,708.0,438.0,1784668418001.0,,
6a5fe105a5303295dabd99f8,,,mouse_move,,,,,,,708.0,440.0,1784668418011.0,,
6a5fe105a5303295dabd99f9,,,mouse_move,,,,,,,708.0,442.0,1784668418018.0,,
6a5fe105a5303295dabd99fa,,,mouse_move,,,,,,,708.0,445.0,1784668418027.0,,
6a5fe105a5303295dabd99fb,,,mouse_move,,,,,,,710.0,448.0,1784668418035.0,,
6a5fe105a5303295dabd99fc,,,mouse_move,,,,,,,711.0,454.0,1784668418043.0,,
6a5fe105a5303295dabd99fd,,,mouse_move,,,,,,,712.0,458.0,1784668418052.0,,
6a5fe105a5303295dabd99fe,,,mouse_move,,,,,,,713.0,467.0,1784668418060.0,,
6a5fe105a5303295dabd99ff,,,mouse_move,,,,,,,713.0,470.0,1784668418068.0,,
6a5fe105a5303295dabd9a00,,,mouse_move,,,,,,,713.0,473.0,1784668418076.0,,
6a5fe105a5303295dabd9a01,,,mouse_move,,,,,,,713.0,475.0,1784668418085.0,,
6a5fe105a5303295dabd9a02,,,mouse_move,,,,,,,713.0,476.0,1784668418093.0,,
6a5fe105a5303295dabd9a03,,,mouse_move,,,,,,,713.0,477.0,1784668418101.0,,
6a5fe105a5303295dabd9a04,,,mouse_move,,,,,,,713.0,478.0,1784668418116.0,,
6a5fe105a5303295dabd9a05,,,mouse_move,,,,,,,713.0,479.0,1784668418124.0,,
6a5fe105a5303295dabd9a06,,,mouse_move,,,,,,,712.0,480.0,1784668418133.0,,
6a5fe105a5303295dabd9a07,,,mouse_move,,,,,,,710.0,481.0,1784668418141.0,,
6a5fe105a5303295dabd9a08,,,mouse_move,,,,,,,710.0,482.0,1784668418152.0,,
6a5fe105a5303295dabd9a09,,,mouse_move,,,,,,,709.0,483.0,1784668418248.0,,
6a5fe105a5303295dabd9a0a,,,mouse_move,,,,,,,709.0,484.0,1784668418266.0,,
6a5fe105a5303295dabd9a0b,,,mouse_move,,,,,,,709.0,485.0,1784668418274.0,,
6a5fe105a5303295dabd9a0c,,,mouse_move,,,,,,,709.0,486.0,1784668418282.0,,
6a5fe105a5303295dabd9a0d,,,mouse_move,,,,,,,709.0,487.0,1784668418290.0,,
6a5fe105a5303295dabd9a0e,,,mouse_move,,,,,,,708.0,487.0,1784668418298.0,,
6a5fe105a5303295dabd9a0f,,,mouse_move,,,,,,,708.0,488.0,1784668418314.0,,
6a5fe105a5303295dabd9a10,,,mouse_click,,,,,,,708.0,488.0,1784668418474.0,0.0,
6a5fe105a5303295dabd9a11,,,mouse_move,,,,,,,707.0,488.0,1784668418990.0,,
6a5fe105a5303295dabd9a12,,,mouse_move,,,,,,,703.0,485.0,1784668419005.0,,
6a5fe105a5303295dabd9a13,,,mouse_move,,,,,,,699.0,483.0,1784668419013.0,,
6a5fe105a5303295dabd9a14,,,mouse_move,,,,,,,694.0,478.0,1784668419017.0,,
6a5fe105a5303295dabd9a15,,,mouse_move,,,,,,,686.0,471.0,1784668419022.0,,
6a5fe105a5303295dabd9a16,,,mouse_move,,,,,,,671.0,461.0,1784668419031.0,,
6a5fe105a5303295dabd9a17,,,mouse_move,,,,,,,649.0,445.0,1784668419039.0,,
6a5fe105a5303295dabd9a18,,,mouse_move,,,,,,,611.0,419.0,1784668419048.0,,
6a5fe105a5303295dabd9a19,,,mouse_move,,,,,,,570.0,392.0,1784668419057.0,,
6a5fe105a5303295dabd9a1a,,,mouse_move,,,,,,,528.0,366.0,1784668419064.0,,
6a5fe105a5303295dabd9a1b,,,mouse_move,,,,,,,469.0,333.0,1784668419072.0,,
6a5fe105a5303295dabd9a1c,,,mouse_move,,,,,,,407.0,299.0,1784668419082.0,,
6a5fe105a5303295dabd9a1d,,,mouse_move,,,,,,,348.0,263.0,1784668419089.0,,
6a5fe105a5303295dabd9a1e,,,mouse_move,,,,,,,300.0,233.0,1784668419099.0,,
6a5fe105a5303295dabd9a1f,,,mouse_move,,,,,,,263.0,212.0,1784668419106.0,,
6a5fe105a5303295dabd9a20,,,mouse_move,,,,,,,231.0,197.0,1784668419114.0,,
6a5fe105a5303295dabd9a21,,,mouse_move,,,,,,,214.0,184.0,1784668419123.0,,
6a5fe105a5303295dabd9a22,,,mouse_move,,,,,,,206.0,175.0,1784668419131.0,,
6a5fe105a5303295dabd9a23,,,mouse_move,,,,,,,199.0,167.0,1784668419140.0,,
6a5fe105a5303295dabd9a24,,,mouse_move,,,,,,,193.0,157.0,1784668419147.0,,
6a5fe105a5303295dabd9a25,,,mouse_move,,,,,,,188.0,149.0,1784668419156.0,,
6a5fe105a5303295dabd9a26,,,mouse_move,,,,,,,178.0,136.0,1784668419165.0,,
6a5fe105a5303295dabd9a27,,,mouse_move,,,,,,,174.0,131.0,1784668419173.0,,
6a5fe105a5303295dabd9a28,,,mouse_move,,,,,,,170.0,125.0,1784668419181.0,,
6a5fe105a5303295dabd9a29,,,mouse_move,,,,,,,167.0,121.0,1784668419189.0,,
6a5fe105a5303295dabd9a2a,,,mouse_move,,,,,,,160.0,115.0,1784668419198.0,,
6a5fe105a5303295dabd9a2b,,,mouse_move,,,,,,,152.0,108.0,1784668419206.0,,
6a5fe105a5303295dabd9a2c,,,mouse_move,,,,,,,144.0,99.0,1784668419216.0,,
6a5fe105a5303295dabd9a2d,,,mouse_move,,,,,,,130.0,85.0,1784668419222.0,,
6a5fe105a5303295dabd9a2e,,,mouse_move,,,,,,,117.0,72.0,1784668419231.0,,
6a5fe105a5303295dabd9a2f,,,mouse_move,,,,,,,110.0,64.0,1784668419239.0,,
6a5fe105a5303295dabd9a30,,,mouse_move,,,,,,,103.0,56.0,1784668419248.0,,
6a5fe105a5303295dabd9a31,,,mouse_move,,,,,,,102.0,54.0,1784668419255.0,,
6a5fe105a5303295dabd9a32,,,mouse_move,,,,,,,101.0,53.0,1784668419264.0,,
6a5fe105a5303295dabd9a33,,,mouse_move,,,,,,,101.0,52.0,1784668419273.0,,
6a5fe105a5303295dabd9a34,,,mouse_move,,,,,,,100.0,52.0,1784668419280.0,,
6a5fe105a5303295dabd9a35,,,mouse_move,,,,,,,101.0,52.0,1784668419310.0,,
6a5fe105a5303295dabd9a36,,,mouse_move,,,,,,,102.0,52.0,1784668419318.0,,
6a5fe105a5303295dabd9a37,,,mouse_move,,,,,,,112.0,58.0,1784668419340.0,,
6a5fe105a5303295dabd9a38,,,mouse_move,,,,,,,120.0,63.0,1784668419349.0,,
6a5fe105a5303295dabd9a39,,,mouse_move,,,,,,,131.0,69.0,1784668419356.0,,
6a5fe105a5303295dabd9a3a,,,mouse_move,,,,,,,140.0,76.0,1784668419366.0,,
6a5fe105a5303295dabd9a3b,,,mouse_move,,,,,,,148.0,81.0,1784668419373.0,,
6a5fe105a5303295dabd9a3c,,,mouse_move,,,,,,,155.0,86.0,1784668419382.0,,
6a5fe105a5303295dabd9a3d,,,mouse_move,,,,,,,162.0,91.0,1784668419390.0,,
6a5fe105a5303295dabd9a3e,,,mouse_move,,,,,,,164.0,91.0,1784668419398.0,,
6a5fe105a5303295dabd9a3f,,,mouse_move,,,,,,,164.0,92.0,1784668419406.0,,
6a5fe105a5303295dabd9a40,,,mouse_move,,,,,,,164.0,90.0,1784668419444.0,,
6a5fe105a5303295dabd9a41,,,mouse_move,,,,,,,163.0,88.0,1784668419452.0,,
6a5fe105a5303295dabd9a42,,,mouse_move,,,,,,,162.0,86.0,1784668419460.0,,
6a5fe105a5303295dabd9a43,,,mouse_move,,,,,,,160.0,84.0,1784668419468.0,,
6a5fe105a5303295dabd9a44,,,mouse_move,,,,,,,157.0,80.0,1784668419477.0,,
6a5fe105a5303295dabd9a45,,,mouse_move,,,,,,,153.0,75.0,1784668419485.0,,
6a5fe105a5303295dabd9a46,,,mouse_move,,,,,,,150.0,72.0,1784668419492.0,,
6a5fe105a5303295dabd9a47,,,mouse_move,,,,,,,146.0,67.0,1784668419501.0,,
6a5fe105a5303295dabd9a48,,,mouse_move,,,,,,,142.0,60.0,1784668419509.0,,
6a5fe105a5303295dabd9a49,,,mouse_move,,,,,,,139.0,53.0,1784668419517.0,,
6a5fe105a5303295dabd9a4a,,,mouse_move,,,,,,,138.0,45.0,1784668419525.0,,
6a5fe105a5303295dabd9a4b,,,mouse_move,,,,,,,135.0,34.0,1784668419533.0,,
6a5fe105a5303295dabd9a4c,,,mouse_move,,,,,,,133.0,22.0,1784668419541.0,,
6a5fe105a5303295dabd9a4d,,,mouse_move,,,,,,,129.0,11.0,1784668419549.0,,
6a5fe105a5303295dabd9a4e,,,mouse_move,,,,,,,57.0,0.0,1784668419858.0,,
6a5fe105a5303295dabd9a4f,,,mouse_move,,,,,,,57.0,3.0,1784668419864.0,,
6a5fe105a5303295dabd9a50,,,mouse_move,,,,,,,58.0,6.0,1784668419872.0,,
6a5fe105a5303295dabd9a51,,,mouse_move,,,,,,,62.0,13.0,1784668419880.0,,
6a5fe105a5303295dabd9a52,,,mouse_move,,,,,,,66.0,20.0,1784668419888.0,,
6a5fe105a5303295dabd9a53,,,mouse_move,,,,,,,74.0,30.0,1784668419896.0,,
6a5fe105a5303295dabd9a54,,,mouse_move,,,,,,,85.0,42.0,1784668419905.0,,
6a5fe105a5303295dabd9a55,,,mouse_move,,,,,,,108.0,66.0,1784668419913.0,,
6a5fe105a5303295dabd9a56,,,mouse_move,,,,,,,134.0,90.0,1784668419922.0,,
6a5fe105a5303295dabd9a57,,,mouse_move,,,,,,,162.0,113.0,1784668419930.0,,
6a5fe105a5303295dabd9a58,,,mouse_move,,,,,,,225.0,160.0,1784668419939.0,,
6a5fe105a5303295dabd9a59,,,mouse_move,,,,,,,258.0,184.0,1784668419948.0,,
6a5fe105a5303295dabd9a5a,,,mouse_move,,,,,,,315.0,228.0,1784668419954.0,,
6a5fe105a5303295dabd9a5b,,,mouse_move,,,,,,,359.0,267.0,1784668419964.0,,
6a5fe105a5303295dabd9a5c,,,mouse_move,,,,,,,412.0,318.0,1784668419972.0,,
6a5fe105a5303295dabd9a5d,,,mouse_move,,,,,,,452.0,357.0,1784668419980.0,,
6a5fe105a5303295dabd9a5e,,,mouse_move,,,,,,,489.0,392.0,1784668419988.0,,
6a5fe105a5303295dabd9a5f,,,mouse_move,,,,,,,563.0,468.0,1784668419998.0,,
6a5fe105a5303295dabd9a60,,,mouse_move,,,,,,,583.0,491.0,1784668420006.0,,
6a5fe105a5303295dabd9a61,,,mouse_move,,,,,,,601.0,516.0,1784668420014.0,,
6a5fe105a5303295dabd9a62,,,mouse_move,,,,,,,606.0,527.0,1784668420022.0,,
6a5fe105a5303295dabd9a63,,,mouse_move,,,,,,,611.0,539.0,1784668420030.0,,
6a5fe105a5303295dabd9a64,,,mouse_move,,,,,,,614.0,549.0,1784668420038.0,,
6a5fe105a5303295dabd9a65,,,mouse_move,,,,,,,616.0,557.0,1784668420048.0,,
6a5fe105a5303295dabd9a66,,,mouse_move,,,,,,,616.0,567.0,1784668420056.0,,
6a5fe105a5303295dabd9a67,,,mouse_move,,,,,,,617.0,575.0,1784668420063.0,,
6a5fe105a5303295dabd9a68,,,mouse_move,,,,,,,617.0,588.0,1784668420080.0,,
6a5fe105a5303295dabd9a69,,,mouse_move,,,,,,,619.0,600.0,1784668420095.0,,
6a5fe105a5303295dabd9a6a,,,mouse_move,,,,,,,621.0,605.0,1784668420100.0,,
6a5fe105a5303295dabd9a6b,,,mouse_move,,,,,,,623.0,609.0,1784668420108.0,,
6a5fe105a5303295dabd9a6c,,,mouse_move,,,,,,,624.0,611.0,1784668420116.0,,
6a5fe105a5303295dabd9a6d,,,mouse_move,,,,,,,625.0,613.0,1784668420124.0,,
6a5fe105a5303295dabd9a6e,,,mouse_move,,,,,,,625.0,614.0,1784668420133.0,,
6a5fe105a5303295dabd9a6f,,,mouse_move,,,,,,,626.0,616.0,1784668420156.0,,
6a5fe105a5303295dabd9a70,,,mouse_move,,,,,,,626.0,617.0,1784668420163.0,,
6a5fe105a5303295dabd9a71,,,mouse_move,,,,,,,626.0,619.0,1784668420171.0,,
6a5fe105a5303295dabd9a72,,,mouse_move,,,,,,,626.0,620.0,1784668420180.0,,
6a5fe105a5303295dabd9a73,,,mouse_move,,,,,,,626.0,623.0,1784668420189.0,,
6a5fe105a5303295dabd9a74,,,mouse_move,,,,,,,627.0,626.0,1784668420197.0,,
6a5fe105a5303295dabd9a75,,,mouse_move,,,,,,,627.0,628.0,1784668420206.0,,
6a5fe105a5303295dabd9a76,,,mouse_move,,,,,,,627.0,629.0,1784668420214.0,,
6a5fe105a5303295dabd9a77,,,mouse_move,,,,,,,627.0,631.0,1784668420222.0,,
6a5fe105a5303295dabd9a78,,,mouse_move,,,,,,,627.0,632.0,1784668420230.0,,
6a5fe105a5303295dabd9a79,,,mouse_move,,,,,,,627.0,633.0,1784668420239.0,,
6a5fe105a5303295dabd9a7a,,,mouse_move,,,,,,,627.0,634.0,1784668420255.0,,
6a5fe105a5303295dabd9a7b,,,mouse_move,,,,,,,627.0,635.0,1784668420296.0,,
6a5fe105a5303295dabd9a7c,,,mouse_move,,,,,,,627.0,636.0,1784668420304.0,,
6a5fe105a5303295dabd9a7d,,,mouse_move,,,,,,,626.0,638.0,1784668420314.0,,
6a5fe105a5303295dabd9a7e,,,mouse_move,,,,,,,624.0,640.0,1784668420321.0,,
6a5fe105a5303295dabd9a7f,,,mouse_move,,,,,,,624.0,642.0,1784668420330.0,,
6a5fe105a5303295dabd9a80,,,mouse_move,,,,,,,623.0,643.0,1784668420338.0,,
6a5fe105a5303295dabd9a81,,,mouse_move,,,,,,,623.0,644.0,1784668420347.0,,
6a5fe105a5303295dabd9a82,,,mouse_move,,,,,,,622.0,645.0,1784668420355.0,,
6a5fe105a5303295dabd9a83,,,mouse_move,,,,,,,622.0,646.0,1784668420371.0,,
6a5fe105a5303295dabd9a84,,,mouse_move,,,,,,,621.0,647.0,1784668420396.0,,
6a5fe105a5303295dabd9a85,,,mouse_click,,,,,,,621.0,647.0,1784668420537.0,0.0,
6a5fe110a5303295dabd9aa4,,,mouse_move,,,,,,,108.0,3.0,1784668422602.0,,
6a5fe110a5303295dabd9aa5,,,mouse_move,,,,,,,189.0,26.0,1784668422612.0,,
6a5fe110a5303295dabd9aa6,,,mouse_move,,,,,,,231.0,33.0,1784668422623.0,,
6a5fe110a5303295dabd9aa7,,,mouse_move,,,,,,,436.0,82.0,1784668422655.0,,
6a5fe110a5303295dabd9aa8,,,mouse_move,,,,,,,474.0,95.0,1784668422660.0,,
6a5fe110a5303295dabd9aa9,,,mouse_move,,,,,,,510.0,108.0,1784668422668.0,,
6a5fe110a5303295dabd9aaa,,,mouse_move,,,,,,,540.0,120.0,1784668422676.0,,
6a5fe110a5303295dabd9aab,,,mouse_move,,,,,,,569.0,131.0,1784668422685.0,,
6a5fe110a5303295dabd9aac,,,mouse_move,,,,,,,602.0,145.0,1784668422696.0,,
6a5fe110a5303295dabd9aad,,,mouse_move,,,,,,,672.0,174.0,1784668422711.0,,
6a5fe110a5303295dabd9aae,,,mouse_move,,,,,,,975.0,290.0,1784668422789.0,,
6a5fe110a5303295dabd9aaf,,,mouse_move,,,,,,,998.0,293.0,1784668422797.0,,
6a5fe110a5303295dabd9ab0,,,mouse_move,,,,,,,1020.0,293.0,1784668422804.0,,
6a5fe110a5303295dabd9ab1,,,mouse_move,,,,,,,1044.0,293.0,1784668422813.0,,
6a5fe110a5303295dabd9ab2,,,mouse_move,,,,,,,1072.0,293.0,1784668422820.0,,
6a5fe110a5303295dabd9ab3,,,mouse_move,,,,,,,1092.0,291.0,1784668422829.0,,
6a5fe110a5303295dabd9ab4,,,mouse_move,,,,,,,1115.0,288.0,1784668422837.0,,
6a5fe110a5303295dabd9ab5,,,mouse_move,,,,,,,1129.0,286.0,1784668422846.0,,
6a5fe110a5303295dabd9ab6,,,mouse_move,,,,,,,1140.0,284.0,1784668422853.0,,
6a5fe110a5303295dabd9ab7,,,mouse_move,,,,,,,1151.0,281.0,1784668422860.0,,
6a5fe110a5303295dabd9ab8,,,mouse_move,,,,,,,1156.0,279.0,1784668422869.0,,
6a5fe110a5303295dabd9ab9,,,mouse_move,,,,,,,1078.0,281.0,1784668423221.0,,
6a5fe110a5303295dabd9aba,,,mouse_move,,,,,,,1048.0,287.0,1784668423229.0,,
6a5fe110a5303295dabd9abb,,,mouse_move,,,,,,,992.0,301.0,1784668423237.0,,
6a5fe110a5303295dabd9abc,,,mouse_move,,,,,,,954.0,312.0,1784668423245.0,,
6a5fe110a5303295dabd9abd,,,mouse_move,,,,,,,921.0,323.0,1784668423254.0,,
6a5fe110a5303295dabd9abe,,,mouse_move,,,,,,,882.0,339.0,1784668423261.0,,
6a5fe110a5303295dabd9abf,,,mouse_move,,,,,,,857.0,351.0,1784668423270.0,,
6a5fe110a5303295dabd9ac0,,,mouse_move,,,,,,,825.0,366.0,1784668423278.0,,
6a5fe110a5303295dabd9ac1,,,mouse_move,,,,,,,807.0,375.0,1784668423287.0,,
6a5fe110a5303295dabd9ac2,,,mouse_move,,,,,,,794.0,383.0,1784668423294.0,,
6a5fe110a5303295dabd9ac3,,,mouse_move,,,,,,,782.0,391.0,1784668423303.0,,
6a5fe110a5303295dabd9ac4,,,mouse_move,,,,,,,778.0,394.0,1784668423310.0,,
6a5fe110a5303295dabd9ac5,,,mouse_move,,,,,,,773.0,397.0,1784668423318.0,,
6a5fe110a5303295dabd9ac6,,,mouse_move,,,,,,,770.0,400.0,1784668423326.0,,
6a5fe110a5303295dabd9ac7,,,mouse_move,,,,,,,768.0,402.0,1784668423334.0,,
6a5fe110a5303295dabd9ac8,,,mouse_move,,,,,,,766.0,404.0,1784668423341.0,,
6a5fe110a5303295dabd9ac9,,,mouse_move,,,,,,,765.0,405.0,1784668423350.0,,
6a5fe110a5303295dabd9aca,,,mouse_move,,,,,,,764.0,406.0,1784668423365.0,,
6a5fe110a5303295dabd9acb,,,mouse_move,,,,,,,763.0,406.0,1784668423416.0,,
6a5fe110a5303295dabd9acc,,,mouse_move,,,,,,,763.0,406.0,1784668423477.0,,
6a5fe110a5303295dabd9acd,,,mouse_click,,,,,,,763.0,406.0,1784668423533.0,0.0,
6a5fe110a5303295dabd9ace,,,mouse_move,,,,,,,762.0,406.0,1784668423542.0,,
6a5fe110a5303295dabd9acf,,,mouse_move,,,,,,,762.0,407.0,1784668423574.0,,
6a5fe110a5303295dabd9ad0,,,mouse_move,,,,,,,761.0,407.0,1784668423583.0,,
6a5fe110a5303295dabd9ad1,,,mouse_move,,,,,,,760.0,407.0,1784668423643.0,,
6a5fe110a5303295dabd9ad2,,,mouse_move,,,,,,,760.0,408.0,1784668423675.0,,
6a5fe110a5303295dabd9ad3,,,mouse_move,,,,,,,759.0,410.0,1784668423708.0,,
6a5fe110a5303295dabd9ad4,,,mouse_move,,,,,,,758.0,411.0,1784668423716.0,,
6a5fe110a5303295dabd9ad5,,,mouse_move,,,,,,,758.0,413.0,1784668423725.0,,
6a5fe110a5303295dabd9ad6,,,mouse_move,,,,,,,757.0,414.0,1784668423742.0,,
6a5fe110a5303295dabd9ad7,,,mouse_move,,,,,,,756.0,416.0,1784668423751.0,,
6a5fe110a5303295dabd9ad8,,,mouse_move,,,,,,,755.0,416.0,1784668423759.0,,
6a5fe110a5303295dabd9ad9,,,mouse_move,,,,,,,755.0,417.0,1784668423767.0,,
6a5fe110a5303295dabd9ada,,,mouse_move,,,,,,,753.0,419.0,1784668423780.0,,
6a5fe110a5303295dabd9adb,,,mouse_move,,,,,,,752.0,421.0,1784668423800.0,,
6a5fe110a5303295dabd9adc,,,mouse_move,,,,,,,751.0,422.0,1784668423807.0,,
6a5fe110a5303295dabd9add,,,mouse_move,,,,,,,750.0,424.0,1784668423817.0,,
6a5fe110a5303295dabd9ade,,,mouse_move,,,,,,,749.0,427.0,1784668423825.0,,
6a5fe110a5303295dabd9adf,,,mouse_move,,,,,,,748.0,430.0,1784668423833.0,,
6a5fe110a5303295dabd9ae0,,,mouse_move,,,,,,,748.0,433.0,1784668423841.0,,
6a5fe110a5303295dabd9ae1,,,mouse_move,,,,,,,745.0,437.0,1784668423849.0,,
6a5fe110a5303295dabd9ae2,,,mouse_move,,,,,,,744.0,441.0,1784668423859.0,,
6a5fe110a5303295dabd9ae3,,,mouse_move,,,,,,,742.0,446.0,1784668423867.0,,
6a5fe110a5303295dabd9ae4,,,mouse_move,,,,,,,741.0,451.0,1784668423875.0,,
6a5fe110a5303295dabd9ae5,,,mouse_move,,,,,,,739.0,458.0,1784668423883.0,,
6a5fe110a5303295dabd9ae6,,,mouse_move,,,,,,,737.0,467.0,1784668423892.0,,
6a5fe110a5303295dabd9ae7,,,mouse_move,,,,,,,736.0,472.0,1784668423900.0,,
6a5fe110a5303295dabd9ae8,,,mouse_move,,,,,,,734.0,490.0,1784668423908.0,,
6a5fe110a5303295dabd9ae9,,,mouse_move,,,,,,,732.0,499.0,1784668423917.0,,
6a5fe110a5303295dabd9aea,,,mouse_move,,,,,,,731.0,509.0,1784668423925.0,,
6a5fe110a5303295dabd9aeb,,,mouse_move,,,,,,,728.0,519.0,1784668423933.0,,
6a5fe110a5303295dabd9aec,,,mouse_move,,,,,,,726.0,528.0,1784668423941.0,,
6a5fe110a5303295dabd9aed,,,mouse_move,,,,,,,724.0,539.0,1784668423951.0,,
6a5fe110a5303295dabd9aee,,,mouse_move,,,,,,,722.0,545.0,1784668423959.0,,
6a5fe110a5303295dabd9aef,,,mouse_move,,,,,,,721.0,553.0,1784668423966.0,,
6a5fe110a5303295dabd9af0,,,mouse_move,,,,,,,719.0,561.0,1784668423983.0,,
6a5fe110a5303295dabd9af1,,,mouse_move,,,,,,,718.0,571.0,1784668423991.0,,
6a5fe110a5303295dabd9af2,,,mouse_move,,,,,,,717.0,575.0,1784668424000.0,,
6a5fe110a5303295dabd9af3,,,mouse_move,,,,,,,716.0,580.0,1784668424008.0,,
6a5fe110a5303295dabd9af4,,,mouse_move,,,,,,,715.0,583.0,1784668424016.0,,
6a5fe110a5303295dabd9af5,,,mouse_move,,,,,,,714.0,586.0,1784668424025.0,,
6a5fe110a5303295dabd9af6,,,mouse_move,,,,,,,713.0,588.0,1784668424033.0,,
6a5fe110a5303295dabd9af7,,,mouse_move,,,,,,,711.0,591.0,1784668424041.0,,
6a5fe110a5303295dabd9af8,,,mouse_move,,,,,,,710.0,594.0,1784668424049.0,,
6a5fe110a5303295dabd9af9,,,mouse_move,,,,,,,709.0,597.0,1784668424058.0,,
6a5fe110a5303295dabd9afa,,,mouse_move,,,,,,,706.0,600.0,1784668424066.0,,
6a5fe110a5303295dabd9afb,,,mouse_move,,,,,,,706.0,603.0,1784668424072.0,,
6a5fe110a5303295dabd9afc,,,mouse_move,,,,,,,704.0,608.0,1784668424083.0,,
6a5fe110a5303295dabd9afd,,,mouse_move,,,,,,,703.0,610.0,1784668424091.0,,
6a5fe110a5303295dabd9afe,,,mouse_move,,,,,,,703.0,613.0,1784668424098.0,,
6a5fe110a5303295dabd9aff,,,mouse_move,,,,,,,701.0,617.0,1784668424107.0,,
6a5fe110a5303295dabd9b00,,,mouse_move,,,,,,,701.0,620.0,1784668424114.0,,
6a5fe110a5303295dabd9b01,,,mouse_move,,,,,,,701.0,624.0,1784668424122.0,,
6a5fe110a5303295dabd9b02,,,mouse_move,,,,,,,700.0,627.0,1784668424131.0,,
6a5fe110a5303295dabd9b03,,,mouse_move,,,,,,,699.0,633.0,1784668424140.0,,
6a5fe110a5303295dabd9b04,,,mouse_move,,,,,,,698.0,637.0,1784668424148.0,,
6a5fe110a5303295dabd9b05,,,mouse_move,,,,,,,697.0,640.0,1784668424156.0,,
6a5fe110a5303295dabd9b06,,,mouse_move,,,,,,,696.0,646.0,1784668424167.0,,
6a5fe110a5303295dabd9b07,,,mouse_move,,,,,,,696.0,647.0,1784668424175.0,,
6a5fe110a5303295dabd9b08,,,mouse_move,,,,,,,696.0,648.0,1784668424183.0,,
6a5fe110a5303295dabd9b09,,,mouse_move,,,,,,,695.0,651.0,1784668424191.0,,
6a5fe110a5303295dabd9b0a,,,mouse_move,,,,,,,695.0,655.0,1784668424200.0,,
6a5fe110a5303295dabd9b0b,,,mouse_move,,,,,,,695.0,659.0,1784668424209.0,,
6a5fe110a5303295dabd9b0c,,,mouse_move,,,,,,,694.0,661.0,1784668424217.0,,
6a5fe110a5303295dabd9b0d,,,mouse_move,,,,,,,694.0,663.0,1784668424225.0,,
6a5fe110a5303295dabd9b0e,,,mouse_move,,,,,,,694.0,664.0,1784668424234.0,,
6a5fe110a5303295dabd9b0f,,,mouse_move,,,,,,,694.0,665.0,1784668424250.0,,
6a5fe110a5303295dabd9b10,,,mouse_move,,,,,,,695.0,665.0,1784668424284.0,,
6a5fe110a5303295dabd9b11,,,mouse_click,,,,,,,695.0,665.0,1784668424465.0,0.0,
6a5fe110a5303295dabd9b12,,,mouse_move,,,,,,,696.0,664.0,1784668424991.0,,
6a5fe110a5303295dabd9b13,,,mouse_move,,,,,,,700.0,659.0,1784668425000.0,,
6a5fe110a5303295dabd9b14,,,mouse_move,,,,,,,710.0,650.0,1784668425008.0,,
6a5fe110a5303295dabd9b15,,,mouse_move,,,,,,,727.0,637.0,1784668425016.0,,
6a5fe110a5303295dabd9b16,,,mouse_move,,,,,,,754.0,619.0,1784668425025.0,,
6a5fe110a5303295dabd9b17,,,mouse_move,,,,,,,776.0,603.0,1784668425034.0,,
6a5fe110a5303295dabd9b18,,,mouse_move,,,,,,,800.0,587.0,1784668425042.0,,
6a5fe110a5303295dabd9b19,,,mouse_move,,,,,,,825.0,566.0,1784668425050.0,,
6a5fe110a5303295dabd9b1a,,,mouse_move,,,,,,,856.0,541.0,1784668425057.0,,
6a5fe110a5303295dabd9b1b,,,mouse_move,,,,,,,895.0,510.0,1784668425066.0,,
6a5fe110a5303295dabd9b1c,,,mouse_move,,,,,,,939.0,472.0,1784668425074.0,,
6a5fe110a5303295dabd9b1d,,,mouse_move,,,,,,,986.0,438.0,1784668425082.0,,
6a5fe110a5303295dabd9b1e,,,mouse_move,,,,,,,1045.0,397.0,1784668425092.0,,
6a5fe110a5303295dabd9b1f,,,mouse_move,,,,,,,1101.0,362.0,1784668425099.0,,
6a5fe110a5303295dabd9b20,,,mouse_move,,,,,,,1160.0,330.0,1784668425107.0,,
6a5fe110a5303295dabd9b21,,,mouse_move,,,,,,,1248.0,284.0,1784668425117.0,,
6a5fe110a5303295dabd9b22,,,mouse_move,,,,,,,1192.0,293.0,1784668425748.0,,
6a5fe110a5303295dabd9b23,,,mouse_move,,,,,,,1162.0,311.0,1784668425757.0,,
6a5fe110a5303295dabd9b24,,,mouse_move,,,,,,,1135.0,329.0,1784668425765.0,,
6a5fe110a5303295dabd9b25,,,mouse_move,,,,,,,1099.0,358.0,1784668425773.0,,
6a5fe110a5303295dabd9b26,,,mouse_move,,,,,,,1071.0,385.0,1784668425782.0,,
6a5fe110a5303295dabd9b27,,,mouse_move,,,,,,,1042.0,414.0,1784668425791.0,,
6a5fe110a5303295dabd9b28,,,mouse_move,,,,,,,1014.0,447.0,1784668425799.0,,
6a5fe110a5303295dabd9b29,,,mouse_move,,,,,,,991.0,477.0,1784668425808.0,,
6a5fe110a5303295dabd9b2a,,,mouse_move,,,,,,,968.0,512.0,1784668425816.0,,
6a5fe110a5303295dabd9b2b,,,mouse_move,,,,,,,951.0,542.0,1784668425824.0,,
6a5fe110a5303295dabd9b2c,,,mouse_move,,,,,,,935.0,576.0,1784668425832.0,,
6a5fe110a5303295dabd9b2d,,,mouse_move,,,,,,,928.0,595.0,1784668425840.0,,
6a5fe110a5303295dabd9b2e,,,mouse_move,,,,,,,924.0,608.0,1784668425849.0,,
6a5fe110a5303295dabd9b2f,,,mouse_move,,,,,,,919.0,620.0,1784668425858.0,,
6a5fe110a5303295dabd9b30,,,mouse_move,,,,,,,916.0,632.0,1784668425866.0,,
6a5fe110a5303295dabd9b31,,,mouse_move,,,,,,,913.0,639.0,1784668425875.0,,
6a5fe110a5303295dabd9b32,,,mouse_move,,,,,,,910.0,645.0,1784668425882.0,,
6a5fe110a5303295dabd9b33,,,mouse_move,,,,,,,905.0,653.0,1784668425891.0,,
6a5fe110a5303295dabd9b34,,,mouse_move,,,,,,,901.0,656.0,1784668425899.0,,
6a5fe110a5303295dabd9b35,,,mouse_move,,,,,,,896.0,659.0,1784668425908.0,,
6a5fe110a5303295dabd9b36,,,mouse_move,,,,,,,893.0,660.0,1784668425916.0,,
6a5fe110a5303295dabd9b37,,,mouse_move,,,,,,,890.0,661.0,1784668425923.0,,
6a5fe110a5303295dabd9b38,,,mouse_move,,,,,,,881.0,661.0,1784668425954.0,,
6a5fe110a5303295dabd9b39,,,mouse_move,,,,,,,876.0,661.0,1784668425968.0,,
6a5fe110a5303295dabd9b3a,,,mouse_move,,,,,,,873.0,661.0,1784668425980.0,,
6a5fe110a5303295dabd9b3b,,,mouse_move,,,,,,,865.0,661.0,1784668425993.0,,
6a5fe110a5303295dabd9b3c,,,mouse_move,,,,,,,857.0,661.0,1784668426005.0,,
6a5fe110a5303295dabd9b3d,,,mouse_move,,,,,,,854.0,661.0,1784668426016.0,,
6a5fe110a5303295dabd9b3e,,,mouse_move,,,,,,,851.0,661.0,1784668426029.0,,
6a5fe110a5303295dabd9b3f,,,mouse_move,,,,,,,849.0,661.0,1784668426042.0,,
6a5fe110a5303295dabd9b40,,,mouse_move,,,,,,,846.0,661.0,1784668426055.0,,
6a5fe110a5303295dabd9b41,,,mouse_move,,,,,,,843.0,660.0,1784668426068.0,,
6a5fe110a5303295dabd9b42,,,mouse_move,,,,,,,842.0,660.0,1784668426084.0,,
6a5fe110a5303295dabd9b43,,,mouse_move,,,,,,,841.0,660.0,1784668426264.0,,
6a5fe110a5303295dabd9b44,,,mouse_click,,,,,,,841.0,660.0,1784668426276.0,0.0,
6a5fe110a5303295dabd9b45,,,mouse_move,,,,,,,840.0,659.0,1784668426283.0,,
6a5fe110a5303295dabd9b46,,,mouse_move,,,,,,,839.0,659.0,1784668426293.0,,
6a5fe110a5303295dabd9b47,,,mouse_move,,,,,,,839.0,658.0,1784668426340.0,,
6a5fe110a5303295dabd9b48,,,mouse_click,,,,,,,839.0,658.0,1784668426745.0,0.0,
6a5fe110a5303295dabd9b49,,,mouse_move,,,,,,,838.0,658.0,1784668426765.0,,
6a5fe110a5303295dabd9b4a,,,mouse_click,,,,,,,838.0,658.0,1784668426933.0,0.0,
6a5fe110a5303295dabd9b4b,,,mouse_move,,,,,,,838.0,656.0,1784668426958.0,,
6a5fe110a5303295dabd9b4c,,,mouse_move,,,,,,,837.0,656.0,1784668426966.0,,
6a5fe110a5303295dabd9b4d,,,mouse_click,,,,,,,837.0,656.0,1784668427100.0,0.0,
6a5fe110a5303295dabd9b4e,,,mouse_move,,,,,,,836.0,654.0,1784668427124.0,,
6a5fe110a5303295dabd9b4f,,,mouse_move,,,,,,,836.0,652.0,1784668427132.0,,
6a5fe110a5303295dabd9b50,,,mouse_move,,,,,,,834.0,650.0,1784668427140.0,,
6a5fe110a5303295dabd9b51,,,mouse_move,,,,,,,832.0,648.0,1784668427149.0,,
6a5fe110a5303295dabd9b52,,,mouse_move,,,,,,,831.0,645.0,1784668427158.0,,
6a5fe110a5303295dabd9b53,,,mouse_move,,,,,,,828.0,641.0,1784668427166.0,,
6a5fe110a5303295dabd9b54,,,mouse_move,,,,,,,817.0,627.0,1784668427174.0,,
6a5fe110a5303295dabd9b55,,,mouse_move,,,,,,,812.0,619.0,1784668427183.0,,
6a5fe110a5303295dabd9b56,,,mouse_move,,,,,,,806.0,606.0,1784668427190.0,,
6a5fe110a5303295dabd9b57,,,mouse_move,,,,,,,802.0,598.0,1784668427198.0,,
6a5fe110a5303295dabd9b58,,,mouse_move,,,,,,,796.0,584.0,1784668427207.0,,
6a5fe110a5303295dabd9b59,,,mouse_move,,,,,,,790.0,569.0,1784668427216.0,,
6a5fe110a5303295dabd9b5a,,,mouse_move,,,,,,,774.0,540.0,1784668427223.0,,
6a5fe110a5303295dabd9b5b,,,mouse_move,,,,,,,764.0,517.0,1784668427232.0,,
6a5fe110a5303295dabd9b5c,,,mouse_move,,,,,,,750.0,486.0,1784668427240.0,,
6a5fe110a5303295dabd9b5d,,,mouse_move,,,,,,,742.0,468.0,1784668427249.0,,
6a5fe110a5303295dabd9b5e,,,mouse_move,,,,,,,729.0,444.0,1784668427256.0,,
6a5fe110a5303295dabd9b5f,,,mouse_move,,,,,,,722.0,434.0,1784668427265.0,,
6a5fe110a5303295dabd9b60,,,mouse_move,,,,,,,715.0,424.0,1784668427274.0,,
6a5fe110a5303295dabd9b61,,,mouse_move,,,,,,,708.0,416.0,1784668427282.0,,
6a5fe110a5303295dabd9b62,,,mouse_move,,,,,,,703.0,408.0,1784668427290.0,,
6a5fe110a5303295dabd9b63,,,mouse_move,,,,,,,696.0,400.0,1784668427299.0,,
6a5fe110a5303295dabd9b64,,,mouse_move,,,,,,,691.0,392.0,1784668427308.0,,
6a5fe110a5303295dabd9b65,,,mouse_move,,,,,,,687.0,384.0,1784668427316.0,,
6a5fe110a5303295dabd9b66,,,mouse_move,,,,,,,685.0,377.0,1784668427323.0,,
6a5fe110a5303295dabd9b67,,,mouse_move,,,,,,,684.0,370.0,1784668427332.0,,
6a5fe110a5303295dabd9b68,,,mouse_move,,,,,,,684.0,362.0,1784668427340.0,,
6a5fe110a5303295dabd9b69,,,mouse_move,,,,,,,684.0,353.0,1784668427349.0,,
6a5fe110a5303295dabd9b6a,,,mouse_move,,,,,,,683.0,341.0,1784668427357.0,,
6a5fe110a5303295dabd9b6b,,,mouse_move,,,,,,,681.0,306.0,1784668427365.0,,
6a5fe110a5303295dabd9b6c,,,mouse_move,,,,,,,681.0,292.0,1784668427374.0,,
6a5fe110a5303295dabd9b6d,,,mouse_move,,,,,,,681.0,283.0,1784668427382.0,,
6a5fe110a5303295dabd9b6e,,,mouse_move,,,,,,,681.0,275.0,1784668427391.0,,
6a5fe110a5303295dabd9b6f,,,mouse_move,,,,,,,681.0,271.0,1784668427399.0,,
6a5fe110a5303295dabd9b70,,,mouse_move,,,,,,,681.0,268.0,1784668427408.0,,
6a5fe110a5303295dabd9b71,,,mouse_move,,,,,,,681.0,265.0,1784668427415.0,,
6a5fe110a5303295dabd9b72,,,mouse_move,,,,,,,681.0,264.0,1784668427423.0,,
6a5fe110a5303295dabd9b73,,,mouse_move,,,,,,,681.0,263.0,1784668427432.0,,
6a5fe110a5303295dabd9b74,,,mouse_move,,,,,,,681.0,262.0,1784668427441.0,,
6a5fe110a5303295dabd9b75,,,mouse_move,,,,,,,681.0,260.0,1784668427458.0,,
6a5fe110a5303295dabd9b76,,,mouse_move,,,,,,,681.0,259.0,1784668427466.0,,
6a5fe110a5303295dabd9b77,,,mouse_move,,,,,,,681.0,256.0,1784668427474.0,,
6a5fe110a5303295dabd9b78,,,mouse_move,,,,,,,680.0,254.0,1784668427482.0,,
6a5fe110a5303295dabd9b79,,,mouse_move,,,,,,,679.0,245.0,1784668427490.0,,
6a5fe110a5303295dabd9b7a,,,mouse_move,,,,,,,678.0,239.0,1784668427499.0,,
6a5fe110a5303295dabd9b7b,,,mouse_move,,,,,,,678.0,231.0,1784668427508.0,,
6a5fe110a5303295dabd9b7c,,,mouse_move,,,,,,,678.0,227.0,1784668427515.0,,
6a5fe110a5303295dabd9b7d,,,mouse_move,,,,,,,677.0,221.0,1784668427523.0,,
6a5fe110a5303295dabd9b7e,,,mouse_move,,,,,,,677.0,216.0,1784668427532.0,,
6a5fe110a5303295dabd9b7f,,,mouse_move,,,,,,,676.0,211.0,1784668427541.0,,
6a5fe110a5303295dabd9b80,,,mouse_move,,,,,,,675.0,209.0,1784668427549.0,,
6a5fe110a5303295dabd9b81,,,mouse_move,,,,,,,674.0,206.0,1784668427557.0,,
6a5fe110a5303295dabd9b82,,,mouse_move,,,,,,,673.0,205.0,1784668427565.0,,
6a5fe110a5303295dabd9b83,,,mouse_move,,,,,,,672.0,203.0,1784668427574.0,,
6a5fe110a5303295dabd9b84,,,mouse_move,,,,,,,670.0,200.0,1784668427582.0,,
6a5fe110a5303295dabd9b85,,,mouse_move,,,,,,,669.0,199.0,1784668427622.0,,
6a5fe110a5303295dabd9b86,,,mouse_move,,,,,,,668.0,199.0,1784668427645.0,,
6a5fe110a5303295dabd9b87,,,mouse_move,,,,,,,668.0,198.0,1784668427653.0,,
6a5fe110a5303295dabd9b88,,,mouse_move,,,,,,,667.0,198.0,1784668427660.0,,
6a5fe110a5303295dabd9b89,,,mouse_move,,,,,,,666.0,197.0,1784668427682.0,,
6a5fe110a5303295dabd9b8a,,,mouse_move,,,,,,,666.0,196.0,1784668427691.0,,
6a5fe110a5303295dabd9b8b,,,mouse_move,,,,,,,666.0,195.0,1784668427699.0,,
6a5fe110a5303295dabd9b8c,,,mouse_move,,,,,,,664.0,194.0,1784668427707.0,,
6a5fe110a5303295dabd9b8d,,,mouse_move,,,,,,,664.0,193.0,1784668427715.0,,
6a5fe110a5303295dabd9b8e,,,mouse_move,,,,,,,663.0,192.0,1784668427717.0,,
6a5fe110a5303295dabd9b8f,,,mouse_move,,,,,,,662.0,191.0,1784668427732.0,,
6a5fe110a5303295dabd9b90,,,mouse_move,,,,,,,661.0,189.0,1784668427749.0,,
6a5fe110a5303295dabd9b91,,,mouse_move,,,,,,,661.0,188.0,1784668427761.0,,
6a5fe110a5303295dabd9b92,,,mouse_click,,,,,,,661.0,188.0,1784668427845.0,0.0,
6a5fe110a5303295dabd9b93,,,mouse_move,,,,,,,661.0,188.0,1784668427862.0,,
6a5fe110a5303295dabd9b94,,,mouse_move,,,,,,,661.0,189.0,1784668428011.0,,
6a5fe110a5303295dabd9b95,,,mouse_move,,,,,,,661.0,190.0,1784668428046.0,,
6a5fe110a5303295dabd9b96,,,mouse_move,,,,,,,661.0,191.0,1784668428133.0,,
6a5fe110a5303295dabd9b97,,,mouse_move,,,,,,,662.0,192.0,1784668428229.0,,
6a5fe110a5303295dabd9b98,,,mouse_move,,,,,,,662.0,193.0,1784668428278.0,,
6a5fe110a5303295dabd9b99,,,mouse_move,,,,,,,663.0,193.0,1784668428304.0,,
6a5fe110a5303295dabd9b9a,,,mouse_move,,,,,,,663.0,194.0,1784668428334.0,,
6a5fe110a5303295dabd9b9b,,,mouse_move,,,,,,,664.0,194.0,1784668428358.0,,
6a5fe110a5303295dabd9b9c,,,mouse_move,,,,,,,664.0,195.0,1784668428390.0,,
6a5fe110a5303295dabd9b9d,,,mouse_move,,,,,,,665.0,196.0,1784668428446.0,,
6a5fe110a5303295dabd9b9e,,,mouse_move,,,,,,,665.0,197.0,1784668428466.0,,
6a5fe110a5303295dabd9b9f,,,mouse_move,,,,,,,666.0,197.0,1784668428476.0,,
6a5fe110a5303295dabd9ba0,,,mouse_move,,,,,,,668.0,198.0,1784668428481.0,,
6a5fe110a5303295dabd9ba1,,,mouse_move,,,,,,,670.0,206.0,1784668428490.0,,
6a5fe110a5303295dabd9ba2,,,mouse_move,,,,,,,673.0,218.0,1784668428498.0,,
6a5fe110a5303295dabd9ba3,,,mouse_move,,,,,,,676.0,232.0,1784668428506.0,,
6a5fe110a5303295dabd9ba4,,,mouse_move,,,,,,,683.0,254.0,1784668428514.0,,
6a5fe110a5303295dabd9ba5,,,mouse_move,,,,,,,689.0,275.0,1784668428523.0,,
6a5fe110a5303295dabd9ba6,,,mouse_move,,,,,,,697.0,305.0,1784668428528.0,,
6a5fe110a5303295dabd9ba7,,,mouse_move,,,,,,,707.0,348.0,1784668428540.0,,
6a5fe110a5303295dabd9ba8,,,mouse_move,,,,,,,715.0,370.0,1784668428550.0,,
6a5fe110a5303295dabd9ba9,,,mouse_move,,,,,,,727.0,416.0,1784668428564.0,,
6a5fe110a5303295dabd9baa,,,mouse_move,,,,,,,730.0,432.0,1784668428572.0,,
6a5fe110a5303295dabd9bab,,,mouse_move,,,,,,,734.0,453.0,1784668428581.0,,
6a5fe110a5303295dabd9bac,,,mouse_move,,,,,,,738.0,465.0,1784668428589.0,,
6a5fe110a5303295dabd9bad,,,mouse_move,,,,,,,738.0,480.0,1784668428597.0,,
6a5fe110a5303295dabd9bae,,,mouse_move,,,,,,,738.0,494.0,1784668428604.0,,
6a5fe110a5303295dabd9baf,,,mouse_move,,,,,,,738.0,504.0,1784668428613.0,,
6a5fe110a5303295dabd9bb0,,,mouse_move,,,,,,,738.0,512.0,1784668428620.0,,
6a5fe110a5303295dabd9bb1,,,mouse_move,,,,,,,740.0,520.0,1784668428629.0,,
6a5fe110a5303295dabd9bb2,,,mouse_move,,,,,,,741.0,527.0,1784668428637.0,,
6a5fe110a5303295dabd9bb3,,,mouse_move,,,,,,,744.0,535.0,1784668428645.0,,
6a5fe110a5303295dabd9bb4,,,mouse_move,,,,,,,745.0,541.0,1784668428653.0,,
6a5fe110a5303295dabd9bb5,,,mouse_move,,,,,,,749.0,548.0,1784668428660.0,,
6a5fe110a5303295dabd9bb6,,,mouse_move,,,,,,,750.0,553.0,1784668428669.0,,
6a5fe110a5303295dabd9bb7,,,mouse_move,,,,,,,753.0,560.0,1784668428678.0,,
6a5fe110a5303295dabd9bb8,,,mouse_move,,,,,,,756.0,564.0,1784668428685.0,,
6a5fe110a5303295dabd9bb9,,,mouse_move,,,,,,,757.0,569.0,1784668428694.0,,
6a5fe110a5303295dabd9bba,,,mouse_move,,,,,,,758.0,572.0,1784668428702.0,,
6a5fe110a5303295dabd9bbb,,,mouse_move,,,,,,,759.0,573.0,1784668428710.0,,
6a5fe110a5303295dabd9bbc,,,mouse_move,,,,,,,760.0,576.0,1784668428719.0,,
6a5fe110a5303295dabd9bbd,,,mouse_move,,,,,,,761.0,580.0,1784668428728.0,,
6a5fe110a5303295dabd9bbe,,,mouse_move,,,,,,,762.0,582.0,1784668428737.0,,
6a5fe110a5303295dabd9bbf,,,mouse_move,,,,,,,763.0,585.0,1784668428744.0,,
6a5fe110a5303295dabd9bc0,,,mouse_move,,,,,,,764.0,587.0,1784668428752.0,,
6a5fe110a5303295dabd9bc1,,,mouse_move,,,,,,,764.0,590.0,1784668428761.0,,
6a5fe110a5303295dabd9bc2,,,mouse_move,,,,,,,766.0,594.0,1784668428767.0,,
6a5fe110a5303295dabd9bc3,,,mouse_move,,,,,,,767.0,596.0,1784668428778.0,,
6a5fe110a5303295dabd9bc4,,,mouse_move,,,,,,,767.0,598.0,1784668428785.0,,
6a5fe110a5303295dabd9bc5,,,mouse_move,,,,,,,768.0,599.0,1784668428793.0,,
6a5fe110a5303295dabd9bc6,,,mouse_move,,,,,,,770.0,603.0,1784668428802.0,,
6a5fe110a5303295dabd9bc7,,,mouse_move,,,,,,,770.0,604.0,1784668428810.0,,
6a5fe110a5303295dabd9bc8,,,mouse_move,,,,,,,770.0,605.0,1784668428819.0,,
6a5fe110a5303295dabd9bc9,,,mouse_move,,,,,,,772.0,607.0,1784668428829.0,,
6a5fe110a5303295dabd9bca,,,mouse_move,,,,,,,773.0,609.0,1784668428836.0,,
6a5fe110a5303295dabd9bcb,,,mouse_move,,,,,,,773.0,611.0,1784668428844.0,,
6a5fe110a5303295dabd9bcc,,,mouse_move,,,,,,,773.0,612.0,1784668428853.0,,
6a5fe110a5303295dabd9bcd,,,mouse_move,,,,,,,774.0,612.0,1784668428856.0,,
6a5fe110a5303295dabd9bce,,,mouse_move,,,,,,,775.0,613.0,1784668428861.0,,
6a5fe110a5303295dabd9bcf,,,mouse_move,,,,,,,775.0,614.0,1784668428877.0,,
6a5fe110a5303295dabd9bd0,,,mouse_move,,,,,,,776.0,614.0,1784668428885.0,,
6a5fe110a5303295dabd9bd1,,,mouse_move,,,,,,,776.0,615.0,1784668428894.0,,
6a5fe110a5303295dabd9bd2,,,mouse_move,,,,,,,777.0,616.0,1784668428902.0,,
6a5fe110a5303295dabd9bd3,,,mouse_move,,,,,,,777.0,617.0,1784668428910.0,,
6a5fe110a5303295dabd9bd4,,,mouse_move,,,,,,,778.0,618.0,1784668428926.0,,
6a5fe110a5303295dabd9bd5,,,mouse_move,,,,,,,779.0,618.0,1784668428933.0,,
6a5fe110a5303295dabd9bd6,,,mouse_move,,,,,,,779.0,619.0,1784668428941.0,,
6a5fe110a5303295dabd9bd7,,,mouse_move,,,,,,,780.0,619.0,1784668428968.0,,
6a5fe110a5303295dabd9bd8,,,mouse_move,,,,,,,780.0,620.0,1784668429023.0,,
6a5fe110a5303295dabd9bd9,,,mouse_move,,,,,,,780.0,619.0,1784668429061.0,,
6a5fe110a5303295dabd9bda,,,mouse_move,,,,,,,777.0,614.0,1784668429069.0,,
6a5fe110a5303295dabd9bdb,,,mouse_move,,,,,,,771.0,606.0,1784668429079.0,,
6a5fe110a5303295dabd9bdc,,,mouse_move,,,,,,,765.0,597.0,1784668429088.0,,
6a5fe110a5303295dabd9bdd,,,mouse_move,,,,,,,758.0,590.0,1784668429095.0,,
6a5fe110a5303295dabd9bde,,,mouse_move,,,,,,,746.0,578.0,1784668429104.0,,
6a5fe110a5303295dabd9bdf,,,mouse_move,,,,,,,739.0,569.0,1784668429113.0,,
6a5fe110a5303295dabd9be0,,,mouse_move,,,,,,,729.0,560.0,1784668429121.0,,
6a5fe110a5303295dabd9be1,,,mouse_move,,,,,,,721.0,549.0,1784668429128.0,,
6a5fe110a5303295dabd9be2,,,mouse_move,,,,,,,711.0,535.0,1784668429138.0,,
6a5fe110a5303295dabd9be3,,,mouse_move,,,,,,,703.0,524.0,1784668429146.0,,
6a5fe110a5303295dabd9be4,,,mouse_move,,,,,,,693.0,509.0,1784668429154.0,,
6a5fe110a5303295dabd9be5,,,mouse_move,,,,,,,685.0,500.0,1784668429162.0,,
6a5fe110a5303295dabd9be6,,,mouse_move,,,,,,,679.0,493.0,1784668429171.0,,
6a5fe110a5303295dabd9be7,,,mouse_move,,,,,,,670.0,483.0,1784668429179.0,,
6a5fe110a5303295dabd9be8,,,mouse_move,,,,,,,663.0,475.0,1784668429188.0,,
6a5fe110a5303295dabd9be9,,,mouse_move,,,,,,,655.0,468.0,1784668429196.0,,
6a5fe110a5303295dabd9bea,,,mouse_move,,,,,,,647.0,458.0,1784668429204.0,,
6a5fe110a5303295dabd9beb,,,mouse_move,,,,,,,634.0,436.0,1784668429213.0,,
6a5fe110a5303295dabd9bec,,,mouse_move,,,,,,,629.0,430.0,1784668429221.0,,
6a5fe110a5303295dabd9bed,,,mouse_move,,,,,,,625.0,425.0,1784668429230.0,,
6a5fe110a5303295dabd9bee,,,mouse_move,,,,,,,622.0,419.0,1784668429238.0,,
6a5fe110a5303295dabd9bef,,,mouse_move,,,,,,,619.0,415.0,1784668429245.0,,
6a5fe110a5303295dabd9bf0,,,mouse_move,,,,,,,615.0,409.0,1784668429254.0,,
6a5fe110a5303295dabd9bf1,,,mouse_move,,,,,,,611.0,404.0,1784668429262.0,,
6a5fe110a5303295dabd9bf2,,,mouse_move,,,,,,,608.0,400.0,1784668429271.0,,
6a5fe110a5303295dabd9bf3,,,mouse_move,,,,,,,604.0,394.0,1784668429279.0,,
6a5fe110a5303295dabd9bf4,,,mouse_move,,,,,,,603.0,389.0,1784668429288.0,,
6a5fe110a5303295dabd9bf5,,,mouse_move,,,,,,,598.0,380.0,1784668429295.0,,
6a5fe110a5303295dabd9bf6,,,mouse_move,,,,,,,594.0,370.0,1784668429304.0,,
6a5fe110a5303295dabd9bf7,,,mouse_move,,,,,,,586.0,350.0,1784668429312.0,,
6a5fe110a5303295dabd9bf8,,,mouse_move,,,,,,,581.0,338.0,1784668429321.0,,
6a5fe110a5303295dabd9bf9,,,mouse_move,,,,,,,579.0,331.0,1784668429329.0,,
6a5fe110a5303295dabd9bfa,,,mouse_move,,,,,,,579.0,329.0,1784668429338.0,,
6a5fe110a5303295dabd9bfb,,,mouse_move,,,,,,,579.0,327.0,1784668429346.0,,
6a5fe110a5303295dabd9bfc,,,mouse_move,,,,,,,579.0,325.0,1784668429353.0,,
6a5fe110a5303295dabd9bfd,,,mouse_move,,,,,,,578.0,324.0,1784668429362.0,,
6a5fe110a5303295dabd9bfe,,,mouse_move,,,,,,,577.0,322.0,1784668429371.0,,
6a5fe110a5303295dabd9bff,,,mouse_move,,,,,,,577.0,319.0,1784668429379.0,,
6a5fe110a5303295dabd9c00,,,mouse_move,,,,,,,576.0,318.0,1784668429387.0,,
6a5fe110a5303295dabd9c01,,,mouse_move,,,,,,,575.0,317.0,1784668429396.0,,
6a5fe110a5303295dabd9c02,,,mouse_move,,,,,,,575.0,315.0,1784668429404.0,,
6a5fe110a5303295dabd9c03,,,mouse_move,,,,,,,574.0,312.0,1784668429413.0,,
6a5fe110a5303295dabd9c04,,,mouse_move,,,,,,,573.0,308.0,1784668429421.0,,
6a5fe110a5303295dabd9c05,,,mouse_move,,,,,,,571.0,302.0,1784668429430.0,,
6a5fe110a5303295dabd9c06,,,mouse_move,,,,,,,570.0,300.0,1784668429439.0,,
6a5fe110a5303295dabd9c07,,,mouse_move,,,,,,,569.0,298.0,1784668429445.0,,
6a5fe110a5303295dabd9c08,,,mouse_move,,,,,,,568.0,297.0,1784668429454.0,,
6a5fe110a5303295dabd9c09,,,mouse_move,,,,,,,567.0,296.0,1784668429463.0,,
6a5fe110a5303295dabd9c0a,,,mouse_move,,,,,,,567.0,295.0,1784668429472.0,,
6a5fe110a5303295dabd9c0b,,,mouse_move,,,,,,,565.0,294.0,1784668429479.0,,
6a5fe110a5303295dabd9c0c,,,mouse_move,,,,,,,564.0,292.0,1784668429488.0,,
6a5fe110a5303295dabd9c0d,,,mouse_move,,,,,,,563.0,291.0,1784668429497.0,,
6a5fe110a5303295dabd9c0e,,,mouse_move,,,,,,,561.0,288.0,1784668429504.0,,
6a5fe110a5303295dabd9c0f,,,mouse_move,,,,,,,561.0,285.0,1784668429513.0,,
6a5fe110a5303295dabd9c10,,,mouse_move,,,,,,,560.0,283.0,1784668429521.0,,
6a5fe110a5303295dabd9c11,,,mouse_move,,,,,,,559.0,281.0,1784668429530.0,,
6a5fe110a5303295dabd9c12,,,mouse_move,,,,,,,559.0,279.0,1784668429538.0,,
6a5fe110a5303295dabd9c13,,,mouse_move,,,,,,,559.0,276.0,1784668429546.0,,
6a5fe110a5303295dabd9c14,,,mouse_move,,,,,,,559.0,275.0,1784668429557.0,,
6a5fe110a5303295dabd9c15,,,mouse_move,,,,,,,559.0,275.0,1784668429615.0,,
6a5fe110a5303295dabd9c16,,,mouse_move,,,,,,,559.0,275.0,1784668429622.0,,
6a5fe110a5303295dabd9c17,,,mouse_move,,,,,,,559.0,275.0,1784668429638.0,,
6a5fe110a5303295dabd9c18,,,mouse_click,,,,,,,559.0,275.0,1784668429670.0,0.0,
6a5fe110a5303295dabd9c19,,,mouse_move,,,,,,,558.0,275.0,1784668429696.0,,
6a5fe110a5303295dabd9c1a,,,mouse_move,,,,,,,557.0,275.0,1784668429720.0,,
6a5fe110a5303295dabd9c1b,,,mouse_move,,,,,,,556.0,277.0,1784668429770.0,,
6a5fe110a5303295dabd9c1c,,,mouse_move,,,,,,,556.0,280.0,1784668429779.0,,
6a5fe110a5303295dabd9c1d,,,mouse_move,,,,,,,556.0,283.0,1784668429788.0,,
6a5fe110a5303295dabd9c1e,,,mouse_move,,,,,,,556.0,288.0,1784668429795.0,,
6a5fe110a5303295dabd9c1f,,,mouse_move,,,,,,,556.0,292.0,1784668429804.0,,
6a5fe110a5303295dabd9c20,,,mouse_move,,,,,,,556.0,299.0,1784668429813.0,,
6a5fe110a5303295dabd9c21,,,mouse_move,,,,,,,605.0,403.0,1784668429940.0,,
6a5fe110a5303295dabd9c22,,,mouse_move,,,,,,,607.0,408.0,1784668429946.0,,
6a5fe110a5303295dabd9c23,,,mouse_move,,,,,,,611.0,413.0,1784668429954.0,,
6a5fe110a5303295dabd9c24,,,mouse_move,,,,,,,613.0,418.0,1784668429961.0,,
6a5fe110a5303295dabd9c25,,,mouse_move,,,,,,,615.0,422.0,1784668429970.0,,
6a5fe110a5303295dabd9c26,,,mouse_move,,,,,,,618.0,428.0,1784668429979.0,,
6a5fe110a5303295dabd9c27,,,mouse_move,,,,,,,620.0,433.0,1784668429988.0,,
6a5fe110a5303295dabd9c28,,,mouse_move,,,,,,,621.0,436.0,1784668429995.0,,
6a5fe110a5303295dabd9c29,,,mouse_move,,,,,,,622.0,440.0,1784668430003.0,,
6a5fe110a5303295dabd9c2a,,,mouse_move,,,,,,,623.0,443.0,1784668430012.0,,
6a5fe110a5303295dabd9c2b,,,mouse_move,,,,,,,624.0,449.0,1784668430021.0,,
6a5fe110a5303295dabd9c2c,,,mouse_move,,,,,,,624.0,450.0,1784668430029.0,,
6a5fe110a5303295dabd9c2d,,,mouse_move,,,,,,,624.0,452.0,1784668430038.0,,
6a5fe110a5303295dabd9c2e,,,mouse_move,,,,,,,624.0,453.0,1784668430046.0,,
6a5fe110a5303295dabd9c2f,,,mouse_move,,,,,,,624.0,455.0,1784668430053.0,,
6a5fe110a5303295dabd9c30,,,mouse_move,,,,,,,625.0,458.0,1784668430079.0,,
6a5fe110a5303295dabd9c31,,,mouse_move,,,,,,,625.0,456.0,1784668430162.0,,
6a5fe110a5303295dabd9c32,,,mouse_move,,,,,,,624.0,454.0,1784668430171.0,,
6a5fe110a5303295dabd9c33,,,mouse_move,,,,,,,623.0,452.0,1784668430179.0,,
6a5fe110a5303295dabd9c34,,,mouse_move,,,,,,,622.0,449.0,1784668430183.0,,
6a5fe110a5303295dabd9c35,,,mouse_move,,,,,,,619.0,444.0,1784668430196.0,,
6a5fe110a5303295dabd9c36,,,mouse_move,,,,,,,619.0,442.0,1784668430204.0,,
6a5fe110a5303295dabd9c37,,,mouse_move,,,,,,,618.0,440.0,1784668430213.0,,
6a5fe110a5303295dabd9c38,,,mouse_move,,,,,,,618.0,439.0,1784668430221.0,,
6a5fe110a5303295dabd9c39,,,mouse_move,,,,,,,618.0,437.0,1784668430230.0,,
6a5fe110a5303295dabd9c3a,,,mouse_move,,,,,,,618.0,435.0,1784668430254.0,,
6a5fe110a5303295dabd9c3b,,,mouse_move,,,,,,,618.0,434.0,1784668430262.0,,
6a5fe110a5303295dabd9c3c,,,mouse_click,,,,,,,618.0,434.0,1784668430390.0,0.0,
6a5fe110a5303295dabd9c3d,,,mouse_move,,,,,,,618.0,433.0,1784668430443.0,,
6a5fe110a5303295dabd9c3e,,,mouse_move,,,,,,,619.0,433.0,1784668430457.0,,
6a5fe110a5303295dabd9c3f,,,mouse_move,,,,,,,619.0,437.0,1784668430483.0,,
6a5fe110a5303295dabd9c40,,,mouse_move,,,,,,,620.0,443.0,1784668430493.0,,
6a5fe110a5303295dabd9c41,,,mouse_move,,,,,,,624.0,454.0,1784668430501.0,,
6a5fe110a5303295dabd9c42,,,mouse_move,,,,,,,628.0,467.0,1784668430518.0,,
6a5fe110a5303295dabd9c43,,,mouse_move,,,,,,,630.0,473.0,1784668430534.0,,
6a5fe110a5303295dabd9c44,,,mouse_move,,,,,,,636.0,491.0,1784668430542.0,,
6a5fe110a5303295dabd9c45,,,mouse_move,,,,,,,637.0,500.0,1784668430550.0,,
6a5fe110a5303295dabd9c46,,,mouse_move,,,,,,,640.0,513.0,1784668430559.0,,
6a5fe110a5303295dabd9c47,,,mouse_move,,,,,,,644.0,525.0,1784668430568.0,,
6a5fe110a5303295dabd9c48,,,mouse_move,,,,,,,646.0,537.0,1784668430575.0,,
6a5fe110a5303295dabd9c49,,,mouse_move,,,,,,,650.0,552.0,1784668430584.0,,
6a5fe110a5303295dabd9c4a,,,mouse_move,,,,,,,652.0,565.0,1784668430592.0,,
6a5fe110a5303295dabd9c4b,,,mouse_move,,,,,,,655.0,577.0,1784668430600.0,,
6a5fe110a5303295dabd9c4c,,,mouse_move,,,,,,,657.0,588.0,1784668430609.0,,
6a5fe110a5303295dabd9c4d,,,mouse_move,,,,,,,661.0,600.0,1784668430618.0,,
6a5fe110a5303295dabd9c4e,,,mouse_move,,,,,,,664.0,608.0,1784668430626.0,,
6a5fe110a5303295dabd9c4f,,,mouse_move,,,,,,,666.0,616.0,1784668430631.0,,
6a5fe110a5303295dabd9c50,,,mouse_move,,,,,,,668.0,625.0,1784668430642.0,,
6a5fe110a5303295dabd9c51,,,mouse_move,,,,,,,670.0,633.0,1784668430652.0,,
6a5fe110a5303295dabd9c52,,,mouse_move,,,,,,,672.0,641.0,1784668430659.0,,
6a5fe110a5303295dabd9c53,,,mouse_move,,,,,,,673.0,647.0,1784668430668.0,,
6a5fe110a5303295dabd9c54,,,mouse_move,,,,,,,674.0,655.0,1784668430675.0,,
6a5fe110a5303295dabd9c55,,,mouse_move,,,,,,,677.0,665.0,1784668430685.0,,
6a5fe110a5303295dabd9c56,,,mouse_move,,,,,,,678.0,668.0,1784668430700.0,,
6a5fe110a5303295dabd9c57,,,mouse_move,,,,,,,678.0,673.0,1784668430709.0,,
6a5fe110a5303295dabd9c58,,,mouse_move,,,,,,,678.0,675.0,1784668430717.0,,
6a5fe110a5303295dabd9c59,,,mouse_move,,,,,,,679.0,676.0,1784668430725.0,,
6a5fe110a5303295dabd9c5a,,,mouse_move,,,,,,,679.0,677.0,1784668430742.0,,
6a5fe110a5303295dabd9c5b,,,mouse_move,,,,,,,679.0,678.0,1784668430775.0,,
6a5fe110a5303295dabd9c5c,,,mouse_move,,,,,,,678.0,678.0,1784668430892.0,,
6a5fe110a5303295dabd9c5d,,,mouse_move,,,,,,,678.0,677.0,1784668430900.0,,
6a5fe110a5303295dabd9c5e,,,mouse_move,,,,,,,677.0,676.0,1784668430904.0,,
6a5fe110a5303295dabd9c5f,,,mouse_move,,,,,,,676.0,675.0,1784668430908.0,,
6a5fe110a5303295dabd9c60,,,mouse_move,,,,,,,675.0,674.0,1784668430917.0,,
6a5fe110a5303295dabd9c61,,,mouse_move,,,,,,,674.0,673.0,1784668430926.0,,
6a5fe110a5303295dabd9c62,,,mouse_move,,,,,,,674.0,672.0,1784668430933.0,,
6a5fe110a5303295dabd9c63,,,mouse_move,,,,,,,674.0,670.0,1784668430942.0,,
6a5fe110a5303295dabd9c64,,,mouse_move,,,,,,,674.0,669.0,1784668430959.0,,
6a5fe110a5303295dabd9c65,,,mouse_move,,,,,,,673.0,669.0,1784668430967.0,,
6a5fe110a5303295dabd9c66,,,mouse_move,,,,,,,673.0,667.0,1784668430975.0,,
6a5fe110a5303295dabd9c67,,,mouse_move,,,,,,,673.0,666.0,1784668431006.0,,
6a5fe110a5303295dabd9c68,,,mouse_move,,,,,,,673.0,665.0,1784668431037.0,,
6a5fe110a5303295dabd9c69,,,mouse_move,,,,,,,673.0,664.0,1784668431058.0,,
6a5fe110a5303295dabd9c6a,,,mouse_move,,,,,,,673.0,663.0,1784668431068.0,,
6a5fe110a5303295dabd9c6b,,,mouse_move,,,,,,,673.0,662.0,1784668431092.0,,
6a5fe110a5303295dabd9c6c,,,mouse_click,,,,,,,673.0,662.0,1784668431205.0,0.0,
6a5fe110a5303295dabd9c6d,,,mouse_move,,,,,,,673.0,661.0,1784668431388.0,,
6a5fe110a5303295dabd9c6e,,,mouse_move,,,,,,,673.0,657.0,1784668431404.0,,
6a5fe110a5303295dabd9c6f,,,mouse_move,,,,,,,673.0,642.0,1784668431422.0,,
6a5fe110a5303295dabd9c70,,,mouse_move,,,,,,,675.0,617.0,1784668431430.0,,
6a5fe110a5303295dabd9c71,,,mouse_move,,,,,,,677.0,598.0,1784668431438.0,,
6a5fe110a5303295dabd9c72,,,mouse_move,,,,,,,677.0,546.0,1784668431447.0,,
6a5fe110a5303295dabd9c73,,,mouse_move,,,,,,,677.0,507.0,1784668431454.0,,
6a5fe110a5303295dabd9c74,,,mouse_move,,,,,,,677.0,495.0,1784668431464.0,,
6a5fe110a5303295dabd9c75,,,mouse_move,,,,,,,677.0,486.0,1784668431471.0,,
6a5fe110a5303295dabd9c76,,,mouse_move,,,,,,,677.0,478.0,1784668431479.0,,
6a5fe110a5303295dabd9c77,,,mouse_move,,,,,,,677.0,473.0,1784668431489.0,,
6a5fe110a5303295dabd9c78,,,mouse_move,,,,,,,677.0,466.0,1784668431497.0,,
6a5fe110a5303295dabd9c79,,,mouse_move,,,,,,,677.0,458.0,1784668431505.0,,
6a5fe110a5303295dabd9c7a,,,mouse_move,,,,,,,677.0,451.0,1784668431514.0,,
6a5fe110a5303295dabd9c7b,,,mouse_move,,,,,,,677.0,444.0,1784668431521.0,,
6a5fe110a5303295dabd9c7c,,,mouse_move,,,,,,,677.0,438.0,1784668431531.0,,
6a5fe110a5303295dabd9c7d,,,mouse_move,,,,,,,677.0,431.0,1784668431539.0,,
6a5fe110a5303295dabd9c7e,,,mouse_move,,,,,,,677.0,427.0,1784668431548.0,,
6a5fe110a5303295dabd9c7f,,,mouse_move,,,,,,,677.0,423.0,1784668431555.0,,
6a5fe110a5303295dabd9c80,,,mouse_move,,,,,,,676.0,419.0,1784668431563.0,,
6a5fe110a5303295dabd9c81,,,mouse_move,,,,,,,676.0,418.0,1784668431580.0,,
6a5fe110a5303295dabd9c82,,,mouse_move,,,,,,,675.0,418.0,1784668431589.0,,
6a5fe110a5303295dabd9c83,,,mouse_click,,,,,,,675.0,418.0,1784668431684.0,0.0,
6a5fe110a5303295dabd9c84,,,mouse_move,,,,,,,672.0,418.0,1784668431705.0,,
6a5fe110a5303295dabd9c85,,,mouse_move,,,,,,,671.0,417.0,1784668431713.0,,
6a5fe110a5303295dabd9c86,,,mouse_move,,,,,,,669.0,416.0,1784668431721.0,,
6a5fe110a5303295dabd9c87,,,mouse_move,,,,,,,667.0,415.0,1784668431731.0,,
6a5fe110a5303295dabd9c88,,,mouse_move,,,,,,,665.0,414.0,1784668431738.0,,
6a5fe110a5303295dabd9c89,,,mouse_move,,,,,,,663.0,413.0,1784668431747.0,,
6a5fe110a5303295dabd9c8a,,,mouse_move,,,,,,,662.0,413.0,1784668431755.0,,
6a5fe110a5303295dabd9c8b,,,mouse_move,,,,,,,660.0,412.0,1784668431763.0,,
6a5fe110a5303295dabd9c8c,,,mouse_move,,,,,,,659.0,411.0,1784668431771.0,,
6a5fe110a5303295dabd9c8d,,,mouse_move,,,,,,,658.0,411.0,1784668431780.0,,
6a5fe110a5303295dabd9c8e,,,mouse_move,,,,,,,657.0,411.0,1784668431788.0,,
6a5fe110a5303295dabd9c8f,,,mouse_move,,,,,,,658.0,411.0,1784668432061.0,,
6a5fe110a5303295dabd9c90,,,mouse_move,,,,,,,659.0,411.0,1784668432084.0,,
6a5fe110a5303295dabd9c91,,,mouse_move,,,,,,,659.0,412.0,1784668432105.0,,
6a5fe110a5303295dabd9c92,,,mouse_move,,,,,,,660.0,412.0,1784668432135.0,,
6a5fe110a5303295dabd9c93,,,mouse_move,,,,,,,661.0,413.0,1784668432159.0,,
6a5fe110a5303295dabd9c94,,,mouse_move,,,,,,,661.0,414.0,1784668432189.0,,
6a5fe110a5303295dabd9c95,,,mouse_move,,,,,,,662.0,414.0,1784668432214.0,,
6a5fe110a5303295dabd9c96,,,mouse_move,,,,,,,662.0,415.0,1784668432245.0,,
6a5fe110a5303295dabd9c97,,,mouse_move,,,,,,,663.0,415.0,1784668432271.0,,
6a5fe110a5303295dabd9c98,,,mouse_move,,,,,,,663.0,416.0,1784668432300.0,,
6a5fe110a5303295dabd9c99,,,mouse_move,,,,,,,663.0,417.0,1784668432326.0,,
6a5fe11aa5303295dabd9c9b,,,mouse_move,,,,,,,664.0,417.0,1784668432357.0,,
6a5fe11aa5303295dabd9c9c,,,mouse_move,,,,,,,665.0,417.0,1784668432486.0,,
6a5fe11aa5303295dabd9c9d,,,mouse_move,,,,,,,665.0,418.0,1784668432496.0,,
6a5fe11aa5303295dabd9c9e,,,mouse_move,,,,,,,666.0,418.0,1784668432510.0,,
6a5fe11aa5303295dabd9c9f,,,mouse_move,,,,,,,668.0,416.0,1784668432533.0,,
6a5fe11aa5303295dabd9ca0,,,mouse_move,,,,,,,670.0,410.0,1784668432541.0,,
6a5fe11aa5303295dabd9ca1,,,mouse_move,,,,,,,672.0,403.0,1784668432549.0,,
6a5fe11aa5303295dabd9ca2,,,mouse_move,,,,,,,674.0,398.0,1784668432558.0,,
6a5fe11aa5303295dabd9ca3,,,mouse_move,,,,,,,675.0,394.0,1784668432566.0,,
6a5fe11aa5303295dabd9ca4,,,mouse_move,,,,,,,677.0,390.0,1784668432574.0,,
6a5fe11aa5303295dabd9ca5,,,mouse_move,,,,,,,678.0,385.0,1784668432581.0,,
6a5fe11aa5303295dabd9ca6,,,mouse_move,,,,,,,679.0,382.0,1784668432589.0,,
6a5fe11aa5303295dabd9ca7,,,mouse_move,,,,,,,679.0,379.0,1784668432598.0,,
6a5fe11aa5303295dabd9ca8,,,mouse_move,,,,,,,679.0,377.0,1784668432605.0,,
6a5fe11aa5303295dabd9ca9,,,mouse_move,,,,,,,679.0,376.0,1784668432613.0,,
6a5fe11aa5303295dabd9caa,,,mouse_move,,,,,,,679.0,375.0,1784668432621.0,,
6a5fe11aa5303295dabd9cab,,,mouse_move,,,,,,,679.0,376.0,1784668432757.0,,
6a5fe11aa5303295dabd9cac,,,mouse_click,,,,,,,679.0,376.0,1784668432757.0,0.0,
6a5fe11aa5303295dabd9cad,,,mouse_move,,,,,,,679.0,376.0,1784668432765.0,,
6a5fe11aa5303295dabd9cae,,,mouse_move,,,,,,,679.0,378.0,1784668432805.0,,
6a5fe11aa5303295dabd9caf,,,mouse_move,,,,,,,679.0,379.0,1784668432814.0,,
6a5fe11aa5303295dabd9cb0,,,mouse_move,,,,,,,678.0,381.0,1784668432821.0,,
6a5fe11aa5303295dabd9cb1,,,mouse_move,,,,,,,678.0,383.0,1784668432830.0,,
6a5fe11aa5303295dabd9cb2,,,mouse_move,,,,,,,677.0,386.0,1784668432838.0,,
6a5fe11aa5303295dabd9cb3,,,mouse_move,,,,,,,677.0,388.0,1784668432848.0,,
6a5fe11aa5303295dabd9cb4,,,mouse_move,,,,,,,677.0,390.0,1784668432856.0,,
6a5fe11aa5303295dabd9cb5,,,mouse_move,,,,,,,677.0,393.0,1784668432863.0,,
6a5fe11aa5303295dabd9cb6,,,mouse_move,,,,,,,677.0,394.0,1784668432872.0,,
6a5fe11aa5303295dabd9cb7,,,mouse_move,,,,,,,677.0,395.0,1784668432879.0,,
6a5fe11aa5303295dabd9cb8,,,mouse_move,,,,,,,677.0,398.0,1784668432888.0,,
6a5fe11aa5303295dabd9cb9,,,mouse_move,,,,,,,677.0,399.0,1784668432896.0,,
6a5fe11aa5303295dabd9cba,,,mouse_move,,,,,,,677.0,400.0,1784668432909.0,,
6a5fe11aa5303295dabd9cbb,,,mouse_move,,,,,,,677.0,401.0,1784668432917.0,,
6a5fe11aa5303295dabd9cbc,,,mouse_click,,,,,,,677.0,401.0,1784668433105.0,0.0,
6a5fe11aa5303295dabd9cbd,,,mouse_move,,,,,,,679.0,406.0,1784668433697.0,,
6a5fe11aa5303295dabd9cbe,,,mouse_move,,,,,,,680.0,413.0,1784668433705.0,,
6a5fe11aa5303295dabd9cbf,,,mouse_move,,,,,,,682.0,418.0,1784668433714.0,,
6a5fe11aa5303295dabd9cc0,,,mouse_move,,,,,,,683.0,426.0,1784668433722.0,,
6a5fe11aa5303295dabd9cc1,,,mouse_move,,,,,,,684.0,433.0,1784668433730.0,,
6a5fe11aa5303295dabd9cc2,,,mouse_move,,,,,,,684.0,437.0,1784668433739.0,,
6a5fe11aa5303295dabd9cc3,,,mouse_move,,,,,,,684.0,444.0,1784668433746.0,,
6a5fe11aa5303295dabd9cc4,,,mouse_move,,,,,,,684.0,448.0,1784668433755.0,,
6a5fe11aa5303295dabd9cc5,,,mouse_move,,,,,,,684.0,453.0,1784668433763.0,,
6a5fe11aa5303295dabd9cc6,,,mouse_move,,,,,,,684.0,460.0,1784668433771.0,,
6a5fe11aa5303295dabd9cc7,,,mouse_move,,,,,,,684.0,481.0,1784668433780.0,,
6a5fe11aa5303295dabd9cc8,,,mouse_move,,,,,,,686.0,493.0,1784668433788.0,,
6a5fe11aa5303295dabd9cc9,,,mouse_move,,,,,,,687.0,505.0,1784668433797.0,,
6a5fe11aa5303295dabd9cca,,,mouse_move,,,,,,,689.0,519.0,1784668433805.0,,
6a5fe11aa5303295dabd9ccb,,,mouse_move,,,,,,,692.0,530.0,1784668433813.0,,
6a5fe11aa5303295dabd9ccc,,,mouse_move,,,,,,,694.0,543.0,1784668433820.0,,
6a5fe11aa5303295dabd9ccd,,,mouse_move,,,,,,,696.0,553.0,1784668433828.0,,
6a5fe11aa5303295dabd9cce,,,mouse_move,,,,,,,697.0,562.0,1784668433838.0,,
6a5fe11aa5303295dabd9ccf,,,mouse_move,,,,,,,697.0,571.0,1784668433845.0,,
6a5fe11aa5303295dabd9cd0,,,mouse_move,,,,,,,697.0,581.0,1784668433853.0,,
6a5fe11aa5303295dabd9cd1,,,mouse_move,,,,,,,696.0,587.0,1784668433862.0,,
6a5fe11aa5303295dabd9cd2,,,mouse_move,,,,,,,694.0,592.0,1784668433871.0,,
6a5fe11aa5303295dabd9cd3,,,mouse_move,,,,,,,694.0,596.0,1784668433879.0,,
6a5fe11aa5303295dabd9cd4,,,mouse_move,,,,,,,694.0,602.0,1784668433887.0,,
6a5fe11aa5303295dabd9cd5,,,mouse_move,,,,,,,694.0,606.0,1784668433898.0,,
6a5fe11aa5303295dabd9cd6,,,mouse_move,,,,,,,693.0,609.0,1784668433904.0,,
6a5fe11aa5303295dabd9cd7,,,mouse_move,,,,,,,693.0,612.0,1784668433912.0,,
6a5fe11aa5303295dabd9cd8,,,mouse_move,,,,,,,693.0,614.0,1784668433920.0,,
6a5fe11aa5303295dabd9cd9,,,mouse_move,,,,,,,693.0,617.0,1784668433928.0,,
6a5fe11aa5303295dabd9cda,,,mouse_move,,,,,,,693.0,620.0,1784668433937.0,,
6a5fe11aa5303295dabd9cdb,,,mouse_move,,,,,,,692.0,623.0,1784668433946.0,,
6a5fe11aa5303295dabd9cdc,,,mouse_move,,,,,,,692.0,626.0,1784668433954.0,,
6a5fe11aa5303295dabd9cdd,,,mouse_move,,,,,,,691.0,630.0,1784668433962.0,,
6a5fe11aa5303295dabd9cde,,,mouse_move,,,,,,,691.0,633.0,1784668433971.0,,
6a5fe11aa5303295dabd9cdf,,,mouse_move,,,,,,,690.0,636.0,1784668433978.0,,
6a5fe11aa5303295dabd9ce0,,,mouse_move,,,,,,,690.0,638.0,1784668433988.0,,
6a5fe11aa5303295dabd9ce1,,,mouse_move,,,,,,,690.0,642.0,1784668433997.0,,
6a5fe11aa5303295dabd9ce2,,,mouse_move,,,,,,,689.0,644.0,1784668434012.0,,
6a5fe11aa5303295dabd9ce3,,,mouse_move,,,,,,,689.0,648.0,1784668434020.0,,
6a5fe11aa5303295dabd9ce4,,,mouse_move,,,,,,,689.0,650.0,1784668434029.0,,
6a5fe11aa5303295dabd9ce5,,,mouse_move,,,,,,,689.0,651.0,1784668434046.0,,
6a5fe11aa5303295dabd9ce6,,,mouse_move,,,,,,,688.0,652.0,1784668434053.0,,
6a5fe11aa5303295dabd9ce7,,,mouse_move,,,,,,,688.0,653.0,1784668434063.0,,
6a5fe11aa5303295dabd9ce8,,,mouse_move,,,,,,,688.0,654.0,1784668434070.0,,
6a5fe11aa5303295dabd9ce9,,,mouse_move,,,,,,,688.0,655.0,1784668434086.0,,
6a5fe11aa5303295dabd9cea,,,mouse_move,,,,,,,687.0,655.0,1784668434104.0,,
6a5fe11aa5303295dabd9ceb,,,mouse_move,,,,,,,687.0,656.0,1784668434129.0,,
6a5fe11aa5303295dabd9cec,,,mouse_click,,,,,,,687.0,656.0,1784668434229.0,0.0,
6a5fe11aa5303295dabd9ced,,,mouse_move,,,,,,,686.0,656.0,1784668434278.0,,
6a5fe11aa5303295dabd9cee,,,mouse_move,,,,,,,686.0,654.0,1784668434500.0,,
6a5fe11aa5303295dabd9cef,,,mouse_move,,,,,,,686.0,652.0,1784668434505.0,,
6a5fe11aa5303295dabd9cf0,,,mouse_move,,,,,,,686.0,651.0,1784668434512.0,,
6a5fe11aa5303295dabd9cf1,,,mouse_move,,,,,,,686.0,650.0,1784668434520.0,,
6a5fe11aa5303295dabd9cf2,,,mouse_move,,,,,,,686.0,647.0,1784668434529.0,,
6a5fe11aa5303295dabd9cf3,,,mouse_move,,,,,,,686.0,646.0,1784668434537.0,,
6a5fe11aa5303295dabd9cf4,,,mouse_move,,,,,,,687.0,645.0,1784668434545.0,,
6a5fe11aa5303295dabd9cf5,,,mouse_move,,,,,,,687.0,643.0,1784668434553.0,,
6a5fe11aa5303295dabd9cf6,,,mouse_move,,,,,,,688.0,641.0,1784668434561.0,,
6a5fe11aa5303295dabd9cf7,,,mouse_move,,,,,,,689.0,641.0,1784668434571.0,,
6a5fe11aa5303295dabd9cf8,,,mouse_move,,,,,,,690.0,639.0,1784668434579.0,,
6a5fe11aa5303295dabd9cf9,,,mouse_move,,,,,,,691.0,638.0,1784668434586.0,,
6a5fe11aa5303295dabd9cfa,,,mouse_move,,,,,,,692.0,636.0,1784668434595.0,,
6a5fe11aa5303295dabd9cfb,,,mouse_move,,,,,,,694.0,633.0,1784668434604.0,,
6a5fe11aa5303295dabd9cfc,,,mouse_move,,,,,,,697.0,631.0,1784668434613.0,,
6a5fe11aa5303295dabd9cfd,,,mouse_move,,,,,,,699.0,629.0,1784668434620.0,,
6a5fe11aa5303295dabd9cfe,,,mouse_move,,,,,,,702.0,627.0,1784668434629.0,,
6a5fe11aa5303295dabd9cff,,,mouse_move,,,,,,,702.0,626.0,1784668434638.0,,
6a5fe11aa5303295dabd9d00,,,mouse_move,,,,,,,704.0,625.0,1784668434645.0,,
6a5fe11aa5303295dabd9d01,,,mouse_move,,,,,,,704.0,624.0,1784668434653.0,,
6a5fe11aa5303295dabd9d02,,,mouse_move,,,,,,,704.0,625.0,1784668434812.0,,
6a5fe11aa5303295dabd9d03,,,mouse_move,,,,,,,704.0,626.0,1784668434820.0,,
6a5fe11aa5303295dabd9d04,,,mouse_move,,,,,,,704.0,627.0,1784668434829.0,,
6a5fe11aa5303295dabd9d05,,,mouse_move,,,,,,,704.0,628.0,1784668434846.0,,
6a5fe11aa5303295dabd9d06,,,mouse_move,,,,,,,704.0,626.0,1784668434903.0,,
6a5fe11aa5303295dabd9d07,,,mouse_move,,,,,,,704.0,625.0,1784668434912.0,,
6a5fe11aa5303295dabd9d08,,,mouse_move,,,,,,,703.0,623.0,1784668434920.0,,
6a5fe11aa5303295dabd9d09,,,mouse_move,,,,,,,703.0,620.0,1784668434929.0,,
6a5fe11aa5303295dabd9d0a,,,mouse_move,,,,,,,702.0,614.0,1784668434937.0,,
6a5fe11aa5303295dabd9d0b,,,mouse_move,,,,,,,702.0,607.0,1784668434945.0,,
6a5fe11aa5303295dabd9d0c,,,mouse_move,,,,,,,701.0,603.0,1784668434953.0,,
6a5fe11aa5303295dabd9d0d,,,mouse_move,,,,,,,701.0,599.0,1784668434961.0,,
6a5fe11aa5303295dabd9d0e,,,mouse_move,,,,,,,701.0,596.0,1784668434970.0,,
6a5fe11aa5303295dabd9d0f,,,mouse_move,,,,,,,700.0,594.0,1784668434978.0,,
6a5fe11aa5303295dabd9d10,,,mouse_move,,,,,,,700.0,593.0,1784668434986.0,,
6a5fe11aa5303295dabd9d11,,,mouse_move,,,,,,,700.0,592.0,1784668434996.0,,
6a5fe11aa5303295dabd9d12,,,mouse_move,,,,,,,700.0,590.0,1784668435063.0,,
6a5fe11aa5303295dabd9d13,,,mouse_move,,,,,,,700.0,584.0,1784668435071.0,,
6a5fe11aa5303295dabd9d14,,,mouse_move,,,,,,,700.0,577.0,1784668435079.0,,
6a5fe11aa5303295dabd9d15,,,mouse_move,,,,,,,700.0,562.0,1784668435088.0,,
6a5fe11aa5303295dabd9d16,,,mouse_move,,,,,,,703.0,555.0,1784668435095.0,,
6a5fe11aa5303295dabd9d17,,,mouse_move,,,,,,,706.0,548.0,1784668435104.0,,
6a5fe11aa5303295dabd9d18,,,mouse_move,,,,,,,706.0,547.0,1784668435112.0,,
6a5fe11aa5303295dabd9d19,,,mouse_move,,,,,,,707.0,547.0,1784668435390.0,,
6a5fe11aa5303295dabd9d1a,,,mouse_move,,,,,,,708.0,546.0,1784668435412.0,,
6a5fe11aa5303295dabd9d1b,,,mouse_move,,,,,,,714.0,544.0,1784668435422.0,,
6a5fe11aa5303295dabd9d1c,,,mouse_move,,,,,,,716.0,544.0,1784668435429.0,,
6a5fe11aa5303295dabd9d1d,,,mouse_move,,,,,,,721.0,544.0,1784668435439.0,,
6a5fe11aa5303295dabd9d1e,,,mouse_move,,,,,,,724.0,544.0,1784668435445.0,,
6a5fe11aa5303295dabd9d1f,,,mouse_move,,,,,,,734.0,541.0,1784668435453.0,,
6a5fe11aa5303295dabd9d20,,,mouse_move,,,,,,,736.0,539.0,1784668435470.0,,
6a5fe11aa5303295dabd9d21,,,mouse_move,,,,,,,738.0,539.0,1784668435479.0,,
6a5fe11aa5303295dabd9d22,,,mouse_move,,,,,,,743.0,536.0,1784668435488.0,,
6a5fe11aa5303295dabd9d23,,,mouse_move,,,,,,,751.0,532.0,1784668435495.0,,
6a5fe11aa5303295dabd9d24,,,mouse_move,,,,,,,760.0,527.0,1784668435503.0,,
6a5fe11aa5303295dabd9d25,,,mouse_move,,,,,,,772.0,523.0,1784668435512.0,,
6a5fe11aa5303295dabd9d26,,,mouse_move,,,,,,,793.0,512.0,1784668435521.0,,
6a5fe11aa5303295dabd9d27,,,mouse_move,,,,,,,816.0,501.0,1784668435529.0,,
6a5fe11aa5303295dabd9d28,,,mouse_move,,,,,,,844.0,488.0,1784668435538.0,,
6a5fe11aa5303295dabd9d29,,,mouse_move,,,,,,,874.0,470.0,1784668435546.0,,
6a5fe11aa5303295dabd9d2a,,,mouse_move,,,,,,,917.0,445.0,1784668435555.0,,
6a5fe11aa5303295dabd9d2b,,,mouse_move,,,,,,,943.0,428.0,1784668435562.0,,
6a5fe11aa5303295dabd9d2c,,,mouse_move,,,,,,,989.0,398.0,1784668435571.0,,
6a5fe11aa5303295dabd9d2d,,,mouse_move,,,,,,,1025.0,374.0,1784668435580.0,,
6a5fe11aa5303295dabd9d2e,,,mouse_move,,,,,,,1054.0,357.0,1784668435588.0,,
6a5fe11aa5303295dabd9d2f,,,mouse_move,,,,,,,1081.0,340.0,1784668435596.0,,
6a5fe11aa5303295dabd9d30,,,mouse_move,,,,,,,1109.0,319.0,1784668435604.0,,
6a5fe11aa5303295dabd9d31,,,mouse_move,,,,,,,1118.0,313.0,1784668435613.0,,
6a5fe11aa5303295dabd9d32,,,mouse_move,,,,,,,1126.0,306.0,1784668435621.0,,
6a5fe11aa5303295dabd9d33,,,mouse_move,,,,,,,1131.0,303.0,1784668435629.0,,
6a5fe11aa5303295dabd9d34,,,mouse_move,,,,,,,1131.0,302.0,1784668435637.0,,
6a5fe11aa5303295dabd9d35,,,mouse_move,,,,,,,1131.0,301.0,1784668435645.0,,
6a5fe11aa5303295dabd9d36,,,mouse_move,,,,,,,1130.0,301.0,1784668435654.0,,
6a5fe11aa5303295dabd9d37,,,mouse_move,,,,,,,1128.0,300.0,1784668435661.0,,
6a5fe11aa5303295dabd9d38,,,mouse_move,,,,,,,1124.0,300.0,1784668435670.0,,
6a5fe11aa5303295dabd9d39,,,mouse_move,,,,,,,1118.0,300.0,1784668435679.0,,
6a5fe11aa5303295dabd9d3a,,,mouse_move,,,,,,,1110.0,300.0,1784668435688.0,,
6a5fe11aa5303295dabd9d3b,,,mouse_move,,,,,,,1097.0,303.0,1784668435695.0,,
6a5fe11aa5303295dabd9d3c,,,mouse_move,,,,,,,1076.0,308.0,1784668435704.0,,
6a5fe11aa5303295dabd9d3d,,,mouse_move,,,,,,,1054.0,314.0,1784668435712.0,,
6a5fe11aa5303295dabd9d3e,,,mouse_move,,,,,,,1025.0,322.0,1784668435720.0,,
6a5fe11aa5303295dabd9d3f,,,mouse_move,,,,,,,997.0,330.0,1784668435729.0,,
6a5fe11aa5303295dabd9d40,,,mouse_move,,,,,,,956.0,345.0,1784668435738.0,,
6a5fe11aa5303295dabd9d41,,,mouse_move,,,,,,,923.0,357.0,1784668435745.0,,
6a5fe11aa5303295dabd9d42,,,mouse_move,,,,,,,890.0,369.0,1784668435753.0,,
6a5fe11aa5303295dabd9d43,,,mouse_move,,,,,,,848.0,389.0,1784668435762.0,,
6a5fe11aa5303295dabd9d44,,,mouse_move,,,,,,,818.0,408.0,1784668435770.0,,
6a5fe11aa5303295dabd9d45,,,mouse_move,,,,,,,792.0,430.0,1784668435778.0,,
6a5fe11aa5303295dabd9d46,,,mouse_move,,,,,,,763.0,473.0,1784668435788.0,,
6a5fe11aa5303295dabd9d47,,,mouse_move,,,,,,,746.0,517.0,1784668435796.0,,
6a5fe11aa5303295dabd9d48,,,mouse_move,,,,,,,734.0,561.0,1784668435805.0,,
6a5fe11aa5303295dabd9d49,,,mouse_move,,,,,,,728.0,621.0,1784668435812.0,,
6a5fe11aa5303295dabd9d4a,,,mouse_move,,,,,,,726.0,689.0,1784668435821.0,,
6a5fe11aa5303295dabd9d4b,,,mouse_move,,,,,,,726.0,765.0,1784668435829.0,,
6a5fe11aa5303295dabd9d4c,,,mouse_move,,,,,,,895.0,765.0,1784668437605.0,,
6a5fe11aa5303295dabd9d4d,,,mouse_move,,,,,,,871.0,669.0,1784668437628.0,,
6a5fe11aa5303295dabd9d4e,,,mouse_move,,,,,,,843.0,599.0,1784668437643.0,,
6a5fe11aa5303295dabd9d4f,,,mouse_move,,,,,,,816.0,544.0,1784668437659.0,,
6a5fe11aa5303295dabd9d50,,,mouse_move,,,,,,,803.0,521.0,1784668437668.0,,
6a5fe11aa5303295dabd9d51,,,mouse_move,,,,,,,799.0,516.0,1784668437676.0,,
6a5fe11aa5303295dabd9d52,,,mouse_move,,,,,,,795.0,511.0,1784668437684.0,,
6a5fe11aa5303295dabd9d53,,,mouse_move,,,,,,,788.0,508.0,1784668437693.0,,
6a5fe11aa5303295dabd9d54,,,mouse_move,,,,,,,782.0,508.0,1784668437701.0,,
6a5fe11aa5303295dabd9d55,,,mouse_move,,,,,,,777.0,508.0,1784668437709.0,,
6a5fe11aa5303295dabd9d56,,,mouse_move,,,,,,,771.0,508.0,1784668437717.0,,
6a5fe11aa5303295dabd9d57,,,mouse_move,,,,,,,768.0,508.0,1784668437726.0,,
6a5fe11aa5303295dabd9d58,,,mouse_move,,,,,,,764.0,508.0,1784668437733.0,,
6a5fe11aa5303295dabd9d59,,,mouse_move,,,,,,,759.0,510.0,1784668437743.0,,
6a5fe11aa5303295dabd9d5a,,,mouse_move,,,,,,,755.0,512.0,1784668437753.0,,
6a5fe11aa5303295dabd9d5b,,,mouse_move,,,,,,,751.0,513.0,1784668437759.0,,
6a5fe11aa5303295dabd9d5c,,,mouse_move,,,,,,,748.0,515.0,1784668437768.0,,
6a5fe11aa5303295dabd9d5d,,,mouse_move,,,,,,,746.0,517.0,1784668437775.0,,
6a5fe11aa5303295dabd9d5e,,,mouse_move,,,,,,,744.0,518.0,1784668437784.0,,
6a5fe11aa5303295dabd9d5f,,,mouse_move,,,,,,,741.0,520.0,1784668437792.0,,
6a5fe11aa5303295dabd9d60,,,mouse_move,,,,,,,738.0,520.0,1784668437801.0,,
6a5fe11aa5303295dabd9d61,,,mouse_move,,,,,,,736.0,521.0,1784668437809.0,,
6a5fe11aa5303295dabd9d62,,,mouse_move,,,,,,,732.0,524.0,1784668437817.0,,
6a5fe11aa5303295dabd9d63,,,mouse_move,,,,,,,729.0,524.0,1784668437826.0,,
6a5fe11aa5303295dabd9d64,,,mouse_move,,,,,,,726.0,525.0,1784668437834.0,,
6a5fe11aa5303295dabd9d65,,,mouse_move,,,,,,,722.0,527.0,1784668437842.0,,
6a5fe11aa5303295dabd9d66,,,mouse_move,,,,,,,719.0,528.0,1784668437852.0,,
6a5fe11aa5303295dabd9d67,,,mouse_move,,,,,,,716.0,528.0,1784668437859.0,,
6a5fe11aa5303295dabd9d68,,,mouse_move,,,,,,,714.0,528.0,1784668437868.0,,
6a5fe11aa5303295dabd9d69,,,mouse_move,,,,,,,712.0,528.0,1784668437876.0,,
6a5fe11aa5303295dabd9d6a,,,mouse_move,,,,,,,709.0,529.0,1784668437884.0,,
6a5fe11aa5303295dabd9d6b,,,mouse_move,,,,,,,706.0,530.0,1784668437892.0,,
6a5fe11aa5303295dabd9d6c,,,mouse_move,,,,,,,701.0,532.0,1784668437901.0,,
6a5fe11aa5303295dabd9d6d,,,mouse_move,,,,,,,696.0,533.0,1784668437909.0,,
6a5fe11aa5303295dabd9d6e,,,mouse_move,,,,,,,665.0,541.0,1784668437917.0,,
6a5fe11aa5303295dabd9d6f,,,mouse_move,,,,,,,653.0,545.0,1784668437925.0,,
6a5fe11aa5303295dabd9d70,,,mouse_move,,,,,,,640.0,548.0,1784668437934.0,,
6a5fe11aa5303295dabd9d71,,,mouse_move,,,,,,,626.0,552.0,1784668437942.0,,
6a5fe11aa5303295dabd9d72,,,mouse_move,,,,,,,613.0,556.0,1784668437951.0,,
6a5fe11aa5303295dabd9d73,,,mouse_move,,,,,,,604.0,561.0,1784668437959.0,,
6a5fe11aa5303295dabd9d74,,,mouse_move,,,,,,,597.0,568.0,1784668437968.0,,
6a5fe11aa5303295dabd9d75,,,mouse_move,,,,,,,594.0,571.0,1784668437977.0,,
6a5fe11aa5303295dabd9d76,,,mouse_move,,,,,,,589.0,578.0,1784668437984.0,,
6a5fe11aa5303295dabd9d77,,,mouse_move,,,,,,,586.0,584.0,1784668437993.0,,
6a5fe11aa5303295dabd9d78,,,mouse_move,,,,,,,583.0,589.0,1784668438001.0,,
6a5fe11aa5303295dabd9d79,,,mouse_move,,,,,,,582.0,591.0,1784668438010.0,,
6a5fe11aa5303295dabd9d7a,,,mouse_move,,,,,,,581.0,593.0,1784668438018.0,,
6a5fe11aa5303295dabd9d7b,,,mouse_move,,,,,,,581.0,594.0,1784668438026.0,,
6a5fe11aa5303295dabd9d7c,,,mouse_move,,,,,,,583.0,594.0,1784668438079.0,,
6a5fe11aa5303295dabd9d7d,,,mouse_move,,,,,,,585.0,593.0,1784668438086.0,,
6a5fe11aa5303295dabd9d7e,,,mouse_move,,,,,,,587.0,592.0,1784668438094.0,,
6a5fe11aa5303295dabd9d7f,,,mouse_move,,,,,,,588.0,592.0,1784668438102.0,,
6a5fe11aa5303295dabd9d80,,,mouse_move,,,,,,,589.0,591.0,1784668438114.0,,
6a5fe11aa5303295dabd9d81,,,mouse_move,,,,,,,590.0,591.0,1784668438118.0,,
6a5fe11aa5303295dabd9d82,,,mouse_move,,,,,,,591.0,590.0,1784668438126.0,,
6a5fe11aa5303295dabd9d83,,,mouse_move,,,,,,,592.0,590.0,1784668438174.0,,
6a5fe11aa5303295dabd9d84,,,mouse_move,,,,,,,595.0,592.0,1784668439009.0,,
6a5fe11aa5303295dabd9d85,,,mouse_move,,,,,,,601.0,596.0,1784668439018.0,,
6a5fe11aa5303295dabd9d86,,,mouse_move,,,,,,,612.0,604.0,1784668439026.0,,
6a5fe11aa5303295dabd9d87,,,mouse_move,,,,,,,624.0,612.0,1784668439034.0,,
6a5fe11aa5303295dabd9d88,,,mouse_move,,,,,,,631.0,618.0,1784668439042.0,,
6a5fe11aa5303295dabd9d89,,,mouse_move,,,,,,,640.0,625.0,1784668439050.0,,
6a5fe11aa5303295dabd9d8a,,,mouse_move,,,,,,,650.0,632.0,1784668439058.0,,
6a5fe11aa5303295dabd9d8b,,,mouse_move,,,,,,,660.0,640.0,1784668439068.0,,
6a5fe11aa5303295dabd9d8c,,,mouse_move,,,,,,,671.0,648.0,1784668439084.0,,
6a5fe11aa5303295dabd9d8d,,,mouse_move,,,,,,,682.0,657.0,1784668439090.0,,
6a5fe11aa5303295dabd9d8e,,,mouse_move,,,,,,,694.0,664.0,1784668439099.0,,
6a5fe11aa5303295dabd9d8f,,,mouse_move,,,,,,,701.0,670.0,1784668439106.0,,
6a5fe11aa5303295dabd9d90,,,mouse_move,,,,,,,712.0,677.0,1784668439131.0,,
6a5fe11aa5303295dabd9d91,,,mouse_move,,,,,,,715.0,679.0,1784668439139.0,,
6a5fe11aa5303295dabd9d92,,,mouse_move,,,,,,,716.0,679.0,1784668439156.0,,
6a5fe11aa5303295dabd9d93,,,mouse_move,,,,,,,717.0,680.0,1784668439215.0,,
6a5fe11aa5303295dabd9d94,,,mouse_move,,,,,,,718.0,680.0,1784668439223.0,,
6a5fe11aa5303295dabd9d95,,,mouse_move,,,,,,,718.0,682.0,1784668439239.0,,
6a5fe11aa5303295dabd9d96,,,mouse_move,,,,,,,720.0,682.0,1784668439249.0,,
6a5fe11aa5303295dabd9d97,,,mouse_move,,,,,,,721.0,682.0,1784668439256.0,,
6a5fe11aa5303295dabd9d98,,,mouse_move,,,,,,,722.0,682.0,1784668439264.0,,
6a5fe11aa5303295dabd9d99,,,mouse_move,,,,,,,724.0,682.0,1784668439282.0,,
6a5fe11aa5303295dabd9d9a,,,mouse_move,,,,,,,727.0,680.0,1784668439289.0,,
6a5fe11aa5303295dabd9d9b,,,mouse_move,,,,,,,729.0,679.0,1784668439298.0,,
6a5fe11aa5303295dabd9d9c,,,mouse_move,,,,,,,735.0,673.0,1784668439307.0,,
6a5fe11aa5303295dabd9d9d,,,mouse_move,,,,,,,742.0,666.0,1784668439314.0,,
6a5fe11aa5303295dabd9d9e,,,mouse_move,,,,,,,755.0,650.0,1784668439323.0,,
6a5fe11aa5303295dabd9d9f,,,mouse_move,,,,,,,767.0,629.0,1784668439331.0,,
6a5fe11aa5303295dabd9da0,,,mouse_move,,,,,,,787.0,592.0,1784668439340.0,,
6a5fe11aa5303295dabd9da1,,,mouse_move,,,,,,,805.0,557.0,1784668439348.0,,
6a5fe11aa5303295dabd9da2,,,mouse_move,,,,,,,824.0,521.0,1784668439357.0,,
6a5fe11aa5303295dabd9da3,,,mouse_move,,,,,,,841.0,479.0,1784668439364.0,,
6a5fe11aa5303295dabd9da4,,,mouse_move,,,,,,,860.0,440.0,1784668439373.0,,
6a5fe11aa5303295dabd9da5,,,mouse_move,,,,,,,886.0,358.0,1784668439382.0,,
6a5fe11aa5303295dabd9da6,,,mouse_move,,,,,,,892.0,331.0,1784668439390.0,,
6a5fe11aa5303295dabd9da7,,,mouse_move,,,,,,,895.0,303.0,1784668439398.0,,
6a5fe11aa5303295dabd9da8,,,mouse_move,,,,,,,896.0,288.0,1784668439407.0,,
6a5fe11aa5303295dabd9da9,,,mouse_move,,,,,,,896.0,270.0,1784668439415.0,,
6a5fe11aa5303295dabd9daa,,,mouse_move,,,,,,,896.0,261.0,1784668439424.0,,
6a5fe11aa5303295dabd9dab,,,mouse_move,,,,,,,896.0,259.0,1784668439432.0,,
6a5fe11aa5303295dabd9dac,,,mouse_move,,,,,,,900.0,259.0,1784668439565.0,,
6a5fe11aa5303295dabd9dad,,,mouse_move,,,,,,,915.0,255.0,1784668439581.0,,
6a5fe11aa5303295dabd9dae,,,mouse_move,,,,,,,929.0,248.0,1784668439590.0,,
6a5fe11aa5303295dabd9daf,,,mouse_move,,,,,,,948.0,238.0,1784668439598.0,,
6a5fe11aa5303295dabd9db0,,,mouse_move,,,,,,,973.0,220.0,1784668439608.0,,
6a5fe11aa5303295dabd9db1,,,mouse_move,,,,,,,989.0,209.0,1784668439615.0,,
6a5fe11aa5303295dabd9db2,,,mouse_move,,,,,,,1005.0,198.0,1784668439623.0,,
6a5fe11aa5303295dabd9db3,,,mouse_move,,,,,,,1025.0,183.0,1784668439631.0,,
6a5fe11aa5303295dabd9db4,,,mouse_move,,,,,,,1035.0,174.0,1784668439640.0,,
6a5fe11aa5303295dabd9db5,,,mouse_move,,,,,,,1043.0,166.0,1784668439649.0,,
6a5fe11aa5303295dabd9db6,,,mouse_move,,,,,,,1049.0,158.0,1784668439656.0,,
6a5fe11aa5303295dabd9db7,,,mouse_move,,,,,,,1055.0,149.0,1784668439665.0,,
6a5fe11aa5303295dabd9db8,,,mouse_move,,,,,,,1062.0,134.0,1784668439674.0,,
6a5fe11aa5303295dabd9db9,,,mouse_move,,,,,,,1068.0,120.0,1784668439681.0,,
6a5fe11aa5303295dabd9dba,,,mouse_move,,,,,,,1075.0,100.0,1784668439689.0,,
6a5fe11aa5303295dabd9dbb,,,mouse_move,,,,,,,1091.0,68.0,1784668439698.0,,
6a5fe11aa5303295dabd9dbc,,,mouse_move,,,,,,,1103.0,47.0,1784668439706.0,,
6a5fe11aa5303295dabd9dbd,,,mouse_move,,,,,,,1120.0,25.0,1784668439716.0,,
6a5fe11aa5303295dabd9dbe,,,mouse_move,,,,,,,1130.0,13.0,1784668439723.0,,
6a5fe11aa5303295dabd9dbf,,,mouse_move,,,,,,,1135.0,4.0,1784668439732.0,,
6a5fe11aa5303295dabd9dc0,,,mouse_move,,,,,,,1139.0,1.0,1784668439740.0,,
6a5fe225a5303295dabd9dd8,,,mouse_move,,,,,,,86.0,6.0,1784668700056.0,,
6a5fe225a5303295dabd9dd9,,,mouse_move,,,,,,,95.0,10.0,1784668700062.0,,
6a5fe225a5303295dabd9dda,,,mouse_move,,,,,,,104.0,13.0,1784668700071.0,,
6a5fe225a5303295dabd9ddb,,,mouse_move,,,,,,,117.0,17.0,1784668700077.0,,
6a5fe225a5303295dabd9ddc,,,mouse_move,,,,,,,131.0,23.0,1784668700085.0,,
6a5fe225a5303295dabd9ddd,,,mouse_move,,,,,,,153.0,31.0,1784668700093.0,,
6a5fe225a5303295dabd9dde,,,mouse_move,,,,,,,175.0,38.0,1784668700100.0,,
6a5fe225a5303295dabd9ddf,,,mouse_move,,,,,,,201.0,49.0,1784668700108.0,,
6a5fe225a5303295dabd9de0,,,mouse_move,,,,,,,232.0,61.0,1784668700116.0,,
6a5fe225a5303295dabd9de1,,,mouse_move,,,,,,,270.0,74.0,1784668700124.0,,
6a5fe225a5303295dabd9de2,,,mouse_move,,,,,,,309.0,89.0,1784668700133.0,,
6a5fe225a5303295dabd9de3,,,mouse_move,,,,,,,353.0,106.0,1784668700142.0,,
6a5fe225a5303295dabd9de4,,,mouse_move,,,,,,,399.0,122.0,1784668700150.0,,
6a5fe225a5303295dabd9de5,,,mouse_move,,,,,,,438.0,136.0,1784668700157.0,,
6a5fe225a5303295dabd9de6,,,mouse_move,,,,,,,485.0,156.0,1784668700167.0,,
6a5fe225a5303295dabd9de7,,,mouse_move,,,,,,,526.0,173.0,1784668700175.0,,
6a5fe225a5303295dabd9de8,,,mouse_move,,,,,,,565.0,190.0,1784668700184.0,,
6a5fe225a5303295dabd9de9,,,mouse_move,,,,,,,599.0,204.0,1784668700192.0,,
6a5fe225a5303295dabd9dea,,,mouse_move,,,,,,,636.0,220.0,1784668700199.0,,
6a5fe225a5303295dabd9deb,,,mouse_move,,,,,,,661.0,231.0,1784668700208.0,,
6a5fe225a5303295dabd9dec,,,mouse_move,,,,,,,693.0,251.0,1784668700216.0,,
6a5fe225a5303295dabd9ded,,,mouse_move,,,,,,,714.0,268.0,1784668700225.0,,
6a5fe225a5303295dabd9dee,,,mouse_move,,,,,,,733.0,283.0,1784668700232.0,,
6a5fe225a5303295dabd9def,,,mouse_move,,,,,,,755.0,306.0,1784668700240.0,,
6a5fe225a5303295dabd9df0,,,mouse_move,,,,,,,768.0,322.0,1784668700249.0,,
6a5fe225a5303295dabd9df1,,,mouse_move,,,,,,,779.0,334.0,1784668700259.0,,
6a5fe225a5303295dabd9df2,,,mouse_move,,,,,,,789.0,346.0,1784668700266.0,,
6a5fe225a5303295dabd9df3,,,mouse_move,,,,,,,794.0,353.0,1784668700274.0,,
6a5fe225a5303295dabd9df4,,,mouse_move,,,,,,,802.0,363.0,1784668700284.0,,
6a5fe225a5303295dabd9df5,,,mouse_move,,,,,,,807.0,369.0,1784668700292.0,,
6a5fe225a5303295dabd9df6,,,mouse_move,,,,,,,811.0,373.0,1784668700299.0,,
6a5fe225a5303295dabd9df7,,,mouse_move,,,,,,,816.0,381.0,1784668700335.0,,
6a5fe225a5303295dabd9df8,,,mouse_move,,,,,,,817.0,384.0,1784668700358.0,,
6a5fe225a5303295dabd9df9,,,mouse_move,,,,,,,817.0,385.0,1784668700366.0,,
6a5fe225a5303295dabd9dfa,,,mouse_move,,,,,,,817.0,386.0,1784668700381.0,,
6a5fe225a5303295dabd9dfb,,,mouse_move,,,,,,,817.0,389.0,1784668700399.0,,
6a5fe225a5303295dabd9dfc,,,mouse_move,,,,,,,817.0,390.0,1784668700411.0,,
6a5fe225a5303295dabd9dfd,,,mouse_move,,,,,,,817.0,392.0,1784668700433.0,,
6a5fe225a5303295dabd9dfe,,,mouse_move,,,,,,,816.0,393.0,1784668700444.0,,
6a5fe225a5303295dabd9dff,,,mouse_move,,,,,,,816.0,394.0,1784668700466.0,,
6a5fe225a5303295dabd9e00,,,mouse_move,,,,,,,815.0,395.0,1784668700475.0,,
6a5fe225a5303295dabd9e01,,,mouse_move,,,,,,,815.0,396.0,1784668700483.0,,
6a5fe225a5303295dabd9e02,,,mouse_move,,,,,,,814.0,398.0,1784668700503.0,,
6a5fe225a5303295dabd9e03,,,mouse_move,,,,,,,813.0,401.0,1784668700511.0,,
6a5fe225a5303295dabd9e04,,,mouse_move,,,,,,,812.0,406.0,1784668700521.0,,
6a5fe225a5303295dabd9e05,,,mouse_move,,,,,,,811.0,408.0,1784668700527.0,,
6a5fe225a5303295dabd9e06,,,mouse_move,,,,,,,810.0,410.0,1784668700541.0,,
6a5fe225a5303295dabd9e07,,,mouse_move,,,,,,,810.0,411.0,1784668700549.0,,
6a5fe225a5303295dabd9e08,,,mouse_move,,,,,,,810.0,413.0,1784668700558.0,,
6a5fe225a5303295dabd9e09,,,mouse_move,,,,,,,810.0,414.0,1784668700565.0,,
6a5fe225a5303295dabd9e0a,,,mouse_move,,,,,,,809.0,415.0,1784668700574.0,,
6a5fe225a5303295dabd9e0b,,,mouse_move,,,,,,,809.0,416.0,1784668700600.0,,
6a5fe225a5303295dabd9e0c,,,mouse_move,,,,,,,809.0,417.0,1784668700615.0,,
6a5fe225a5303295dabd9e0d,,,mouse_move,,,,,,,808.0,417.0,1784668700752.0,,
6a5fe225a5303295dabd9e0e,,,mouse_move,,,,,,,807.0,417.0,1784668701474.0,,
6a5fe225a5303295dabd9e0f,,,mouse_move,,,,,,,806.0,417.0,1784668701482.0,,
6a5fe225a5303295dabd9e10,,,mouse_move,,,,,,,805.0,417.0,1784668701491.0,,
6a5fe225a5303295dabd9e11,,,mouse_move,,,,,,,804.0,417.0,1784668701498.0,,
6a5fe225a5303295dabd9e12,,,mouse_move,,,,,,,804.0,418.0,1784668701516.0,,
6a5fe225a5303295dabd9e13,,,mouse_move,,,,,,,803.0,418.0,1784668701532.0,,
6a5fe225a5303295dabd9e14,,,mouse_move,,,,,,,800.0,418.0,1784668701557.0,,
6a5fe225a5303295dabd9e15,,,mouse_move,,,,,,,799.0,418.0,1784668701574.0,,
6a5fe225a5303295dabd9e16,,,mouse_move,,,,,,,798.0,419.0,1784668701590.0,,
6a5fe225a5303295dabd9e17,,,mouse_move,,,,,,,797.0,419.0,1784668701599.0,,
6a5fe225a5303295dabd9e18,,,mouse_move,,,,,,,797.0,420.0,1784668701607.0,,
6a5fe225a5303295dabd9e19,,,mouse_move,,,,,,,796.0,420.0,1784668701615.0,,
6a5fe225a5303295dabd9e1a,,,mouse_move,,,,,,,795.0,422.0,1784668701623.0,,
6a5fe225a5303295dabd9e1b,,,mouse_move,,,,,,,794.0,428.0,1784668701641.0,,
6a5fe225a5303295dabd9e1c,,,mouse_move,,,,,,,793.0,431.0,1784668701649.0,,
6a5fe225a5303295dabd9e1d,,,mouse_move,,,,,,,792.0,432.0,1784668701656.0,,
6a5fe225a5303295dabd9e1e,,,mouse_move,,,,,,,792.0,434.0,1784668701666.0,,
6a5fe225a5303295dabd9e1f,,,mouse_move,,,,,,,791.0,436.0,1784668701674.0,,
6a5fe225a5303295dabd9e20,,,mouse_move,,,,,,,790.0,437.0,1784668701681.0,,
6a5fe225a5303295dabd9e21,,,mouse_move,,,,,,,790.0,438.0,1784668701690.0,,
6a5fe225a5303295dabd9e22,,,mouse_move,,,,,,,789.0,443.0,1784668701699.0,,
6a5fe225a5303295dabd9e23,,,mouse_move,,,,,,,789.0,444.0,1784668701708.0,,
6a5fe225a5303295dabd9e24,,,mouse_move,,,,,,,788.0,447.0,1784668701717.0,,
6a5fe225a5303295dabd9e25,,,mouse_move,,,,,,,788.0,448.0,1784668701724.0,,
6a5fe225a5303295dabd9e26,,,mouse_move,,,,,,,788.0,451.0,1784668701733.0,,
6a5fe225a5303295dabd9e27,,,mouse_move,,,,,,,788.0,454.0,1784668701741.0,,
6a5fe225a5303295dabd9e28,,,mouse_move,,,,,,,787.0,457.0,1784668701751.0,,
6a5fe225a5303295dabd9e29,,,mouse_move,,,,,,,787.0,459.0,1784668701758.0,,
6a5fe225a5303295dabd9e2a,,,mouse_move,,,,,,,787.0,461.0,1784668701766.0,,
6a5fe225a5303295dabd9e2b,,,mouse_move,,,,,,,787.0,462.0,1784668701778.0,,
6a5fe225a5303295dabd9e2c,,,mouse_move,,,,,,,784.0,467.0,1784668701783.0,,
6a5fe225a5303295dabd9e2d,,,mouse_move,,,,,,,783.0,470.0,1784668701790.0,,
6a5fe225a5303295dabd9e2e,,,mouse_move,,,,,,,782.0,473.0,1784668701798.0,,
6a5fe225a5303295dabd9e2f,,,mouse_move,,,,,,,781.0,476.0,1784668701807.0,,
6a5fe225a5303295dabd9e30,,,mouse_move,,,,,,,780.0,477.0,1784668701815.0,,
6a5fe225a5303295dabd9e31,,,mouse_move,,,,,,,779.0,480.0,1784668701825.0,,
6a5fe225a5303295dabd9e32,,,mouse_move,,,,,,,779.0,481.0,1784668701833.0,,
6a5fe225a5303295dabd9e33,,,mouse_move,,,,,,,779.0,482.0,1784668701862.0,,
6a5fe225a5303295dabd9e34,,,mouse_move,,,,,,,778.0,482.0,1784668701869.0,,
6a5fe225a5303295dabd9e35,,,mouse_click,,,,,,,778.0,482.0,1784668702125.0,0.0,
6a5fe225a5303295dabd9e36,,,mouse_move,,,,,,,777.0,482.0,1784668702410.0,,
6a5fe225a5303295dabd9e37,,,mouse_move,,,,,,,776.0,482.0,1784668702460.0,,
6a5fe225a5303295dabd9e38,,,mouse_move,,,,,,,776.0,481.0,1784668702473.0,,
6a5fe225a5303295dabd9e39,,,mouse_move,,,,,,,776.0,480.0,1784668702487.0,,
6a5fe225a5303295dabd9e3a,,,mouse_move,,,,,,,775.0,478.0,1784668702496.0,,
6a5fe225a5303295dabd9e3b,,,mouse_move,,,,,,,775.0,477.0,1784668702503.0,,
6a5fe225a5303295dabd9e3c,,,mouse_move,,,,,,,774.0,476.0,1784668702524.0,,
6a5fe225a5303295dabd9e3d,,,mouse_move,,,,,,,770.0,468.0,1784668702532.0,,
6a5fe225a5303295dabd9e3e,,,mouse_move,,,,,,,766.0,460.0,1784668702540.0,,
6a5fe225a5303295dabd9e3f,,,mouse_move,,,,,,,762.0,456.0,1784668702549.0,,
6a5fe225a5303295dabd9e40,,,mouse_move,,,,,,,759.0,452.0,1784668702556.0,,
6a5fe225a5303295dabd9e41,,,mouse_move,,,,,,,754.0,445.0,1784668702565.0,,
6a5fe225a5303295dabd9e42,,,mouse_move,,,,,,,749.0,438.0,1784668702575.0,,
6a5fe225a5303295dabd9e43,,,mouse_move,,,,,,,743.0,430.0,1784668702590.0,,
6a5fe225a5303295dabd9e44,,,mouse_move,,,,,,,731.0,412.0,1784668702599.0,,
6a5fe225a5303295dabd9e45,,,mouse_move,,,,,,,726.0,403.0,1784668702606.0,,
6a5fe225a5303295dabd9e46,,,mouse_move,,,,,,,719.0,393.0,1784668702615.0,,
6a5fe225a5303295dabd9e47,,,mouse_move,,,,,,,713.0,384.0,1784668702625.0,,
6a5fe225a5303295dabd9e48,,,mouse_move,,,,,,,705.0,374.0,1784668702632.0,,
6a5fe225a5303295dabd9e49,,,mouse_move,,,,,,,698.0,363.0,1784668702641.0,,
6a5fe225a5303295dabd9e4a,,,mouse_move,,,,,,,687.0,350.0,1784668702649.0,,
6a5fe225a5303295dabd9e4b,,,mouse_move,,,,,,,678.0,338.0,1784668702657.0,,
6a5fe225a5303295dabd9e4c,,,mouse_move,,,,,,,670.0,327.0,1784668702666.0,,
6a5fe225a5303295dabd9e4d,,,mouse_move,,,,,,,658.0,311.0,1784668702675.0,,
6a5fe225a5303295dabd9e4e,,,mouse_move,,,,,,,652.0,300.0,1784668702682.0,,
6a5fe225a5303295dabd9e4f,,,mouse_move,,,,,,,645.0,293.0,1784668702690.0,,
6a5fe225a5303295dabd9e50,,,mouse_move,,,,,,,640.0,285.0,1784668702699.0,,
6a5fe225a5303295dabd9e51,,,mouse_move,,,,,,,635.0,280.0,1784668702707.0,,
6a5fe225a5303295dabd9e52,,,mouse_move,,,,,,,632.0,277.0,1784668702715.0,,
6a5fe225a5303295dabd9e53,,,mouse_move,,,,,,,628.0,274.0,1784668702718.0,,
6a5fe225a5303295dabd9e54,,,mouse_move,,,,,,,625.0,272.0,1784668702724.0,,
6a5fe225a5303295dabd9e55,,,mouse_move,,,,,,,620.0,269.0,1784668702733.0,,
6a5fe225a5303295dabd9e56,,,mouse_move,,,,,,,618.0,267.0,1784668702742.0,,
6a5fe225a5303295dabd9e57,,,mouse_move,,,,,,,615.0,266.0,1784668702751.0,,
6a5fe225a5303295dabd9e58,,,mouse_move,,,,,,,611.0,264.0,1784668702757.0,,
6a5fe225a5303295dabd9e59,,,mouse_move,,,,,,,609.0,263.0,1784668702765.0,,
6a5fe225a5303295dabd9e5a,,,mouse_move,,,,,,,608.0,262.0,1784668702773.0,,
6a5fe225a5303295dabd9e5b,,,mouse_move,,,,,,,605.0,260.0,1784668702783.0,,
6a5fe225a5303295dabd9e5c,,,mouse_move,,,,,,,604.0,259.0,1784668702792.0,,
6a5fe225a5303295dabd9e5d,,,mouse_move,,,,,,,603.0,258.0,1784668702799.0,,
6a5fe225a5303295dabd9e5e,,,mouse_move,,,,,,,601.0,251.0,1784668702807.0,,
6a5fe225a5303295dabd9e5f,,,mouse_move,,,,,,,599.0,245.0,1784668702816.0,,
6a5fe225a5303295dabd9e60,,,mouse_move,,,,,,,597.0,240.0,1784668702823.0,,
6a5fe225a5303295dabd9e61,,,mouse_move,,,,,,,593.0,227.0,1784668702832.0,,
6a5fe225a5303295dabd9e62,,,mouse_move,,,,,,,590.0,220.0,1784668702844.0,,
6a5fe225a5303295dabd9e63,,,mouse_move,,,,,,,588.0,215.0,1784668702855.0,,
6a5fe225a5303295dabd9e64,,,mouse_move,,,,,,,588.0,211.0,1784668702862.0,,
6a5fe225a5303295dabd9e65,,,mouse_move,,,,,,,586.0,208.0,1784668702869.0,,
6a5fe225a5303295dabd9e66,,,mouse_move,,,,,,,586.0,206.0,1784668702878.0,,
6a5fe225a5303295dabd9e67,,,mouse_move,,,,,,,586.0,205.0,1784668702885.0,,
6a5fe225a5303295dabd9e68,,,mouse_move,,,,,,,585.0,205.0,1784668702893.0,,
6a5fe225a5303295dabd9e69,,,mouse_move,,,,,,,585.0,204.0,1784668702900.0,,
6a5fe225a5303295dabd9e6a,,,mouse_move,,,,,,,585.0,203.0,1784668702909.0,,
6a5fe225a5303295dabd9e6b,,,mouse_move,,,,,,,584.0,203.0,1784668702916.0,,
6a5fe225a5303295dabd9e6c,,,mouse_move,,,,,,,584.0,202.0,1784668702930.0,,
6a5fe225a5303295dabd9e6d,,,mouse_move,,,,,,,584.0,201.0,1784668702934.0,,
6a5fe225a5303295dabd9e6e,,,mouse_move,,,,,,,583.0,196.0,1784668702945.0,,
6a5fe225a5303295dabd9e6f,,,mouse_move,,,,,,,582.0,187.0,1784668702957.0,,
6a5fe225a5303295dabd9e70,,,mouse_move,,,,,,,581.0,182.0,1784668702966.0,,
6a5fe225a5303295dabd9e71,,,mouse_move,,,,,,,580.0,175.0,1784668702977.0,,
6a5fe225a5303295dabd9e72,,,mouse_move,,,,,,,578.0,166.0,1784668702983.0,,
6a5fe225a5303295dabd9e73,,,mouse_move,,,,,,,578.0,163.0,1784668702991.0,,
6a5fe225a5303295dabd9e74,,,mouse_move,,,,,,,578.0,164.0,1784668703029.0,,
6a5fe225a5303295dabd9e75,,,mouse_move,,,,,,,582.0,169.0,1784668703078.0,,
6a5fe225a5303295dabd9e76,,,mouse_move,,,,,,,583.0,169.0,1784668703096.0,,
6a5fe225a5303295dabd9e77,,,mouse_click,,,,,,,583.0,169.0,1784668703152.0,0.0,
6a5fe225a5303295dabd9e78,,,mouse_move,,,,,,,582.0,169.0,1784668703162.0,,
6a5fe225a5303295dabd9e79,,,mouse_move,,,,,,,582.0,174.0,1784668703261.0,,
6a5fe225a5303295dabd9e7a,,,mouse_move,,,,,,,582.0,179.0,1784668703277.0,,
6a5fe225a5303295dabd9e7b,,,mouse_move,,,,,,,582.0,182.0,1784668703291.0,,
6a5fe225a5303295dabd9e7c,,,mouse_move,,,,,,,582.0,185.0,1784668703303.0,,
6a5fe225a5303295dabd9e7d,,,mouse_move,,,,,,,582.0,189.0,1784668703316.0,,
6a5fe225a5303295dabd9e7e,,,mouse_move,,,,,,,582.0,192.0,1784668703331.0,,
6a5fe225a5303295dabd9e7f,,,mouse_move,,,,,,,582.0,196.0,1784668703343.0,,
6a5fe225a5303295dabd9e80,,,mouse_move,,,,,,,582.0,203.0,1784668703356.0,,
6a5fe225a5303295dabd9e81,,,mouse_move,,,,,,,582.0,206.0,1784668703368.0,,
6a5fe225a5303295dabd9e82,,,mouse_move,,,,,,,582.0,210.0,1784668703373.0,,
6a5fe225a5303295dabd9e83,,,mouse_move,,,,,,,582.0,214.0,1784668703382.0,,
6a5fe225a5303295dabd9e84,,,mouse_move,,,,,,,582.0,217.0,1784668703389.0,,
6a5fe225a5303295dabd9e85,,,mouse_move,,,,,,,582.0,221.0,1784668703398.0,,
6a5fe225a5303295dabd9e86,,,mouse_move,,,,,,,582.0,224.0,1784668703406.0,,
6a5fe225a5303295dabd9e87,,,mouse_move,,,,,,,582.0,227.0,1784668703415.0,,
6a5fe225a5303295dabd9e88,,,mouse_move,,,,,,,582.0,231.0,1784668703424.0,,
6a5fe225a5303295dabd9e89,,,mouse_move,,,,,,,582.0,233.0,1784668703431.0,,
6a5fe225a5303295dabd9e8a,,,mouse_move,,,,,,,580.0,236.0,1784668703440.0,,
6a5fe225a5303295dabd9e8b,,,mouse_move,,,,,,,579.0,238.0,1784668703448.0,,
6a5fe225a5303295dabd9e8c,,,mouse_move,,,,,,,578.0,240.0,1784668703456.0,,
6a5fe225a5303295dabd9e8d,,,mouse_move,,,,,,,576.0,243.0,1784668703461.0,,
6a5fe225a5303295dabd9e8e,,,mouse_move,,,,,,,575.0,244.0,1784668703473.0,,
6a5fe225a5303295dabd9e8f,,,mouse_move,,,,,,,574.0,246.0,1784668703481.0,,
6a5fe225a5303295dabd9e90,,,mouse_move,,,,,,,574.0,247.0,1784668703580.0,,
6a5fe225a5303295dabd9e91,,,mouse_move,,,,,,,574.0,248.0,1784668703584.0,,
6a5fe225a5303295dabd9e92,,,mouse_move,,,,,,,574.0,250.0,1784668703589.0,,
6a5fe225a5303295dabd9e93,,,mouse_move,,,,,,,574.0,251.0,1784668703599.0,,
6a5fe225a5303295dabd9e94,,,mouse_move,,,,,,,574.0,253.0,1784668703606.0,,
6a5fe225a5303295dabd9e95,,,mouse_move,,,,,,,574.0,254.0,1784668703615.0,,
6a5fe225a5303295dabd9e96,,,mouse_move,,,,,,,573.0,255.0,1784668703623.0,,
6a5fe225a5303295dabd9e97,,,mouse_move,,,,,,,573.0,256.0,1784668703631.0,,
6a5fe225a5303295dabd9e98,,,mouse_move,,,,,,,573.0,257.0,1784668703644.0,,
6a5fe225a5303295dabd9e99,,,mouse_move,,,,,,,573.0,258.0,1784668703652.0,,
6a5fe225a5303295dabd9e9a,,,mouse_move,,,,,,,573.0,259.0,1784668703676.0,,
6a5fe225a5303295dabd9e9b,,,mouse_move,,,,,,,573.0,259.0,1784668703728.0,,
6a5fe225a5303295dabd9e9c,,,mouse_move,,,,,,,573.0,259.0,1784668703753.0,,
6a5fe225a5303295dabd9e9d,,,mouse_move,,,,,,,573.0,259.0,1784668703770.0,,
6a5fe225a5303295dabd9e9e,,,mouse_click,,,,,,,573.0,259.0,1784668703780.0,0.0,
6a5fe225a5303295dabd9e9f,,,mouse_move,,,,,,,574.0,259.0,1784668703802.0,,
6a5fe225a5303295dabd9ea0,,,mouse_move,,,,,,,575.0,259.0,1784668703831.0,,
6a5fe225a5303295dabd9ea1,,,mouse_move,,,,,,,575.0,260.0,1784668703843.0,,
6a5fe225a5303295dabd9ea2,,,mouse_move,,,,,,,576.0,261.0,1784668703852.0,,
6a5fe225a5303295dabd9ea3,,,mouse_move,,,,,,,577.0,262.0,1784668703871.0,,
6a5fe225a5303295dabd9ea4,,,mouse_move,,,,,,,577.0,263.0,1784668703876.0,,
6a5fe225a5303295dabd9ea5,,,mouse_move,,,,,,,578.0,264.0,1784668703884.0,,
6a5fe225a5303295dabd9ea6,,,mouse_move,,,,,,,578.0,266.0,1784668703894.0,,
6a5fe225a5303295dabd9ea7,,,mouse_move,,,,,,,579.0,267.0,1784668703902.0,,
6a5fe225a5303295dabd9ea8,,,mouse_move,,,,,,,580.0,268.0,1784668703918.0,,
6a5fe225a5303295dabd9ea9,,,mouse_move,,,,,,,580.0,270.0,1784668703935.0,,
6a5fe225a5303295dabd9eaa,,,mouse_move,,,,,,,582.0,272.0,1784668703945.0,,
6a5fe225a5303295dabd9eab,,,mouse_move,,,,,,,583.0,276.0,1784668703952.0,,
6a5fe225a5303295dabd9eac,,,mouse_move,,,,,,,584.0,278.0,1784668703961.0,,
6a5fe225a5303295dabd9ead,,,mouse_move,,,,,,,584.0,280.0,1784668703969.0,,
6a5fe225a5303295dabd9eae,,,mouse_move,,,,,,,587.0,286.0,1784668703985.0,,
6a5fe225a5303295dabd9eaf,,,mouse_move,,,,,,,589.0,296.0,1784668704020.0,,
6a5fe225a5303295dabd9eb0,,,mouse_move,,,,,,,590.0,299.0,1784668704027.0,,
6a5fe225a5303295dabd9eb1,,,mouse_move,,,,,,,590.0,302.0,1784668704035.0,,
6a5fe225a5303295dabd9eb2,,,mouse_move,,,,,,,591.0,305.0,1784668704043.0,,
6a5fe225a5303295dabd9eb3,,,mouse_move,,,,,,,592.0,310.0,1784668704052.0,,
6a5fe225a5303295dabd9eb4,,,mouse_move,,,,,,,595.0,323.0,1784668704060.0,,
6a5fe225a5303295dabd9eb5,,,mouse_move,,,,,,,599.0,337.0,1784668704077.0,,
6a5fe225a5303295dabd9eb6,,,mouse_move,,,,,,,604.0,358.0,1784668704085.0,,
6a5fe225a5303295dabd9eb7,,,mouse_move,,,,,,,606.0,372.0,1784668704092.0,,
6a5fe225a5303295dabd9eb8,,,mouse_move,,,,,,,610.0,385.0,1784668704101.0,,
6a5fe225a5303295dabd9eb9,,,mouse_move,,,,,,,615.0,407.0,1784668704110.0,,
6a5fe225a5303295dabd9eba,,,mouse_move,,,,,,,620.0,421.0,1784668704118.0,,
6a5fe225a5303295dabd9ebb,,,mouse_move,,,,,,,625.0,437.0,1784668704127.0,,
6a5fe225a5303295dabd9ebc,,,mouse_move,,,,,,,629.0,450.0,1784668704136.0,,
6a5fe225a5303295dabd9ebd,,,mouse_move,,,,,,,636.0,468.0,1784668704144.0,,
6a5fe225a5303295dabd9ebe,,,mouse_move,,,,,,,640.0,480.0,1784668704152.0,,
6a5fe225a5303295dabd9ebf,,,mouse_move,,,,,,,643.0,493.0,1784668704160.0,,
6a5fe225a5303295dabd9ec0,,,mouse_move,,,,,,,646.0,507.0,1784668704168.0,,
6a5fe225a5303295dabd9ec1,,,mouse_move,,,,,,,647.0,525.0,1784668704177.0,,
6a5fe225a5303295dabd9ec2,,,mouse_move,,,,,,,648.0,539.0,1784668704185.0,,
6a5fe225a5303295dabd9ec3,,,mouse_move,,,,,,,648.0,553.0,1784668704193.0,,
6a5fe225a5303295dabd9ec4,,,mouse_move,,,,,,,648.0,571.0,1784668704198.0,,
6a5fe225a5303295dabd9ec5,,,mouse_move,,,,,,,649.0,580.0,1784668704201.0,,
6a5fe225a5303295dabd9ec6,,,mouse_move,,,,,,,649.0,590.0,1784668704210.0,,
6a5fe225a5303295dabd9ec7,,,mouse_move,,,,,,,649.0,600.0,1784668704217.0,,
6a5fe225a5303295dabd9ec8,,,mouse_move,,,,,,,650.0,605.0,1784668704227.0,,
6a5fe225a5303295dabd9ec9,,,mouse_move,,,,,,,650.0,608.0,1784668704235.0,,
6a5fe225a5303295dabd9eca,,,mouse_move,,,,,,,651.0,610.0,1784668704243.0,,
6a5fe225a5303295dabd9ecb,,,mouse_move,,,,,,,652.0,613.0,1784668704251.0,,
6a5fe225a5303295dabd9ecc,,,mouse_move,,,,,,,652.0,614.0,1784668704268.0,,
6a5fe225a5303295dabd9ecd,,,mouse_move,,,,,,,652.0,615.0,1784668704276.0,,
6a5fe225a5303295dabd9ece,,,mouse_move,,,,,,,652.0,616.0,1784668704284.0,,
6a5fe225a5303295dabd9ecf,,,mouse_move,,,,,,,652.0,618.0,1784668704293.0,,
6a5fe225a5303295dabd9ed0,,,mouse_move,,,,,,,652.0,621.0,1784668704302.0,,
6a5fe225a5303295dabd9ed1,,,mouse_move,,,,,,,652.0,625.0,1784668704310.0,,
6a5fe225a5303295dabd9ed2,,,mouse_move,,,,,,,652.0,629.0,1784668704319.0,,
6a5fe225a5303295dabd9ed3,,,mouse_move,,,,,,,650.0,635.0,1784668704334.0,,
6a5fe225a5303295dabd9ed4,,,mouse_move,,,,,,,650.0,636.0,1784668704342.0,,
6a5fe225a5303295dabd9ed5,,,mouse_move,,,,,,,650.0,637.0,1784668704351.0,,
6a5fe225a5303295dabd9ed6,,,mouse_move,,,,,,,650.0,638.0,1784668704359.0,,
6a5fe225a5303295dabd9ed7,,,mouse_move,,,,,,,649.0,638.0,1784668704368.0,,
6a5fe225a5303295dabd9ed8,,,mouse_move,,,,,,,648.0,638.0,1784668704425.0,,
6a5fe225a5303295dabd9ed9,,,mouse_move,,,,,,,648.0,637.0,1784668704443.0,,
6a5fe225a5303295dabd9eda,,,mouse_click,,,,,,,648.0,637.0,1784668704581.0,0.0,
6a5fe225a5303295dabd9edb,,,mouse_move,,,,,,,647.0,637.0,1784668704618.0,,
6a5fe225a5303295dabd9edc,,,mouse_move,,,,,,,647.0,636.0,1784668705212.0,,
6a5fe225a5303295dabd9edd,,,mouse_move,,,,,,,647.0,635.0,1784668705219.0,,
6a5fe225a5303295dabd9ede,,,mouse_move,,,,,,,649.0,634.0,1784668705228.0,,
6a5fe225a5303295dabd9edf,,,mouse_move,,,,,,,649.0,633.0,1784668705236.0,,
6a5fe225a5303295dabd9ee0,,,mouse_move,,,,,,,650.0,631.0,1784668705243.0,,
6a5fe225a5303295dabd9ee1,,,mouse_move,,,,,,,651.0,628.0,1784668705251.0,,
6a5fe225a5303295dabd9ee2,,,mouse_move,,,,,,,652.0,625.0,1784668705259.0,,
6a5fe225a5303295dabd9ee3,,,mouse_move,,,,,,,653.0,622.0,1784668705268.0,,
6a5fe225a5303295dabd9ee4,,,mouse_move,,,,,,,653.0,619.0,1784668705276.0,,
6a5fe225a5303295dabd9ee5,,,mouse_move,,,,,,,654.0,614.0,1784668705284.0,,
6a5fe225a5303295dabd9ee6,,,mouse_move,,,,,,,656.0,603.0,1784668705301.0,,
6a5fe225a5303295dabd9ee7,,,mouse_move,,,,,,,657.0,597.0,1784668705308.0,,
6a5fe225a5303295dabd9ee8,,,mouse_move,,,,,,,658.0,590.0,1784668705316.0,,
6a5fe225a5303295dabd9ee9,,,mouse_move,,,,,,,658.0,587.0,1784668705325.0,,
6a5fe225a5303295dabd9eea,,,mouse_move,,,,,,,658.0,583.0,1784668705333.0,,
6a5fe225a5303295dabd9eeb,,,mouse_move,,,,,,,659.0,581.0,1784668705342.0,,
6a5fe225a5303295dabd9eec,,,mouse_move,,,,,,,659.0,578.0,1784668705349.0,,
6a5fe225a5303295dabd9eed,,,mouse_move,,,,,,,659.0,577.0,1784668705359.0,,
6a5fe225a5303295dabd9eee,,,mouse_move,,,,,,,659.0,576.0,1784668705391.0,,
6a5fe225a5303295dabd9eef,,,mouse_move,,,,,,,659.0,575.0,1784668705407.0,,
6a5fe225a5303295dabd9ef0,,,mouse_move,,,,,,,659.0,574.0,1784668705425.0,,
6a5fe225a5303295dabd9ef1,,,mouse_move,,,,,,,659.0,573.0,1784668705440.0,,
6a5fe225a5303295dabd9ef2,,,mouse_move,,,,,,,659.0,572.0,1784668705735.0,,
6a5fe225a5303295dabd9ef3,,,mouse_move,,,,,,,660.0,572.0,1784668705743.0,,
6a5fe225a5303295dabd9ef4,,,mouse_move,,,,,,,660.0,571.0,1784668705768.0,,
6a5fe225a5303295dabd9ef5,,,mouse_move,,,,,,,661.0,571.0,1784668705797.0,,
6a5fe225a5303295dabd9ef6,,,mouse_move,,,,,,,661.0,570.0,1784668705810.0,,
6a5fe225a5303295dabd9ef7,,,mouse_move,,,,,,,665.0,568.0,1784668705819.0,,
6a5fe225a5303295dabd9ef8,,,mouse_move,,,,,,,665.0,567.0,1784668705827.0,,
6a5fe225a5303295dabd9ef9,,,mouse_move,,,,,,,666.0,567.0,1784668705843.0,,
6a5fe225a5303295dabd9efa,,,mouse_move,,,,,,,667.0,567.0,1784668705852.0,,
6a5fe225a5303295dabd9efb,,,mouse_move,,,,,,,668.0,565.0,1784668705873.0,,
6a5fe225a5303295dabd9efc,,,mouse_move,,,,,,,669.0,565.0,1784668705885.0,,
6a5fe225a5303295dabd9efd,,,mouse_move,,,,,,,670.0,565.0,1784668705910.0,,
6a5fe225a5303295dabd9efe,,,mouse_move,,,,,,,671.0,565.0,1784668705919.0,,
6a5fe225a5303295dabd9eff,,,mouse_move,,,,,,,671.0,564.0,1784668705935.0,,
6a5fe225a5303295dabd9f00,,,mouse_move,,,,,,,672.0,564.0,1784668705974.0,,
6a5fe225a5303295dabd9f01,,,mouse_move,,,,,,,673.0,563.0,1784668705991.0,,
6a5fe225a5303295dabd9f02,,,mouse_move,,,,,,,674.0,563.0,1784668705998.0,,
6a5fe225a5303295dabd9f03,,,mouse_move,,,,,,,681.0,559.0,1784668706024.0,,
6a5fe225a5303295dabd9f04,,,mouse_move,,,,,,,684.0,557.0,1784668706032.0,,
6a5fe225a5303295dabd9f05,,,mouse_move,,,,,,,687.0,556.0,1784668706040.0,,
6a5fe225a5303295dabd9f06,,,mouse_move,,,,,,,692.0,553.0,1784668706049.0,,
6a5fe225a5303295dabd9f07,,,mouse_move,,,,,,,694.0,552.0,1784668706058.0,,
6a5fe225a5303295dabd9f08,,,mouse_move,,,,,,,697.0,551.0,1784668706066.0,,
6a5fe225a5303295dabd9f09,,,mouse_move,,,,,,,705.0,548.0,1784668706075.0,,
6a5fe225a5303295dabd9f0a,,,mouse_move,,,,,,,711.0,545.0,1784668706083.0,,
6a5fe225a5303295dabd9f0b,,,mouse_move,,,,,,,715.0,543.0,1784668706091.0,,
6a5fe225a5303295dabd9f0c,,,mouse_move,,,,,,,718.0,543.0,1784668706099.0,,
6a5fe225a5303295dabd9f0d,,,mouse_move,,,,,,,722.0,541.0,1784668706108.0,,
6a5fe225a5303295dabd9f0e,,,mouse_move,,,,,,,725.0,540.0,1784668706116.0,,
6a5fe225a5303295dabd9f0f,,,mouse_move,,,,,,,726.0,540.0,1784668706124.0,,
6a5fe225a5303295dabd9f10,,,mouse_move,,,,,,,727.0,540.0,1784668706132.0,,
6a5fe225a5303295dabd9f11,,,mouse_move,,,,,,,728.0,539.0,1784668706141.0,,
6a5fe225a5303295dabd9f12,,,mouse_move,,,,,,,729.0,539.0,1784668706150.0,,
6a5fe225a5303295dabd9f13,,,mouse_move,,,,,,,731.0,538.0,1784668706158.0,,
6a5fe225a5303295dabd9f14,,,mouse_move,,,,,,,732.0,538.0,1784668706171.0,,
6a5fe225a5303295dabd9f15,,,mouse_move,,,,,,,734.0,538.0,1784668706179.0,,
6a5fe225a5303295dabd9f16,,,mouse_move,,,,,,,734.0,537.0,1784668706187.0,,
6a5fe225a5303295dabd9f17,,,mouse_move,,,,,,,736.0,536.0,1784668706195.0,,
6a5fe225a5303295dabd9f18,,,mouse_move,,,,,,,737.0,536.0,1784668706203.0,,
6a5fe225a5303295dabd9f19,,,mouse_move,,,,,,,738.0,536.0,1784668706211.0,,
6a5fe225a5303295dabd9f1a,,,mouse_move,,,,,,,743.0,534.0,1784668706233.0,,
6a5fe225a5303295dabd9f1b,,,mouse_move,,,,,,,745.0,534.0,1784668706241.0,,
6a5fe225a5303295dabd9f1c,,,mouse_move,,,,,,,748.0,533.0,1784668706249.0,,
6a5fe225a5303295dabd9f1d,,,mouse_move,,,,,,,751.0,532.0,1784668706257.0,,
6a5fe225a5303295dabd9f1e,,,mouse_move,,,,,,,752.0,532.0,1784668706265.0,,
6a5fe225a5303295dabd9f1f,,,mouse_move,,,,,,,754.0,532.0,1784668706274.0,,
6a5fe225a5303295dabd9f20,,,mouse_move,,,,,,,755.0,532.0,1784668706283.0,,
6a5fe225a5303295dabd9f21,,,mouse_move,,,,,,,756.0,532.0,1784668706893.0,,
6a5fe225a5303295dabd9f22,,,mouse_move,,,,,,,756.0,533.0,1784668708263.0,,
6a5fe225a5303295dabd9f23,,,mouse_move,,,,,,,757.0,534.0,1784668708275.0,,
6a5fe225a5303295dabd9f24,,,mouse_move,,,,,,,757.0,538.0,1784668708282.0,,
6a5fe225a5303295dabd9f25,,,mouse_move,,,,,,,760.0,559.0,1784668708289.0,,
6a5fe225a5303295dabd9f26,,,mouse_move,,,,,,,761.0,573.0,1784668708297.0,,
6a5fe225a5303295dabd9f27,,,mouse_move,,,,,,,765.0,593.0,1784668708307.0,,
6a5fe225a5303295dabd9f28,,,mouse_move,,,,,,,766.0,612.0,1784668708314.0,,
6a5fe225a5303295dabd9f29,,,mouse_move,,,,,,,767.0,649.0,1784668708324.0,,
6a5fe225a5303295dabd9f2a,,,mouse_move,,,,,,,767.0,659.0,1784668708331.0,,
6a5fe225a5303295dabd9f2b,,,mouse_move,,,,,,,768.0,669.0,1784668708348.0,,
6a5fe225a5303295dabd9f2c,,,mouse_move,,,,,,,768.0,670.0,1784668708363.0,,
6a5fe225a5303295dabd9f2d,,,mouse_move,,,,,,,768.0,671.0,1784668708370.0,,
6a5fe225a5303295dabd9f2e,,,mouse_move,,,,,,,768.0,672.0,1784668708379.0,,
6a5fe225a5303295dabd9f2f,,,mouse_move,,,,,,,768.0,671.0,1784668708467.0,,
6a5fe225a5303295dabd9f30,,,mouse_move,,,,,,,767.0,670.0,1784668708475.0,,
6a5fe225a5303295dabd9f31,,,mouse_move,,,,,,,767.0,669.0,1784668708483.0,,
6a5fe225a5303295dabd9f32,,,mouse_move,,,,,,,765.0,666.0,1784668708495.0,,
6a5fe225a5303295dabd9f33,,,mouse_move,,,,,,,764.0,664.0,1784668708504.0,,
6a5fe225a5303295dabd9f34,,,mouse_move,,,,,,,763.0,659.0,1784668708511.0,,
6a5fe225a5303295dabd9f35,,,mouse_move,,,,,,,761.0,654.0,1784668708521.0,,
6a5fe225a5303295dabd9f36,,,mouse_move,,,,,,,759.0,650.0,1784668708528.0,,
6a5fe225a5303295dabd9f37,,,mouse_move,,,,,,,756.0,644.0,1784668708538.0,,
6a5fe225a5303295dabd9f38,,,mouse_move,,,,,,,753.0,637.0,1784668708546.0,,
6a5fe225a5303295dabd9f39,,,mouse_move,,,,,,,750.0,631.0,1784668708553.0,,
6a5fe225a5303295dabd9f3a,,,mouse_move,,,,,,,746.0,624.0,1784668708563.0,,
6a5fe225a5303295dabd9f3b,,,mouse_move,,,,,,,740.0,610.0,1784668708570.0,,
6a5fe225a5303295dabd9f3c,,,mouse_move,,,,,,,733.0,599.0,1784668708579.0,,
6a5fe225a5303295dabd9f3d,,,mouse_move,,,,,,,719.0,578.0,1784668708588.0,,
6a5fe225a5303295dabd9f3e,,,mouse_move,,,,,,,710.0,569.0,1784668708603.0,,
6a5fe225a5303295dabd9f3f,,,mouse_move,,,,,,,703.0,562.0,1784668708612.0,,
6a5fe225a5303295dabd9f40,,,mouse_move,,,,,,,690.0,551.0,1784668708620.0,,
6a5fe225a5303295dabd9f41,,,mouse_move,,,,,,,685.0,546.0,1784668708629.0,,
6a5fe225a5303295dabd9f42,,,mouse_move,,,,,,,682.0,541.0,1784668708636.0,,
6a5fe225a5303295dabd9f43,,,mouse_move,,,,,,,679.0,534.0,1784668708645.0,,
6a5fe225a5303295dabd9f44,,,mouse_move,,,,,,,675.0,528.0,1784668708653.0,,
6a5fe225a5303295dabd9f45,,,mouse_move,,,,,,,673.0,522.0,1784668708662.0,,
6a5fe225a5303295dabd9f46,,,mouse_move,,,,,,,671.0,514.0,1784668708671.0,,
6a5fe225a5303295dabd9f47,,,mouse_move,,,,,,,668.0,508.0,1784668708678.0,,
6a5fe225a5303295dabd9f48,,,mouse_move,,,,,,,667.0,503.0,1784668708687.0,,
6a5fe225a5303295dabd9f49,,,mouse_move,,,,,,,665.0,498.0,1784668708695.0,,
6a5fe225a5303295dabd9f4a,,,mouse_move,,,,,,,663.0,494.0,1784668708703.0,,
6a5fe225a5303295dabd9f4b,,,mouse_move,,,,,,,662.0,492.0,1784668708711.0,,
6a5fe225a5303295dabd9f4c,,,mouse_move,,,,,,,662.0,491.0,1784668708719.0,,
6a5fe225a5303295dabd9f4d,,,mouse_move,,,,,,,661.0,491.0,1784668708736.0,,
6a5fe225a5303295dabd9f4e,,,mouse_move,,,,,,,661.0,490.0,1784668708745.0,,
6a5fe225a5303295dabd9f4f,,,mouse_click,,,,,,,661.0,490.0,1784668708886.0,0.0,
6a5fe225a5303295dabd9f50,,,mouse_move,,,,,,,661.0,492.0,1784668708945.0,,
6a5fe225a5303295dabd9f51,,,mouse_move,,,,,,,661.0,493.0,1784668708953.0,,
6a5fe225a5303295dabd9f52,,,mouse_move,,,,,,,661.0,494.0,1784668708961.0,,
6a5fe225a5303295dabd9f53,,,mouse_move,,,,,,,661.0,496.0,1784668708971.0,,
6a5fe225a5303295dabd9f54,,,mouse_move,,,,,,,661.0,498.0,1784668708979.0,,
6a5fe225a5303295dabd9f55,,,mouse_move,,,,,,,661.0,501.0,1784668708996.0,,
6a5fe225a5303295dabd9f56,,,mouse_move,,,,,,,661.0,503.0,1784668709012.0,,
6a5fe225a5303295dabd9f57,,,mouse_move,,,,,,,661.0,504.0,1784668709029.0,,
6a5fe225a5303295dabd9f58,,,mouse_move,,,,,,,661.0,506.0,1784668709037.0,,
6a5fe225a5303295dabd9f59,,,mouse_move,,,,,,,661.0,507.0,1784668709052.0,,
6a5fe225a5303295dabd9f5a,,,mouse_move,,,,,,,661.0,508.0,1784668709062.0,,
6a5fe225a5303295dabd9f5b,,,mouse_move,,,,,,,662.0,509.0,1784668709069.0,,
6a5fe225a5303295dabd9f5c,,,mouse_move,,,,,,,662.0,510.0,1784668709095.0,,
6a5fe225a5303295dabd9f5d,,,mouse_move,,,,,,,662.0,511.0,1784668709105.0,,
6a5fe225a5303295dabd9f5e,,,mouse_move,,,,,,,663.0,512.0,1784668709120.0,,
6a5fe225a5303295dabd9f5f,,,mouse_move,,,,,,,664.0,513.0,1784668709132.0,,
6a5fe225a5303295dabd9f60,,,mouse_move,,,,,,,664.0,514.0,1784668709153.0,,
6a5fe225a5303295dabd9f61,,,mouse_move,,,,,,,665.0,514.0,1784668709162.0,,
6a5fe225a5303295dabd9f62,,,mouse_move,,,,,,,665.0,515.0,1784668709170.0,,
6a5fe225a5303295dabd9f63,,,mouse_move,,,,,,,668.0,523.0,1784668709178.0,,
6a5fe225a5303295dabd9f64,,,mouse_move,,,,,,,669.0,525.0,1784668709187.0,,
6a5fe225a5303295dabd9f65,,,mouse_move,,,,,,,669.0,527.0,1784668709196.0,,
6a5fe225a5303295dabd9f66,,,mouse_move,,,,,,,671.0,530.0,1784668709204.0,,
6a5fe225a5303295dabd9f67,,,mouse_move,,,,,,,672.0,535.0,1784668709211.0,,
6a5fe225a5303295dabd9f68,,,mouse_move,,,,,,,673.0,537.0,1784668709219.0,,
6a5fe225a5303295dabd9f69,,,mouse_move,,,,,,,674.0,542.0,1784668709229.0,,
6a5fe225a5303295dabd9f6a,,,mouse_move,,,,,,,675.0,545.0,1784668709236.0,,
6a5fe225a5303295dabd9f6b,,,mouse_move,,,,,,,676.0,548.0,1784668709245.0,,
6a5fe225a5303295dabd9f6c,,,mouse_move,,,,,,,677.0,551.0,1784668709252.0,,
6a5fe225a5303295dabd9f6d,,,mouse_move,,,,,,,677.0,556.0,1784668709261.0,,
6a5fe225a5303295dabd9f6e,,,mouse_move,,,,,,,679.0,560.0,1784668709270.0,,
6a5fe225a5303295dabd9f6f,,,mouse_move,,,,,,,679.0,566.0,1784668709278.0,,
6a5fe225a5303295dabd9f70,,,mouse_move,,,,,,,680.0,571.0,1784668709286.0,,
6a5fe225a5303295dabd9f71,,,mouse_move,,,,,,,680.0,575.0,1784668709294.0,,
6a5fe225a5303295dabd9f72,,,mouse_move,,,,,,,681.0,581.0,1784668709303.0,,
6a5fe225a5303295dabd9f73,,,mouse_move,,,,,,,681.0,586.0,1784668709311.0,,
6a5fe225a5303295dabd9f74,,,mouse_move,,,,,,,681.0,591.0,1784668709321.0,,
6a5fe225a5303295dabd9f75,,,mouse_move,,,,,,,681.0,596.0,1784668709329.0,,
6a5fe225a5303295dabd9f76,,,mouse_move,,,,,,,681.0,601.0,1784668709336.0,,
6a5fe225a5303295dabd9f77,,,mouse_move,,,,,,,681.0,607.0,1784668709345.0,,
6a5fe225a5303295dabd9f78,,,mouse_move,,,,,,,681.0,611.0,1784668709352.0,,
6a5fe22fa5303295dabd9f79,,,mouse_move,,,,,,,680.0,617.0,1784668709362.0,,
6a5fe22fa5303295dabd9f7a,,,mouse_move,,,,,,,679.0,622.0,1784668709370.0,,
6a5fe22fa5303295dabd9f7b,,,mouse_move,,,,,,,679.0,627.0,1784668709379.0,,
6a5fe22fa5303295dabd9f7c,,,mouse_move,,,,,,,678.0,635.0,1784668709387.0,,
6a5fe22fa5303295dabd9f7d,,,mouse_move,,,,,,,677.0,640.0,1784668709401.0,,
6a5fe22fa5303295dabd9f7e,,,mouse_move,,,,,,,676.0,644.0,1784668709409.0,,
6a5fe22fa5303295dabd9f7f,,,mouse_move,,,,,,,676.0,647.0,1784668709417.0,,
6a5fe22fa5303295dabd9f80,,,mouse_move,,,,,,,676.0,649.0,1784668709423.0,,
6a5fe22fa5303295dabd9f81,,,mouse_move,,,,,,,676.0,652.0,1784668709435.0,,
6a5fe22fa5303295dabd9f82,,,mouse_move,,,,,,,675.0,653.0,1784668709443.0,,
6a5fe22fa5303295dabd9f83,,,mouse_move,,,,,,,675.0,655.0,1784668709453.0,,
6a5fe22fa5303295dabd9f84,,,mouse_move,,,,,,,674.0,655.0,1784668709644.0,,
6a5fe22fa5303295dabd9f85,,,mouse_click,,,,,,,674.0,655.0,1784668709644.0,0.0,
6a5fe22fa5303295dabd9f86,,,mouse_move,,,,,,,673.0,655.0,1784668709662.0,,
6a5fe22fa5303295dabd9f87,,,mouse_move,,,,,,,672.0,655.0,1784668709676.0,,
6a5fe22fa5303295dabd9f88,,,mouse_move,,,,,,,673.0,654.0,1784668709826.0,,
6a5fe22fa5303295dabd9f89,,,mouse_move,,,,,,,674.0,653.0,1784668709875.0,,
6a5fe22fa5303295dabd9f8a,,,mouse_move,,,,,,,676.0,652.0,1784668709889.0,,
6a5fe22fa5303295dabd9f8b,,,mouse_move,,,,,,,677.0,652.0,1784668709900.0,,
6a5fe22fa5303295dabd9f8c,,,mouse_move,,,,,,,679.0,651.0,1784668709907.0,,
6a5fe22fa5303295dabd9f8d,,,mouse_move,,,,,,,680.0,650.0,1784668709915.0,,
6a5fe22fa5303295dabd9f8e,,,mouse_move,,,,,,,682.0,650.0,1784668709923.0,,
6a5fe22fa5303295dabd9f8f,,,mouse_move,,,,,,,684.0,650.0,1784668709931.0,,
6a5fe22fa5303295dabd9f90,,,mouse_move,,,,,,,685.0,649.0,1784668709939.0,,
6a5fe22fa5303295dabd9f91,,,mouse_move,,,,,,,687.0,649.0,1784668709947.0,,
6a5fe22fa5303295dabd9f92,,,mouse_move,,,,,,,689.0,649.0,1784668709955.0,,
6a5fe22fa5303295dabd9f93,,,mouse_move,,,,,,,692.0,649.0,1784668709963.0,,
6a5fe22fa5303295dabd9f94,,,mouse_move,,,,,,,695.0,649.0,1784668709971.0,,
6a5fe22fa5303295dabd9f95,,,mouse_move,,,,,,,699.0,649.0,1784668709979.0,,
6a5fe22fa5303295dabd9f96,,,mouse_move,,,,,,,702.0,649.0,1784668709987.0,,
6a5fe22fa5303295dabd9f97,,,mouse_move,,,,,,,706.0,649.0,1784668709995.0,,
6a5fe22fa5303295dabd9f98,,,mouse_move,,,,,,,709.0,649.0,1784668710003.0,,
6a5fe22fa5303295dabd9f99,,,mouse_move,,,,,,,711.0,649.0,1784668710011.0,,
6a5fe22fa5303295dabd9f9a,,,mouse_move,,,,,,,714.0,649.0,1784668710019.0,,
6a5fe22fa5303295dabd9f9b,,,mouse_move,,,,,,,716.0,648.0,1784668710027.0,,
6a5fe22fa5303295dabd9f9c,,,mouse_move,,,,,,,716.0,646.0,1784668710214.0,,
6a5fe22fa5303295dabd9f9d,,,mouse_move,,,,,,,717.0,643.0,1784668710240.0,,
6a5fe22fa5303295dabd9f9e,,,mouse_move,,,,,,,718.0,642.0,1784668710257.0,,
6a5fe22fa5303295dabd9f9f,,,mouse_move,,,,,,,718.0,641.0,1784668710290.0,,
6a5fe22fa5303295dabd9fa0,,,mouse_move,,,,,,,719.0,641.0,1784668710340.0,,
6a5fe22fa5303295dabd9fa1,,,mouse_move,,,,,,,720.0,640.0,1784668710357.0,,
6a5fe22fa5303295dabd9fa2,,,mouse_move,,,,,,,721.0,639.0,1784668710365.0,,
6a5fe22fa5303295dabd9fa3,,,mouse_move,,,,,,,723.0,638.0,1784668710373.0,,
6a5fe22fa5303295dabd9fa4,,,mouse_move,,,,,,,726.0,637.0,1784668710381.0,,
6a5fe22fa5303295dabd9fa5,,,mouse_move,,,,,,,732.0,635.0,1784668710390.0,,
6a5fe22fa5303295dabd9fa6,,,mouse_move,,,,,,,737.0,634.0,1784668710398.0,,
6a5fe22fa5303295dabd9fa7,,,mouse_move,,,,,,,740.0,634.0,1784668710406.0,,
6a5fe22fa5303295dabd9fa8,,,mouse_move,,,,,,,745.0,633.0,1784668710415.0,,
6a5fe22fa5303295dabd9fa9,,,mouse_move,,,,,,,748.0,632.0,1784668710424.0,,
6a5fe22fa5303295dabd9faa,,,mouse_move,,,,,,,752.0,632.0,1784668710432.0,,
6a5fe22fa5303295dabd9fab,,,mouse_move,,,,,,,757.0,631.0,1784668710441.0,,
6a5fe22fa5303295dabd9fac,,,mouse_move,,,,,,,761.0,631.0,1784668710449.0,,
6a5fe22fa5303295dabd9fad,,,mouse_move,,,,,,,762.0,631.0,1784668710457.0,,
6a5fe22fa5303295dabd9fae,,,mouse_move,,,,,,,765.0,631.0,1784668710465.0,,
6a5fe22fa5303295dabd9faf,,,mouse_move,,,,,,,766.0,631.0,1784668710473.0,,
6a5fe22fa5303295dabd9fb0,,,mouse_move,,,,,,,769.0,630.0,1784668710482.0,,
6a5fe22fa5303295dabd9fb1,,,mouse_move,,,,,,,770.0,630.0,1784668710507.0,,
6a5fe22fa5303295dabd9fb2,,,mouse_move,,,,,,,770.0,631.0,1784668711096.0,,
6a5fe22fa5303295dabd9fb3,,,mouse_move,,,,,,,771.0,631.0,1784668711121.0,,
6a5fe22fa5303295dabd9fb4,,,mouse_move,,,,,,,771.0,632.0,1784668711145.0,,
6a5fe22fa5303295dabd9fb5,,,mouse_move,,,,,,,771.0,633.0,1784668711365.0,,
6a5fe22fa5303295dabd9fb6,,,mouse_move,,,,,,,770.0,635.0,1784668711572.0,,
6a5fe22fa5303295dabd9fb7,,,mouse_move,,,,,,,768.0,637.0,1784668711575.0,,
6a5fe22fa5303295dabd9fb8,,,mouse_move,,,,,,,766.0,639.0,1784668711583.0,,
6a5fe22fa5303295dabd9fb9,,,mouse_move,,,,,,,765.0,641.0,1784668711592.0,,
6a5fe22fa5303295dabd9fba,,,mouse_move,,,,,,,764.0,641.0,1784668711601.0,,
6a5fe22fa5303295dabd9fbb,,,mouse_move,,,,,,,763.0,643.0,1784668711608.0,,
6a5fe22fa5303295dabd9fbc,,,mouse_move,,,,,,,762.0,643.0,1784668711617.0,,
6a5fe22fa5303295dabd9fbd,,,mouse_move,,,,,,,761.0,644.0,1784668711708.0,,
6a5fe22fa5303295dabd9fbe,,,mouse_move,,,,,,,761.0,643.0,1784668714170.0,,
6a5fe22fa5303295dabd9fbf,,,mouse_move,,,,,,,761.0,642.0,1784668714189.0,,
6a5fe22fa5303295dabd9fc0,,,mouse_move,,,,,,,761.0,641.0,1784668714197.0,,
6a5fe22fa5303295dabd9fc1,,,mouse_move,,,,,,,761.0,639.0,1784668714207.0,,
6a5fe22fa5303295dabd9fc2,,,mouse_move,,,,,,,762.0,636.0,1784668714215.0,,
6a5fe22fa5303295dabd9fc3,,,mouse_move,,,,,,,764.0,631.0,1784668714223.0,,
6a5fe22fa5303295dabd9fc4,,,mouse_move,,,,,,,766.0,624.0,1784668714231.0,,
6a5fe22fa5303295dabd9fc5,,,mouse_move,,,,,,,770.0,614.0,1784668714243.0,,
6a5fe22fa5303295dabd9fc6,,,mouse_move,,,,,,,774.0,602.0,1784668714255.0,,
6a5fe22fa5303295dabd9fc7,,,mouse_move,,,,,,,778.0,591.0,1784668714263.0,,
6a5fe22fa5303295dabd9fc8,,,mouse_move,,,,,,,781.0,580.0,1784668714272.0,,
6a5fe22fa5303295dabd9fc9,,,mouse_move,,,,,,,782.0,572.0,1784668714279.0,,
6a5fe22fa5303295dabd9fca,,,mouse_move,,,,,,,784.0,562.0,1784668714289.0,,
6a5fe22fa5303295dabd9fcb,,,mouse_move,,,,,,,784.0,557.0,1784668714296.0,,
6a5fe22fa5303295dabd9fcc,,,mouse_move,,,,,,,785.0,550.0,1784668714305.0,,
6a5fe22fa5303295dabd9fcd,,,mouse_move,,,,,,,785.0,546.0,1784668714313.0,,
6a5fe22fa5303295dabd9fce,,,mouse_move,,,,,,,785.0,540.0,1784668714322.0,,
6a5fe22fa5303295dabd9fcf,,,mouse_move,,,,,,,785.0,537.0,1784668714330.0,,
6a5fe22fa5303295dabd9fd0,,,mouse_move,,,,,,,785.0,531.0,1784668714339.0,,
6a5fe22fa5303295dabd9fd1,,,mouse_move,,,,,,,785.0,526.0,1784668714355.0,,
6a5fe22fa5303295dabd9fd2,,,mouse_move,,,,,,,785.0,520.0,1784668714371.0,,
6a5fe22fa5303295dabd9fd3,,,mouse_move,,,,,,,785.0,518.0,1784668714380.0,,
6a5fe22fa5303295dabd9fd4,,,mouse_move,,,,,,,785.0,517.0,1784668714397.0,,
6a5fe22fa5303295dabd9fd5,,,mouse_move,,,,,,,784.0,517.0,1784668714414.0,,
6a5fe22fa5303295dabd9fd6,,,mouse_move,,,,,,,783.0,520.0,1784668714481.0,,
6a5fe22fa5303295dabd9fd7,,,mouse_move,,,,,,,783.0,523.0,1784668714496.0,,
6a5fe22fa5303295dabd9fd8,,,mouse_move,,,,,,,782.0,528.0,1784668714505.0,,
6a5fe22fa5303295dabd9fd9,,,mouse_move,,,,,,,782.0,533.0,1784668714514.0,,
6a5fe22fa5303295dabd9fda,,,mouse_move,,,,,,,782.0,541.0,1784668714522.0,,
6a5fe22fa5303295dabd9fdb,,,mouse_move,,,,,,,782.0,548.0,1784668714531.0,,
6a5fe22fa5303295dabd9fdc,,,mouse_move,,,,,,,781.0,556.0,1784668714538.0,,
6a5fe22fa5303295dabd9fdd,,,mouse_move,,,,,,,779.0,564.0,1784668714546.0,,
6a5fe22fa5303295dabd9fde,,,mouse_move,,,,,,,778.0,570.0,1784668714556.0,,
6a5fe22fa5303295dabd9fdf,,,mouse_move,,,,,,,777.0,574.0,1784668714564.0,,
6a5fe22fa5303295dabd9fe0,,,mouse_move,,,,,,,775.0,582.0,1784668714572.0,,
6a5fe22fa5303295dabd9fe1,,,mouse_move,,,,,,,775.0,585.0,1784668714580.0,,
6a5fe22fa5303295dabd9fe2,,,mouse_move,,,,,,,775.0,586.0,1784668714589.0,,
6a5fe22fa5303295dabd9fe3,,,mouse_move,,,,,,,775.0,587.0,1784668714596.0,,
6a5fe22fa5303295dabd9fe4,,,mouse_move,,,,,,,775.0,588.0,1784668714604.0,,
6a5fe22fa5303295dabd9fe5,,,mouse_move,,,,,,,775.0,590.0,1784668714613.0,,
6a5fe22fa5303295dabd9fe6,,,mouse_move,,,,,,,774.0,592.0,1784668714627.0,,
6a5fe22fa5303295dabd9fe7,,,mouse_move,,,,,,,774.0,594.0,1784668714635.0,,
6a5fe22fa5303295dabd9fe8,,,mouse_move,,,,,,,773.0,596.0,1784668714643.0,,
6a5fe22fa5303295dabd9fe9,,,mouse_move,,,,,,,773.0,598.0,1784668714651.0,,
6a5fe22fa5303295dabd9fea,,,mouse_move,,,,,,,773.0,600.0,1784668714655.0,,
6a5fe22fa5303295dabd9feb,,,mouse_move,,,,,,,772.0,602.0,1784668714668.0,,
6a5fe22fa5303295dabd9fec,,,mouse_move,,,,,,,772.0,604.0,1784668714676.0,,
6a5fe22fa5303295dabd9fed,,,mouse_move,,,,,,,771.0,607.0,1784668714683.0,,
6a5fe22fa5303295dabd9fee,,,mouse_move,,,,,,,770.0,609.0,1784668714690.0,,
6a5fe22fa5303295dabd9fef,,,mouse_move,,,,,,,770.0,610.0,1784668714698.0,,
6a5fe22fa5303295dabd9ff0,,,mouse_move,,,,,,,770.0,612.0,1784668714707.0,,
6a5fe22fa5303295dabd9ff1,,,mouse_move,,,,,,,769.0,614.0,1784668714715.0,,
6a5fe22fa5303295dabd9ff2,,,mouse_move,,,,,,,768.0,615.0,1784668714723.0,,
6a5fe22fa5303295dabd9ff3,,,mouse_move,,,,,,,768.0,616.0,1784668714731.0,,
6a5fe22fa5303295dabd9ff4,,,mouse_move,,,,,,,767.0,618.0,1784668714739.0,,
6a5fe22fa5303295dabd9ff5,,,mouse_move,,,,,,,766.0,619.0,1784668714751.0,,
6a5fe22fa5303295dabd9ff6,,,mouse_move,,,,,,,766.0,621.0,1784668714957.0,,
6a5fe22fa5303295dabd9ff7,,,mouse_move,,,,,,,766.0,622.0,1784668714966.0,,
6a5fe22fa5303295dabd9ff8,,,mouse_move,,,,,,,766.0,624.0,1784668714982.0,,
6a5fe22fa5303295dabd9ff9,,,mouse_click,,,,,,,766.0,624.0,1784668715131.0,0.0,
6a5fe22fa5303295dabd9ffa,,,mouse_move,,,,,,,766.0,623.0,1784668715297.0,,
6a5fe22fa5303295dabd9ffb,,,mouse_move,,,,,,,766.0,622.0,1784668715304.0,,
6a5fe22fa5303295dabd9ffc,,,mouse_move,,,,,,,766.0,621.0,1784668715312.0,,
6a5fe22fa5303295dabd9ffd,,,mouse_move,,,,,,,766.0,619.0,1784668715330.0,,
6a5fe22fa5303295dabd9ffe,,,mouse_move,,,,,,,767.0,619.0,1784668715337.0,,
6a5fe22fa5303295dabd9fff,,,mouse_move,,,,,,,767.0,618.0,1784668715347.0,,
6a5fe22fa5303295dabda000,,,mouse_move,,,,,,,768.0,617.0,1784668715355.0,,
6a5fe22fa5303295dabda001,,,mouse_move,,,,,,,769.0,616.0,1784668715371.0,,
6a5fe22fa5303295dabda002,,,mouse_move,,,,,,,770.0,615.0,1784668715388.0,,
6a5fe22fa5303295dabda003,,,mouse_move,,,,,,,771.0,614.0,1784668715395.0,,
6a5fe22fa5303295dabda004,,,mouse_move,,,,,,,775.0,611.0,1784668715405.0,,
6a5fe22fa5303295dabda005,,,mouse_move,,,,,,,776.0,610.0,1784668715413.0,,
6a5fe22fa5303295dabda006,,,mouse_move,,,,,,,779.0,609.0,1784668715421.0,,
6a5fe22fa5303295dabda007,,,mouse_move,,,,,,,782.0,607.0,1784668715430.0,,
6a5fe22fa5303295dabda008,,,mouse_move,,,,,,,783.0,607.0,1784668715437.0,,
6a5fe22fa5303295dabda009,,,mouse_move,,,,,,,785.0,606.0,1784668715447.0,,
6a5fe22fa5303295dabda00a,,,mouse_move,,,,,,,785.0,605.0,1784668715455.0,,
6a5fe22fa5303295dabda00b,,,mouse_move,,,,,,,786.0,605.0,1784668715462.0,,
6a5fe22fa5303295dabda00c,,,mouse_move,,,,,,,788.0,604.0,1784668715472.0,,
6a5fe22fa5303295dabda00d,,,mouse_move,,,,,,,790.0,603.0,1784668715480.0,,
6a5fe22fa5303295dabda00e,,,mouse_move,,,,,,,792.0,603.0,1784668715487.0,,
6a5fe22fa5303295dabda00f,,,mouse_move,,,,,,,794.0,603.0,1784668715496.0,,
6a5fe22fa5303295dabda010,,,mouse_move,,,,,,,796.0,602.0,1784668715504.0,,
6a5fe22fa5303295dabda011,,,mouse_move,,,,,,,799.0,601.0,1784668715512.0,,
6a5fe22fa5303295dabda012,,,mouse_move,,,,,,,801.0,600.0,1784668715521.0,,
6a5fe22fa5303295dabda013,,,mouse_move,,,,,,,804.0,600.0,1784668715530.0,,
6a5fe22fa5303295dabda014,,,mouse_move,,,,,,,805.0,600.0,1784668715538.0,,
6a5fe22fa5303295dabda015,,,mouse_move,,,,,,,806.0,600.0,1784668715547.0,,
6a5fe22fa5303295dabda016,,,mouse_move,,,,,,,806.0,599.0,1784668717963.0,,
6a5fe22fa5303295dabda017,,,mouse_move,,,,,,,807.0,599.0,1784668718087.0,,
6a5fe684fa8bb1a9c5bcc0c9,,,mouse_move,,,,,,,419.0,462.0,1784669819417.0,,
6a5fe684fa8bb1a9c5bcc0ca,,,mouse_move,,,,,,,461.0,449.0,1784669819425.0,,
6a5fe684fa8bb1a9c5bcc0cb,,,mouse_move,,,,,,,579.0,435.0,1784669819432.0,,
6a5fe684fa8bb1a9c5bcc0cc,,,mouse_move,,,,,,,625.0,435.0,1784669819440.0,,
6a5fe684fa8bb1a9c5bcc0cd,,,mouse_move,,,,,,,665.0,440.0,1784669819450.0,,
6a5fe684fa8bb1a9c5bcc0ce,,,mouse_move,,,,,,,681.0,443.0,1784669819457.0,,
6a5fe684fa8bb1a9c5bcc0cf,,,mouse_move,,,,,,,690.0,445.0,1784669819465.0,,
6a5fe684fa8bb1a9c5bcc0d0,,,mouse_move,,,,,,,694.0,445.0,1784669819475.0,,
6a5fe684fa8bb1a9c5bcc0d1,,,mouse_move,,,,,,,700.0,445.0,1784669819498.0,,
6a5fe684fa8bb1a9c5bcc0d2,,,mouse_move,,,,,,,701.0,445.0,1784669819513.0,,
6a5fe684fa8bb1a9c5bcc0d3,,,mouse_move,,,,,,,701.0,447.0,1784669819591.0,,
6a5fe684fa8bb1a9c5bcc0d4,,,mouse_move,,,,,,,701.0,448.0,1784669819606.0,,
6a5fe684fa8bb1a9c5bcc0d5,,,mouse_move,,,,,,,704.0,448.0,1784669819729.0,,
6a5fe684fa8bb1a9c5bcc0d6,,,mouse_move,,,,,,,705.0,449.0,1784669819737.0,,
6a5fe684fa8bb1a9c5bcc0d7,,,mouse_move,,,,,,,707.0,450.0,1784669819746.0,,
6a5fe684fa8bb1a9c5bcc0d8,,,mouse_move,,,,,,,708.0,452.0,1784669819753.0,,
6a5fe684fa8bb1a9c5bcc0d9,,,mouse_move,,,,,,,710.0,452.0,1784669819762.0,,
6a5fe684fa8bb1a9c5bcc0da,,,mouse_move,,,,,,,711.0,454.0,1784669819778.0,,
6a5fe684fa8bb1a9c5bcc0db,,,mouse_move,,,,,,,713.0,455.0,1784669819795.0,,
6a5fe684fa8bb1a9c5bcc0dc,,,mouse_move,,,,,,,714.0,455.0,1784669819821.0,,
6a5fe684fa8bb1a9c5bcc0dd,,,mouse_move,,,,,,,714.0,456.0,1784669819828.0,,
6a5fe684fa8bb1a9c5bcc0de,,,mouse_move,,,,,,,715.0,456.0,1784669819880.0,,
6a5fe684fa8bb1a9c5bcc0df,,,mouse_move,,,,,,,717.0,459.0,1784669820045.0,,
6a5fe684fa8bb1a9c5bcc0e0,,,mouse_move,,,,,,,717.0,460.0,1784669820054.0,,
6a5fe684fa8bb1a9c5bcc0e1,,,mouse_move,,,,,,,718.0,460.0,1784669820162.0,,
6a5fe684fa8bb1a9c5bcc0e2,,,mouse_move,,,,,,,718.0,461.0,1784669820178.0,,
6a5fe684fa8bb1a9c5bcc0e3,,,mouse_move,,,,,,,719.0,461.0,1784669820187.0,,
6a5fe684fa8bb1a9c5bcc0e4,,,mouse_move,,,,,,,720.0,462.0,1784669820212.0,,
6a5fe684fa8bb1a9c5bcc0e5,,,mouse_move,,,,,,,721.0,464.0,1784669820245.0,,
6a5fe684fa8bb1a9c5bcc0e6,,,mouse_move,,,,,,,722.0,465.0,1784669820278.0,,
6a5fe684fa8bb1a9c5bcc0e7,,,mouse_move,,,,,,,722.0,466.0,1784669820312.0,,
6a5fe684fa8bb1a9c5bcc0e8,,,mouse_move,,,,,,,722.0,467.0,1784669820354.0,,
6a5fe684fa8bb1a9c5bcc0e9,,,mouse_move,,,,,,,723.0,468.0,1784669820370.0,,
6a5fe684fa8bb1a9c5bcc0ea,,,mouse_move,,,,,,,724.0,468.0,1784669820403.0,,
6a5fe684fa8bb1a9c5bcc0eb,,,mouse_move,,,,,,,723.0,468.0,1784669820653.0,,
6a5fe684fa8bb1a9c5bcc0ec,,,mouse_move,,,,,,,722.0,468.0,1784669820665.0,,
6a5fe684fa8bb1a9c5bcc0ed,,,mouse_move,,,,,,,719.0,468.0,1784669820679.0,,
6a5fe684fa8bb1a9c5bcc0ee,,,mouse_move,,,,,,,717.0,468.0,1784669820689.0,,
6a5fe684fa8bb1a9c5bcc0ef,,,mouse_move,,,,,,,716.0,468.0,1784669820710.0,,
6a5fe684fa8bb1a9c5bcc0f0,,,mouse_move,,,,,,,715.0,467.0,1784669820786.0,,
6a5fe684fa8bb1a9c5bcc0f1,,,mouse_move,,,,,,,715.0,466.0,1784669820812.0,,
6a5fe684fa8bb1a9c5bcc0f2,,,mouse_move,,,,,,,714.0,466.0,1784669820835.0,,
6a5fe684fa8bb1a9c5bcc0f3,,,mouse_move,,,,,,,713.0,465.0,1784669820858.0,,
6a5fe684fa8bb1a9c5bcc0f4,,,mouse_move,,,,,,,712.0,464.0,1784669820870.0,,
6a5fe684fa8bb1a9c5bcc0f5,,,mouse_move,,,,,,,710.0,461.0,1784669820887.0,,
6a5fe684fa8bb1a9c5bcc0f6,,,mouse_move,,,,,,,707.0,452.0,1784669820905.0,,
6a5fe684fa8bb1a9c5bcc0f7,,,mouse_move,,,,,,,702.0,443.0,1784669820921.0,,
6a5fe684fa8bb1a9c5bcc0f8,,,mouse_move,,,,,,,693.0,431.0,1784669820937.0,,
6a5fe684fa8bb1a9c5bcc0f9,,,mouse_move,,,,,,,680.0,416.0,1784669820949.0,,
6a5fe684fa8bb1a9c5bcc0fa,,,mouse_move,,,,,,,675.0,407.0,1784669820962.0,,
6a5fe684fa8bb1a9c5bcc0fb,,,mouse_move,,,,,,,663.0,387.0,1784669820973.0,,
6a5fe684fa8bb1a9c5bcc0fc,,,mouse_move,,,,,,,652.0,361.0,1784669820987.0,,
6a5fe684fa8bb1a9c5bcc0fd,,,mouse_move,,,,,,,644.0,346.0,1784669820998.0,,
6a5fe684fa8bb1a9c5bcc0fe,,,mouse_move,,,,,,,629.0,325.0,1784669821012.0,,
6a5fe684fa8bb1a9c5bcc0ff,,,mouse_move,,,,,,,620.0,312.0,1784669821022.0,,
6a5fe684fa8bb1a9c5bcc100,,,mouse_move,,,,,,,613.0,302.0,1784669821034.0,,
6a5fe684fa8bb1a9c5bcc101,,,mouse_move,,,,,,,601.0,283.0,1784669821042.0,,
6a5fe684fa8bb1a9c5bcc102,,,mouse_move,,,,,,,592.0,266.0,1784669821060.0,,
6a5fe684fa8bb1a9c5bcc103,,,mouse_move,,,,,,,588.0,259.0,1784669821067.0,,
6a5fe684fa8bb1a9c5bcc104,,,mouse_move,,,,,,,586.0,252.0,1784669821076.0,,
6a5fe684fa8bb1a9c5bcc105,,,mouse_move,,,,,,,583.0,242.0,1784669821084.0,,
6a5fe684fa8bb1a9c5bcc106,,,mouse_move,,,,,,,580.0,233.0,1784669821092.0,,
6a5fe684fa8bb1a9c5bcc107,,,mouse_move,,,,,,,578.0,227.0,1784669821101.0,,
6a5fe684fa8bb1a9c5bcc108,,,mouse_move,,,,,,,575.0,216.0,1784669821109.0,,
6a5fe684fa8bb1a9c5bcc109,,,mouse_move,,,,,,,570.0,206.0,1784669821118.0,,
6a5fe684fa8bb1a9c5bcc10a,,,mouse_move,,,,,,,564.0,198.0,1784669821125.0,,
6a5fe684fa8bb1a9c5bcc10b,,,mouse_move,,,,,,,556.0,186.0,1784669821134.0,,
6a5fe684fa8bb1a9c5bcc10c,,,mouse_move,,,,,,,551.0,178.0,1784669821143.0,,
6a5fe684fa8bb1a9c5bcc10d,,,mouse_move,,,,,,,545.0,168.0,1784669821151.0,,
6a5fe684fa8bb1a9c5bcc10e,,,mouse_move,,,,,,,542.0,158.0,1784669821160.0,,
6a5fe684fa8bb1a9c5bcc10f,,,mouse_move,,,,,,,540.0,149.0,1784669821167.0,,
6a5fe684fa8bb1a9c5bcc110,,,mouse_move,,,,,,,540.0,145.0,1784669821176.0,,
6a5fe684fa8bb1a9c5bcc111,,,mouse_move,,,,,,,540.0,141.0,1784669821185.0,,
6a5fe684fa8bb1a9c5bcc112,,,mouse_move,,,,,,,540.0,138.0,1784669821192.0,,
6a5fe684fa8bb1a9c5bcc113,,,mouse_move,,,,,,,540.0,134.0,1784669821201.0,,
6a5fe684fa8bb1a9c5bcc114,,,mouse_move,,,,,,,539.0,132.0,1784669821209.0,,
6a5fe684fa8bb1a9c5bcc115,,,mouse_move,,,,,,,539.0,131.0,1784669821218.0,,
6a5fe684fa8bb1a9c5bcc116,,,mouse_move,,,,,,,538.0,128.0,1784669821226.0,,
6a5fe684fa8bb1a9c5bcc117,,,mouse_move,,,,,,,538.0,126.0,1784669821234.0,,
6a5fe684fa8bb1a9c5bcc118,,,mouse_move,,,,,,,538.0,124.0,1784669821243.0,,
6a5fe684fa8bb1a9c5bcc119,,,mouse_move,,,,,,,538.0,123.0,1784669821260.0,,
6a5fe684fa8bb1a9c5bcc11a,,,mouse_move,,,,,,,538.0,124.0,1784669821388.0,,
6a5fe684fa8bb1a9c5bcc11b,,,mouse_move,,,,,,,538.0,125.0,1784669821400.0,,
6a5fe684fa8bb1a9c5bcc11c,,,mouse_move,,,,,,,538.0,129.0,1784669821405.0,,
6a5fe684fa8bb1a9c5bcc11d,,,mouse_move,,,,,,,538.0,132.0,1784669821416.0,,
6a5fe684fa8bb1a9c5bcc11e,,,mouse_move,,,,,,,539.0,135.0,1784669821419.0,,
6a5fe684fa8bb1a9c5bcc11f,,,mouse_move,,,,,,,539.0,138.0,1784669821427.0,,
6a5fe684fa8bb1a9c5bcc120,,,mouse_move,,,,,,,539.0,139.0,1784669821435.0,,
6a5fe684fa8bb1a9c5bcc121,,,mouse_move,,,,,,,540.0,141.0,1784669821444.0,,
6a5fe684fa8bb1a9c5bcc122,,,mouse_move,,,,,,,540.0,142.0,1784669821451.0,,
6a5fe684fa8bb1a9c5bcc123,,,mouse_move,,,,,,,540.0,144.0,1784669821461.0,,
6a5fe684fa8bb1a9c5bcc124,,,mouse_move,,,,,,,540.0,147.0,1784669821469.0,,
6a5fe684fa8bb1a9c5bcc125,,,mouse_move,,,,,,,541.0,149.0,1784669821477.0,,
6a5fe684fa8bb1a9c5bcc126,,,mouse_move,,,,,,,542.0,151.0,1784669821486.0,,
6a5fe684fa8bb1a9c5bcc127,,,mouse_move,,,,,,,542.0,152.0,1784669821493.0,,
6a5fe684fa8bb1a9c5bcc128,,,mouse_move,,,,,,,543.0,155.0,1784669821501.0,,
6a5fe684fa8bb1a9c5bcc129,,,mouse_move,,,,,,,544.0,157.0,1784669821511.0,,
6a5fe684fa8bb1a9c5bcc12a,,,mouse_move,,,,,,,544.0,159.0,1784669821523.0,,
6a5fe684fa8bb1a9c5bcc12b,,,mouse_move,,,,,,,545.0,159.0,1784669821531.0,,
6a5fe684fa8bb1a9c5bcc12c,,,mouse_move,,,,,,,546.0,159.0,1784669821571.0,,
6a5fe684fa8bb1a9c5bcc12d,,,mouse_move,,,,,,,547.0,159.0,1784669821593.0,,
6a5fe684fa8bb1a9c5bcc12e,,,mouse_move,,,,,,,549.0,159.0,1784669821629.0,,
6a5fe684fa8bb1a9c5bcc12f,,,mouse_move,,,,,,,550.0,159.0,1784669821635.0,,
6a5fe684fa8bb1a9c5bcc130,,,mouse_click,,,,,,,550.0,159.0,1784669821684.0,0.0,
6a5fe684fa8bb1a9c5bcc131,,,mouse_move,,,,,,,550.0,159.0,1784669821703.0,,
6a5fe684fa8bb1a9c5bcc132,,,mouse_move,,,,,,,552.0,158.0,1784669821756.0,,
6a5fe684fa8bb1a9c5bcc133,,,mouse_move,,,,,,,556.0,136.0,1784669821773.0,,
6a5fe684fa8bb1a9c5bcc134,,,mouse_move,,,,,,,555.0,135.0,1784669821785.0,,
6a5fe684fa8bb1a9c5bcc135,,,mouse_move,,,,,,,559.0,139.0,1784669825639.0,,
6a5fe684fa8bb1a9c5bcc136,,,mouse_move,,,,,,,569.0,148.0,1784669825649.0,,
6a5fe684fa8bb1a9c5bcc137,,,mouse_move,,,,,,,588.0,160.0,1784669825657.0,,
6a5fe684fa8bb1a9c5bcc138,,,mouse_move,,,,,,,613.0,168.0,1784669825665.0,,
6a5fe684fa8bb1a9c5bcc139,,,mouse_move,,,,,,,652.0,181.0,1784669825673.0,,
6a5fe684fa8bb1a9c5bcc13a,,,mouse_move,,,,,,,681.0,196.0,1784669825681.0,,
6a5fe684fa8bb1a9c5bcc13b,,,mouse_move,,,,,,,706.0,216.0,1784669825690.0,,
6a5fe684fa8bb1a9c5bcc13c,,,mouse_move,,,,,,,709.0,225.0,1784669825698.0,,
6a5fe684fa8bb1a9c5bcc13d,,,mouse_move,,,,,,,701.0,226.0,1784669825707.0,,
6a5fe684fa8bb1a9c5bcc13e,,,mouse_move,,,,,,,691.0,226.0,1784669825716.0,,
6a5fe684fa8bb1a9c5bcc13f,,,mouse_move,,,,,,,683.0,226.0,1784669825723.0,,
6a5fe684fa8bb1a9c5bcc140,,,mouse_move,,,,,,,673.0,227.0,1784669825731.0,,
6a5fe684fa8bb1a9c5bcc141,,,mouse_move,,,,,,,662.0,228.0,1784669825739.0,,
6a5fe684fa8bb1a9c5bcc142,,,mouse_move,,,,,,,652.0,228.0,1784669825747.0,,
6a5fe684fa8bb1a9c5bcc143,,,mouse_move,,,,,,,646.0,228.0,1784669825754.0,,
6a5fe684fa8bb1a9c5bcc144,,,mouse_move,,,,,,,643.0,228.0,1784669825762.0,,
6a5fe684fa8bb1a9c5bcc145,,,mouse_move,,,,,,,642.0,228.0,1784669825867.0,,
6a5fe684fa8bb1a9c5bcc146,,,mouse_move,,,,,,,642.0,230.0,1784669825911.0,,
6a5fe684fa8bb1a9c5bcc147,,,mouse_move,,,,,,,640.0,234.0,1784669825921.0,,
6a5fe684fa8bb1a9c5bcc148,,,mouse_move,,,,,,,636.0,242.0,1784669825931.0,,
6a5fe684fa8bb1a9c5bcc149,,,mouse_move,,,,,,,633.0,251.0,1784669825939.0,,
6a5fe684fa8bb1a9c5bcc14a,,,mouse_move,,,,,,,631.0,257.0,1784669825947.0,,
6a5fe684fa8bb1a9c5bcc14b,,,mouse_move,,,,,,,628.0,264.0,1784669825955.0,,
6a5fe684fa8bb1a9c5bcc14c,,,mouse_move,,,,,,,627.0,267.0,1784669825963.0,,
6a5fe684fa8bb1a9c5bcc14d,,,mouse_move,,,,,,,627.0,269.0,1784669825971.0,,
6a5fe684fa8bb1a9c5bcc14e,,,mouse_move,,,,,,,627.0,270.0,1784669825979.0,,
6a5fe684fa8bb1a9c5bcc14f,,,mouse_move,,,,,,,625.0,272.0,1784669826027.0,,
6a5fe684fa8bb1a9c5bcc150,,,mouse_move,,,,,,,622.0,278.0,1784669826038.0,,
6a5fe684fa8bb1a9c5bcc151,,,mouse_move,,,,,,,619.0,283.0,1784669826046.0,,
6a5fe684fa8bb1a9c5bcc152,,,mouse_move,,,,,,,618.0,288.0,1784669826054.0,,
6a5fe684fa8bb1a9c5bcc153,,,mouse_move,,,,,,,617.0,290.0,1784669826062.0,,
6a5fe684fa8bb1a9c5bcc154,,,mouse_move,,,,,,,617.0,291.0,1784669826071.0,,
6a5fe684fa8bb1a9c5bcc155,,,mouse_move,,,,,,,617.0,292.0,1784669826080.0,,
6a5fe684fa8bb1a9c5bcc156,,,mouse_click,,,,,,,617.0,292.0,1784669826187.0,0.0,
6a5fe684fa8bb1a9c5bcc157,,,mouse_move,,,,,,,616.0,292.0,1784669826208.0,,
6a5fe684fa8bb1a9c5bcc158,,,mouse_move,,,,,,,614.0,293.0,1784669826228.0,,
6a5fe684fa8bb1a9c5bcc159,,,mouse_move,,,,,,,613.0,293.0,1784669826251.0,,
6a5fe684fa8bb1a9c5bcc15a,,,mouse_move,,,,,,,612.0,293.0,1784669826292.0,,
6a5fe684fa8bb1a9c5bcc15b,,,mouse_move,,,,,,,611.0,293.0,1784669826317.0,,
6a5fe684fa8bb1a9c5bcc15c,,,mouse_move,,,,,,,610.0,292.0,1784669826336.0,,
6a5fe684fa8bb1a9c5bcc15d,,,mouse_move,,,,,,,610.0,290.0,1784669826352.0,,
6a5fe684fa8bb1a9c5bcc15e,,,mouse_move,,,,,,,610.0,288.0,1784669826361.0,,
6a5fe684fa8bb1a9c5bcc15f,,,mouse_move,,,,,,,610.0,287.0,1784669826367.0,,
6a5fe684fa8bb1a9c5bcc160,,,mouse_move,,,,,,,610.0,286.0,1784669826385.0,,
6a5fe684fa8bb1a9c5bcc161,,,mouse_move,,,,,,,610.0,285.0,1784669826394.0,,
6a5fe684fa8bb1a9c5bcc162,,,mouse_move,,,,,,,610.0,284.0,1784669826403.0,,
6a5fe684fa8bb1a9c5bcc163,,,mouse_move,,,,,,,609.0,283.0,1784669826410.0,,
6a5fe684fa8bb1a9c5bcc164,,,mouse_move,,,,,,,608.0,279.0,1784669826419.0,,
6a5fe684fa8bb1a9c5bcc165,,,mouse_move,,,,,,,608.0,278.0,1784669826427.0,,
6a5fe684fa8bb1a9c5bcc166,,,mouse_move,,,,,,,607.0,277.0,1784669826435.0,,
6a5fe684fa8bb1a9c5bcc167,,,mouse_move,,,,,,,606.0,277.0,1784669826443.0,,
6a5fe684fa8bb1a9c5bcc168,,,mouse_move,,,,,,,606.0,276.0,1784669826451.0,,
6a5fe684fa8bb1a9c5bcc169,,,mouse_move,,,,,,,606.0,276.0,1784669826523.0,,
6a5fe684fa8bb1a9c5bcc16a,,,mouse_move,,,,,,,606.0,276.0,1784669826539.0,,
6a5fe684fa8bb1a9c5bcc16b,,,mouse_move,,,,,,,606.0,276.0,1784669826548.0,,
6a5fe684fa8bb1a9c5bcc16c,,,mouse_move,,,,,,,606.0,276.0,1784669826556.0,,
6a5fe684fa8bb1a9c5bcc16d,,,mouse_click,,,,,,,606.0,276.0,1784669826592.0,0.0,
6a5fe684fa8bb1a9c5bcc16e,,,mouse_move,,,,,,,605.0,276.0,1784669826639.0,,
6a5fe68efa8bb1a9c5bcc19d,,,mouse_move,,,,,,,600.0,278.0,1784669831487.0,,
6a5fe68efa8bb1a9c5bcc19e,,,mouse_move,,,,,,,596.0,279.0,1784669831491.0,,
6a5fe68efa8bb1a9c5bcc19f,,,mouse_move,,,,,,,579.0,282.0,1784669831498.0,,
6a5fe68efa8bb1a9c5bcc1a0,,,mouse_move,,,,,,,569.0,282.0,1784669831507.0,,
6a5fe68efa8bb1a9c5bcc1a1,,,mouse_move,,,,,,,562.0,282.0,1784669831516.0,,
6a5fe68efa8bb1a9c5bcc1a2,,,mouse_move,,,,,,,557.0,282.0,1784669831523.0,,
6a5fe68efa8bb1a9c5bcc1a3,,,mouse_move,,,,,,,553.0,283.0,1784669831532.0,,
6a5fe68efa8bb1a9c5bcc1a4,,,mouse_move,,,,,,,552.0,283.0,1784669831540.0,,
6a5fe68efa8bb1a9c5bcc1a5,,,mouse_move,,,,,,,552.0,285.0,1784669831603.0,,
6a5fe68efa8bb1a9c5bcc1a6,,,mouse_move,,,,,,,552.0,288.0,1784669831611.0,,
6a5fe68efa8bb1a9c5bcc1a7,,,mouse_move,,,,,,,554.0,294.0,1784669831619.0,,
6a5fe68efa8bb1a9c5bcc1a8,,,mouse_move,,,,,,,554.0,303.0,1784669831627.0,,
6a5fe68efa8bb1a9c5bcc1a9,,,mouse_move,,,,,,,554.0,309.0,1784669831635.0,,
6a5fe68efa8bb1a9c5bcc1aa,,,mouse_move,,,,,,,554.0,314.0,1784669831643.0,,
6a5fe68efa8bb1a9c5bcc1ab,,,mouse_move,,,,,,,554.0,317.0,1784669831651.0,,
6a5fe68efa8bb1a9c5bcc1ac,,,mouse_move,,,,,,,554.0,318.0,1784669831674.0,,
6a5fe68efa8bb1a9c5bcc1ad,,,mouse_move,,,,,,,554.0,319.0,1784669831682.0,,
6a5fe68efa8bb1a9c5bcc1ae,,,mouse_move,,,,,,,554.0,321.0,1784669831691.0,,
6a5fe68efa8bb1a9c5bcc1af,,,mouse_move,,,,,,,554.0,325.0,1784669831699.0,,
6a5fe68efa8bb1a9c5bcc1b0,,,mouse_move,,,,,,,554.0,334.0,1784669831707.0,,
6a5fe68efa8bb1a9c5bcc1b1,,,mouse_move,,,,,,,554.0,341.0,1784669831715.0,,
6a5fe68efa8bb1a9c5bcc1b2,,,mouse_move,,,,,,,556.0,348.0,1784669831723.0,,
6a5fe68efa8bb1a9c5bcc1b3,,,mouse_move,,,,,,,557.0,352.0,1784669831731.0,,
6a5fe68efa8bb1a9c5bcc1b4,,,mouse_move,,,,,,,558.0,358.0,1784669831740.0,,
6a5fe68efa8bb1a9c5bcc1b5,,,mouse_move,,,,,,,560.0,360.0,1784669831748.0,,
6a5fe68efa8bb1a9c5bcc1b6,,,mouse_move,,,,,,,560.0,361.0,1784669831757.0,,
6a5fe68efa8bb1a9c5bcc1b7,,,mouse_move,,,,,,,560.0,362.0,1784669831765.0,,
6a5fe68efa8bb1a9c5bcc1b8,,,mouse_click,,,,,,,560.0,362.0,1784669831916.0,0.0,
6a5fe68efa8bb1a9c5bcc1b9,,,mouse_move,,,,,,,561.0,362.0,1784669832096.0,,
6a5fe68efa8bb1a9c5bcc1ba,,,mouse_move,,,,,,,562.0,363.0,1784669832120.0,,
6a5fe68efa8bb1a9c5bcc1bb,,,mouse_move,,,,,,,563.0,363.0,1784669832128.0,,
6a5fe698fa8bb1a9c5bcc1c6,,,mouse_move,,,,,,,521.0,363.0,1784669844021.0,,
6a5fe698fa8bb1a9c5bcc1c7,,,mouse_move,,,,,,,529.0,360.0,1784669844028.0,,
6a5fe698fa8bb1a9c5bcc1c8,,,mouse_move,,,,,,,531.0,360.0,1784669844032.0,,
6a5fe698fa8bb1a9c5bcc1c9,,,mouse_move,,,,,,,532.0,360.0,1784669844040.0,,
6a5fe698fa8bb1a9c5bcc1ca,,,mouse_move,,,,,,,533.0,360.0,1784669844048.0,,
6a5fe698fa8bb1a9c5bcc1cb,,,mouse_move,,,,,,,538.0,362.0,1784669844058.0,,
6a5fe698fa8bb1a9c5bcc1cc,,,mouse_move,,,,,,,550.0,369.0,1784669844065.0,,
6a5fe698fa8bb1a9c5bcc1cd,,,mouse_move,,,,,,,563.0,381.0,1784669844074.0,,
6a5fe698fa8bb1a9c5bcc1ce,,,mouse_move,,,,,,,588.0,400.0,1784669844082.0,,
6a5fe698fa8bb1a9c5bcc1cf,,,mouse_move,,,,,,,610.0,415.0,1784669844090.0,,
6a5fe698fa8bb1a9c5bcc1d0,,,mouse_move,,,,,,,637.0,432.0,1784669844099.0,,
6a5fe698fa8bb1a9c5bcc1d1,,,mouse_move,,,,,,,660.0,441.0,1784669844106.0,,
6a5fe698fa8bb1a9c5bcc1d2,,,mouse_move,,,,,,,702.0,465.0,1784669844116.0,,
6a5fe698fa8bb1a9c5bcc1d3,,,mouse_move,,,,,,,723.0,476.0,1784669844124.0,,
6a5fe698fa8bb1a9c5bcc1d4,,,mouse_move,,,,,,,734.0,484.0,1784669844132.0,,
6a5fe698fa8bb1a9c5bcc1d5,,,mouse_move,,,,,,,747.0,491.0,1784669844140.0,,
6a5fe698fa8bb1a9c5bcc1d6,,,mouse_move,,,,,,,758.0,491.0,1784669844148.0,,
6a5fe698fa8bb1a9c5bcc1d7,,,mouse_move,,,,,,,765.0,493.0,1784669844156.0,,
6a5fe698fa8bb1a9c5bcc1d8,,,mouse_move,,,,,,,768.0,493.0,1784669844165.0,,
6a5fe698fa8bb1a9c5bcc1d9,,,mouse_move,,,,,,,772.0,493.0,1784669844174.0,,
6a5fe698fa8bb1a9c5bcc1da,,,mouse_move,,,,,,,775.0,493.0,1784669844182.0,,
6a5fe698fa8bb1a9c5bcc1db,,,mouse_move,,,,,,,777.0,494.0,1784669844190.0,,
6a5fe698fa8bb1a9c5bcc1dc,,,mouse_move,,,,,,,778.0,495.0,1784669844198.0,,
6a5fe698fa8bb1a9c5bcc1dd,,,mouse_move,,,,,,,782.0,498.0,1784669844207.0,,
6a5fe698fa8bb1a9c5bcc1de,,,mouse_move,,,,,,,789.0,506.0,1784669844216.0,,
6a5fe698fa8bb1a9c5bcc1df,,,mouse_move,,,,,,,798.0,513.0,1784669844224.0,,
6a5fe698fa8bb1a9c5bcc1e0,,,mouse_move,,,,,,,811.0,523.0,1784669844233.0,,
6a5fe698fa8bb1a9c5bcc1e1,,,mouse_move,,,,,,,820.0,529.0,1784669844236.0,,
6a5fe698fa8bb1a9c5bcc1e2,,,mouse_move,,,,,,,833.0,536.0,1784669844245.0,,
6a5fe698fa8bb1a9c5bcc1e3,,,mouse_move,,,,,,,853.0,545.0,1784669844253.0,,
6a5fe698fa8bb1a9c5bcc1e4,,,mouse_move,,,,,,,864.0,549.0,1784669844262.0,,
6a5fe698fa8bb1a9c5bcc1e5,,,mouse_move,,,,,,,872.0,552.0,1784669844270.0,,
6a5fe698fa8bb1a9c5bcc1e6,,,mouse_move,,,,,,,878.0,552.0,1784669844278.0,,
6a5fe698fa8bb1a9c5bcc1e7,,,mouse_move,,,,,,,880.0,552.0,1784669844286.0,,
6a5fe698fa8bb1a9c5bcc1e8,,,mouse_move,,,,,,,876.0,556.0,1784669844363.0,,
6a5fe698fa8bb1a9c5bcc1e9,,,mouse_move,,,,,,,874.0,559.0,1784669844371.0,,
6a5fe698fa8bb1a9c5bcc1ea,,,mouse_move,,,,,,,869.0,565.0,1784669844379.0,,
6a5fe698fa8bb1a9c5bcc1eb,,,mouse_move,,,,,,,866.0,569.0,1784669844388.0,,
6a5fe698fa8bb1a9c5bcc1ec,,,mouse_move,,,,,,,863.0,573.0,1784669844396.0,,
6a5fe698fa8bb1a9c5bcc1ed,,,mouse_move,,,,,,,858.0,581.0,1784669844403.0,,
6a5fe698fa8bb1a9c5bcc1ee,,,mouse_move,,,,,,,854.0,584.0,1784669844412.0,,
6a5fe698fa8bb1a9c5bcc1ef,,,mouse_move,,,,,,,853.0,588.0,1784669844420.0,,
6a5fe698fa8bb1a9c5bcc1f0,,,mouse_move,,,,,,,849.0,591.0,1784669844429.0,,
6a5fe698fa8bb1a9c5bcc1f1,,,mouse_move,,,,,,,849.0,593.0,1784669844437.0,,
6a5fe698fa8bb1a9c5bcc1f2,,,mouse_move,,,,,,,845.0,596.0,1784669844446.0,,
6a5fe698fa8bb1a9c5bcc1f3,,,mouse_move,,,,,,,842.0,600.0,1784669844454.0,,
6a5fe698fa8bb1a9c5bcc1f4,,,mouse_move,,,,,,,840.0,600.0,1784669844462.0,,
6a5fe698fa8bb1a9c5bcc1f5,,,mouse_move,,,,,,,838.0,602.0,1784669844470.0,,
6a5fe698fa8bb1a9c5bcc1f6,,,mouse_move,,,,,,,836.0,604.0,1784669844478.0,,
6a5fe698fa8bb1a9c5bcc1f7,,,mouse_move,,,,,,,834.0,606.0,1784669844487.0,,
6a5fe698fa8bb1a9c5bcc1f8,,,mouse_move,,,,,,,833.0,608.0,1784669844495.0,,
6a5fe698fa8bb1a9c5bcc1f9,,,mouse_move,,,,,,,831.0,611.0,1784669844503.0,,
6a5fe698fa8bb1a9c5bcc1fa,,,mouse_move,,,,,,,830.0,613.0,1784669844512.0,,
6a5fe698fa8bb1a9c5bcc1fb,,,mouse_move,,,,,,,826.0,615.0,1784669844520.0,,
6a5fe698fa8bb1a9c5bcc1fc,,,mouse_move,,,,,,,826.0,617.0,1784669844528.0,,
6a5fe698fa8bb1a9c5bcc1fd,,,mouse_move,,,,,,,823.0,618.0,1784669844537.0,,
6a5fe698fa8bb1a9c5bcc1fe,,,mouse_move,,,,,,,821.0,621.0,1784669844545.0,,
6a5fe698fa8bb1a9c5bcc1ff,,,mouse_move,,,,,,,820.0,621.0,1784669844554.0,,
6a5fe698fa8bb1a9c5bcc200,,,mouse_move,,,,,,,819.0,623.0,1784669844559.0,,
6a5fe698fa8bb1a9c5bcc201,,,mouse_move,,,,,,,818.0,623.0,1784669844565.0,,
6a5fe698fa8bb1a9c5bcc202,,,mouse_move,,,,,,,817.0,624.0,1784669844575.0,,
6a5fe698fa8bb1a9c5bcc203,,,mouse_move,,,,,,,816.0,625.0,1784669844594.0,,
6a5fe698fa8bb1a9c5bcc204,,,mouse_move,,,,,,,815.0,626.0,1784669844603.0,,
6a5fe698fa8bb1a9c5bcc205,,,mouse_move,,,,,,,814.0,627.0,1784669844612.0,,
6a5fe698fa8bb1a9c5bcc206,,,mouse_move,,,,,,,811.0,630.0,1784669844620.0,,
6a5fe698fa8bb1a9c5bcc207,,,mouse_move,,,,,,,810.0,632.0,1784669844628.0,,
6a5fe698fa8bb1a9c5bcc208,,,mouse_move,,,,,,,809.0,633.0,1784669844637.0,,
6a5fe698fa8bb1a9c5bcc209,,,mouse_move,,,,,,,808.0,634.0,1784669844654.0,,
6a5fe698fa8bb1a9c5bcc20a,,,mouse_move,,,,,,,807.0,636.0,1784669844669.0,,
6a5fe698fa8bb1a9c5bcc20b,,,mouse_move,,,,,,,807.0,637.0,1784669844678.0,,
6a5fe698fa8bb1a9c5bcc20c,,,mouse_move,,,,,,,805.0,639.0,1784669844687.0,,
6a5fe698fa8bb1a9c5bcc20d,,,mouse_move,,,,,,,805.0,640.0,1784669844703.0,,
6a5fe698fa8bb1a9c5bcc20e,,,mouse_click,,,,,,,805.0,640.0,1784669845036.0,0.0,
6a5fe698fa8bb1a9c5bcc20f,,,mouse_move,,,,,,,804.0,640.0,1784669845103.0,,
6a5fe698fa8bb1a9c5bcc210,,,mouse_move,,,,,,,805.0,640.0,1784669848102.0,,
6a5fe698fa8bb1a9c5bcc211,,,mouse_move,,,,,,,807.0,640.0,1784669848111.0,,
6a5fe698fa8bb1a9c5bcc212,,,mouse_move,,,,,,,811.0,640.0,1784669848119.0,,
6a5fe698fa8bb1a9c5bcc213,,,mouse_move,,,,,,,812.0,640.0,1784669848126.0,,
6a5fe698fa8bb1a9c5bcc214,,,mouse_move,,,,,,,814.0,640.0,1784669848135.0,,
6a5fe698fa8bb1a9c5bcc215,,,mouse_move,,,,,,,815.0,640.0,1784669848144.0,,
6a5fe698fa8bb1a9c5bcc216,,,mouse_move,,,,,,,818.0,640.0,1784669848152.0,,
6a5fe698fa8bb1a9c5bcc217,,,mouse_move,,,,,,,820.0,640.0,1784669848160.0,,
6a5fe698fa8bb1a9c5bcc218,,,mouse_move,,,,,,,822.0,639.0,1784669848170.0,,
6a5fe698fa8bb1a9c5bcc219,,,mouse_move,,,,,,,825.0,639.0,1784669848177.0,,
6a5fe698fa8bb1a9c5bcc21a,,,mouse_move,,,,,,,829.0,639.0,1784669848185.0,,
6a5fe698fa8bb1a9c5bcc21b,,,mouse_move,,,,,,,834.0,639.0,1784669848193.0,,
6a5fe698fa8bb1a9c5bcc21c,,,mouse_move,,,,,,,852.0,639.0,1784669848203.0,,
6a5fe698fa8bb1a9c5bcc21d,,,mouse_move,,,,,,,874.0,637.0,1784669848219.0,,
6a5fe698fa8bb1a9c5bcc21e,,,mouse_move,,,,,,,896.0,634.0,1784669848235.0,,
6a5fe698fa8bb1a9c5bcc21f,,,mouse_move,,,,,,,904.0,633.0,1784669848244.0,,
6a5fe698fa8bb1a9c5bcc220,,,mouse_move,,,,,,,913.0,631.0,1784669848252.0,,
6a5fe698fa8bb1a9c5bcc221,,,mouse_move,,,,,,,918.0,630.0,1784669848261.0,,
6a5fe698fa8bb1a9c5bcc222,,,mouse_move,,,,,,,922.0,629.0,1784669848269.0,,
6a5fe698fa8bb1a9c5bcc223,,,mouse_move,,,,,,,924.0,628.0,1784669848276.0,,
6a5fe698fa8bb1a9c5bcc224,,,mouse_move,,,,,,,925.0,628.0,1784669848285.0,,
6a5fe6b4fa8bb1a9c5bcc22e,,,mouse_move,,,,,,,483.0,502.0,1784669866208.0,,
6a5fe6b4fa8bb1a9c5bcc22f,,,mouse_move,,,,,,,614.0,407.0,1784669866216.0,,
6a5fe6b4fa8bb1a9c5bcc230,,,mouse_move,,,,,,,674.0,364.0,1784669866225.0,,
6a5fe6b4fa8bb1a9c5bcc231,,,mouse_move,,,,,,,723.0,324.0,1784669866258.0,,
6a5fe6b4fa8bb1a9c5bcc232,,,mouse_move,,,,,,,725.0,326.0,1784669866503.0,,
6a5fe6b4fa8bb1a9c5bcc233,,,mouse_move,,,,,,,728.0,329.0,1784669866510.0,,
6a5fe6b4fa8bb1a9c5bcc234,,,mouse_move,,,,,,,732.0,334.0,1784669866516.0,,
6a5fe6b4fa8bb1a9c5bcc235,,,mouse_move,,,,,,,734.0,335.0,1784669866526.0,,
6a5fe6b4fa8bb1a9c5bcc236,,,mouse_move,,,,,,,735.0,336.0,1784669866533.0,,
6a5fe6b4fa8bb1a9c5bcc237,,,mouse_move,,,,,,,735.0,337.0,1784669866542.0,,
6a5fe6b4fa8bb1a9c5bcc238,,,mouse_move,,,,,,,736.0,337.0,1784669866550.0,,
6a5fe6b4fa8bb1a9c5bcc239,,,mouse_move,,,,,,,736.0,341.0,1784669866587.0,,
6a5fe6b4fa8bb1a9c5bcc23a,,,mouse_move,,,,,,,736.0,352.0,1784669866595.0,,
6a5fe6b4fa8bb1a9c5bcc23b,,,mouse_move,,,,,,,737.0,361.0,1784669866603.0,,
6a5fe6b4fa8bb1a9c5bcc23c,,,mouse_move,,,,,,,762.0,399.0,1784669866678.0,,
6a5fe6b4fa8bb1a9c5bcc23d,,,mouse_move,,,,,,,767.0,399.0,1784669866683.0,,
6a5fe6b4fa8bb1a9c5bcc23e,,,mouse_move,,,,,,,788.0,393.0,1784669866692.0,,
6a5fe6b4fa8bb1a9c5bcc23f,,,mouse_move,,,,,,,809.0,384.0,1784669866706.0,,
6a5fe6b4fa8bb1a9c5bcc240,,,mouse_move,,,,,,,841.0,365.0,1784669866726.0,,
6a5fe6b4fa8bb1a9c5bcc241,,,mouse_move,,,,,,,905.0,325.0,1784669866735.0,,
6a5fe6b4fa8bb1a9c5bcc242,,,mouse_move,,,,,,,954.0,300.0,1784669866742.0,,
6a5fe6b4fa8bb1a9c5bcc243,,,mouse_move,,,,,,,970.0,300.0,1784669866750.0,,
6a5fe6b4fa8bb1a9c5bcc244,,,mouse_move,,,,,,,979.0,302.0,1784669866760.0,,
6a5fe6b4fa8bb1a9c5bcc245,,,mouse_move,,,,,,,987.0,308.0,1784669866766.0,,
6a5fe6b4fa8bb1a9c5bcc246,,,mouse_move,,,,,,,991.0,313.0,1784669866776.0,,
6a5fe6b4fa8bb1a9c5bcc247,,,mouse_move,,,,,,,996.0,318.0,1784669866807.0,,
6a5fe6b4fa8bb1a9c5bcc248,,,mouse_move,,,,,,,998.0,314.0,1784669866831.0,,
6a5fe6b4fa8bb1a9c5bcc249,,,mouse_move,,,,,,,998.0,315.0,1784669866895.0,,
6a5fe6b4fa8bb1a9c5bcc24a,,,mouse_move,,,,,,,998.0,316.0,1784669866907.0,,
6a5fe6b4fa8bb1a9c5bcc24b,,,mouse_move,,,,,,,999.0,316.0,1784669866937.0,,
6a5fe6b4fa8bb1a9c5bcc24c,,,mouse_move,,,,,,,999.0,317.0,1784669866953.0,,
6a5fe6b4fa8bb1a9c5bcc24d,,,mouse_move,,,,,,,999.0,319.0,1784669866966.0,,
6a5fe6b4fa8bb1a9c5bcc24e,,,mouse_move,,,,,,,999.0,321.0,1784669866983.0,,
6a5fe6b4fa8bb1a9c5bcc24f,,,mouse_move,,,,,,,999.0,322.0,1784669866992.0,,
6a5fe6b4fa8bb1a9c5bcc250,,,mouse_move,,,,,,,999.0,324.0,1784669867001.0,,
6a5fe6b4fa8bb1a9c5bcc251,,,mouse_move,,,,,,,999.0,325.0,1784669867016.0,,
6a5fe6b4fa8bb1a9c5bcc252,,,mouse_move,,,,,,,998.0,327.0,1784669867025.0,,
6a5fe6b4fa8bb1a9c5bcc253,,,mouse_move,,,,,,,998.0,328.0,1784669867034.0,,
6a5fe6b4fa8bb1a9c5bcc254,,,mouse_move,,,,,,,998.0,329.0,1784669867041.0,,
6a5fe6b4fa8bb1a9c5bcc255,,,mouse_move,,,,,,,997.0,329.0,1784669867050.0,,
6a5fe6b4fa8bb1a9c5bcc256,,,mouse_move,,,,,,,997.0,331.0,1784669867059.0,,
6a5fe6b4fa8bb1a9c5bcc257,,,mouse_move,,,,,,,996.0,337.0,1784669867084.0,,
6a5fe6b4fa8bb1a9c5bcc258,,,mouse_move,,,,,,,994.0,341.0,1784669867100.0,,
6a5fe6b4fa8bb1a9c5bcc259,,,mouse_move,,,,,,,992.0,343.0,1784669867109.0,,
6a5fe6b4fa8bb1a9c5bcc25a,,,mouse_move,,,,,,,992.0,344.0,1784669867117.0,,
6a5fe6b4fa8bb1a9c5bcc25b,,,mouse_move,,,,,,,991.0,345.0,1784669867125.0,,
6a5fe6b4fa8bb1a9c5bcc25c,,,mouse_move,,,,,,,990.0,346.0,1784669867133.0,,
6a5fe6b4fa8bb1a9c5bcc25d,,,mouse_move,,,,,,,988.0,348.0,1784669867141.0,,
6a5fe6b4fa8bb1a9c5bcc25e,,,mouse_move,,,,,,,986.0,349.0,1784669867167.0,,
6a5fe6b4fa8bb1a9c5bcc25f,,,mouse_move,,,,,,,986.0,351.0,1784669867175.0,,
6a5fe6b4fa8bb1a9c5bcc260,,,mouse_move,,,,,,,985.0,351.0,1784669867184.0,,
6a5fe6b4fa8bb1a9c5bcc261,,,mouse_move,,,,,,,985.0,352.0,1784669867192.0,,
6a5fe6b4fa8bb1a9c5bcc262,,,mouse_move,,,,,,,984.0,352.0,1784669867201.0,,
6a5fe6b4fa8bb1a9c5bcc263,,,mouse_move,,,,,,,983.0,354.0,1784669867209.0,,
6a5fe6b4fa8bb1a9c5bcc264,,,mouse_move,,,,,,,981.0,357.0,1784669867216.0,,
6a5fe6b4fa8bb1a9c5bcc265,,,mouse_move,,,,,,,980.0,360.0,1784669867225.0,,
6a5fe6b4fa8bb1a9c5bcc266,,,mouse_move,,,,,,,978.0,362.0,1784669867233.0,,
6a5fe6b4fa8bb1a9c5bcc267,,,mouse_move,,,,,,,976.0,366.0,1784669867241.0,,
6a5fe6b4fa8bb1a9c5bcc268,,,mouse_move,,,,,,,975.0,369.0,1784669867251.0,,
6a5fe6b4fa8bb1a9c5bcc269,,,mouse_move,,,,,,,974.0,370.0,1784669867258.0,,
6a5fe6b4fa8bb1a9c5bcc26a,,,mouse_move,,,,,,,974.0,371.0,1784669867267.0,,
6a5fe6b4fa8bb1a9c5bcc26b,,,mouse_move,,,,,,,973.0,371.0,1784669867275.0,,
6a5fe6b4fa8bb1a9c5bcc26c,,,mouse_move,,,,,,,973.0,372.0,1784669867284.0,,
6a5fe6b4fa8bb1a9c5bcc26d,,,mouse_move,,,,,,,972.0,372.0,1784669867285.0,,
6a5fe6b4fa8bb1a9c5bcc26e,,,mouse_move,,,,,,,971.0,372.0,1784669867320.0,,
6a5fe6b4fa8bb1a9c5bcc26f,,,mouse_move,,,,,,,968.0,372.0,1784669867333.0,,
6a5fe6b4fa8bb1a9c5bcc270,,,mouse_move,,,,,,,966.0,372.0,1784669867347.0,,
6a5fe6b4fa8bb1a9c5bcc271,,,mouse_move,,,,,,,965.0,372.0,1784669867360.0,,
6a5fe6b4fa8bb1a9c5bcc272,,,mouse_move,,,,,,,962.0,372.0,1784669867373.0,,
6a5fe6b4fa8bb1a9c5bcc273,,,mouse_move,,,,,,,950.0,370.0,1784669867387.0,,
6a5fe6b4fa8bb1a9c5bcc274,,,mouse_move,,,,,,,947.0,369.0,1784669867403.0,,
6a5fe6b4fa8bb1a9c5bcc275,,,mouse_move,,,,,,,943.0,367.0,1784669867419.0,,
6a5fe6b4fa8bb1a9c5bcc276,,,mouse_move,,,,,,,938.0,366.0,1784669867436.0,,
6a5fe6b4fa8bb1a9c5bcc277,,,mouse_move,,,,,,,930.0,364.0,1784669867453.0,,
6a5fe6b4fa8bb1a9c5bcc278,,,mouse_move,,,,,,,929.0,364.0,1784669867470.0,,
6a5fe6b4fa8bb1a9c5bcc279,,,mouse_move,,,,,,,928.0,364.0,1784669867496.0,,
6a5fe6b4fa8bb1a9c5bcc27a,,,mouse_move,,,,,,,927.0,363.0,1784669867500.0,,
6a5fe6b4fa8bb1a9c5bcc27b,,,mouse_move,,,,,,,925.0,361.0,1784669867509.0,,
6a5fe6b4fa8bb1a9c5bcc27c,,,mouse_move,,,,,,,924.0,361.0,1784669867521.0,,
6a5fe6b4fa8bb1a9c5bcc27d,,,mouse_move,,,,,,,923.0,361.0,1784669867537.0,,
6a5fe6b4fa8bb1a9c5bcc27e,,,mouse_move,,,,,,,920.0,361.0,1784669867564.0,,
6a5fe6b4fa8bb1a9c5bcc27f,,,mouse_move,,,,,,,919.0,361.0,1784669867578.0,,
6a5fe6b4fa8bb1a9c5bcc280,,,mouse_move,,,,,,,913.0,359.0,1784669867589.0,,
6a5fe6b4fa8bb1a9c5bcc281,,,mouse_move,,,,,,,908.0,356.0,1784669867603.0,,
6a5fe6b4fa8bb1a9c5bcc282,,,mouse_move,,,,,,,898.0,346.0,1784669867620.0,,
6a5fe6b4fa8bb1a9c5bcc283,,,mouse_move,,,,,,,894.0,340.0,1784669867636.0,,
6a5fe6b4fa8bb1a9c5bcc284,,,mouse_move,,,,,,,892.0,328.0,1784669867658.0,,
6a5fe6b4fa8bb1a9c5bcc285,,,mouse_move,,,,,,,903.0,259.0,1784669867666.0,,
6a5fe6b4fa8bb1a9c5bcc286,,,mouse_move,,,,,,,924.0,178.0,1784669867683.0,,
6a5fe6b4fa8bb1a9c5bcc287,,,mouse_move,,,,,,,959.0,82.0,1784669867700.0,,
6a5fe6b4fa8bb1a9c5bcc288,,,mouse_move,,,,,,,981.0,32.0,1784669867709.0,,
6a5fe6e00df87e62ce5e596c,,,mouse_move,,,,,,,430.0,622.0,1784669910672.0,,laura2
6a5fe6e00df87e62ce5e596d,,,mouse_move,,,,,,,440.0,618.0,1784669910677.0,,laura2
6a5fe6e00df87e62ce5e596e,,,mouse_move,,,,,,,455.0,607.0,1784669910686.0,,laura2
6a5fe6e00df87e62ce5e596f,,,mouse_move,,,,,,,468.0,596.0,1784669910694.0,,laura2
6a5fe6e00df87e62ce5e5970,,,mouse_move,,,,,,,482.0,584.0,1784669910701.0,,laura2
6a5fe6e00df87e62ce5e5971,,,mouse_move,,,,,,,491.0,574.0,1784669910710.0,,laura2
6a5fe6e00df87e62ce5e5972,,,mouse_move,,,,,,,499.0,566.0,1784669910718.0,,laura2
6a5fe6e00df87e62ce5e5973,,,mouse_move,,,,,,,505.0,559.0,1784669910726.0,,laura2
6a5fe6e00df87e62ce5e5974,,,mouse_move,,,,,,,510.0,552.0,1784669910735.0,,laura2
6a5fe6e00df87e62ce5e5975,,,mouse_move,,,,,,,513.0,546.0,1784669910744.0,,laura2
6a5fe6e00df87e62ce5e5976,,,mouse_move,,,,,,,516.0,540.0,1784669910752.0,,laura2
6a5fe6e00df87e62ce5e5977,,,mouse_move,,,,,,,520.0,534.0,1784669910760.0,,laura2
6a5fe6e00df87e62ce5e5978,,,mouse_move,,,,,,,523.0,528.0,1784669910768.0,,laura2
6a5fe6e00df87e62ce5e5979,,,mouse_move,,,,,,,526.0,525.0,1784669910777.0,,laura2
6a5fe6e00df87e62ce5e597a,,,mouse_move,,,,,,,531.0,519.0,1784669910786.0,,laura2
6a5fe6e00df87e62ce5e597b,,,mouse_move,,,,,,,534.0,514.0,1784669910794.0,,laura2
6a5fe6e00df87e62ce5e597c,,,mouse_move,,,,,,,535.0,511.0,1784669910802.0,,laura2
6a5fe6e00df87e62ce5e597d,,,mouse_move,,,,,,,537.0,509.0,1784669910811.0,,laura2
6a5fe6e00df87e62ce5e597e,,,mouse_move,,,,,,,537.0,506.0,1784669910819.0,,laura2
6a5fe6e00df87e62ce5e597f,,,mouse_move,,,,,,,538.0,505.0,1784669910827.0,,laura2
6a5fe6e00df87e62ce5e5980,,,mouse_move,,,,,,,539.0,503.0,1784669910835.0,,laura2
6a5fe6e00df87e62ce5e5981,,,mouse_move,,,,,,,539.0,501.0,1784669910843.0,,laura2
6a5fe6e00df87e62ce5e5982,,,mouse_move,,,,,,,541.0,500.0,1784669910852.0,,laura2
6a5fe6e00df87e62ce5e5983,,,mouse_move,,,,,,,541.0,499.0,1784669910860.0,,laura2
6a5fe6e00df87e62ce5e5984,,,mouse_move,,,,,,,543.0,499.0,1784669910892.0,,laura2
6a5fe6e00df87e62ce5e5985,,,mouse_move,,,,,,,543.0,498.0,1784669910940.0,,laura2
6a5fe6e00df87e62ce5e5986,,,mouse_move,,,,,,,545.0,495.0,1784669910947.0,,laura2
6a5fe6e00df87e62ce5e5987,,,mouse_move,,,,,,,546.0,492.0,1784669910955.0,,laura2
6a5fe6e00df87e62ce5e5988,,,mouse_move,,,,,,,546.0,490.0,1784669910963.0,,laura2
6a5fe6e00df87e62ce5e5989,,,mouse_move,,,,,,,547.0,488.0,1784669910970.0,,laura2
6a5fe6e00df87e62ce5e598a,,,mouse_move,,,,,,,547.0,485.0,1784669910978.0,,laura2
6a5fe6e00df87e62ce5e598b,,,mouse_move,,,,,,,547.0,481.0,1784669910987.0,,laura2
6a5fe6e00df87e62ce5e598c,,,mouse_move,,,,,,,547.0,477.0,1784669910996.0,,laura2
6a5fe6e00df87e62ce5e598d,,,mouse_move,,,,,,,548.0,472.0,1784669911003.0,,laura2
6a5fe6e00df87e62ce5e598e,,,mouse_move,,,,,,,548.0,470.0,1784669911012.0,,laura2
6a5fe6e00df87e62ce5e598f,,,mouse_move,,,,,,,549.0,470.0,1784669911019.0,,laura2
6a5fe6e00df87e62ce5e5990,,,mouse_move,,,,,,,550.0,471.0,1784669911058.0,,laura2
6a5fe6e00df87e62ce5e5991,,,mouse_move,,,,,,,550.0,472.0,1784669911067.0,,laura2
6a5fe6e00df87e62ce5e5992,,,mouse_move,,,,,,,552.0,474.0,1784669911075.0,,laura2
6a5fe6e00df87e62ce5e5993,,,mouse_click,,,,,,,552.0,474.0,1784669911130.0,,laura2
6a5fe6e00df87e62ce5e5994,,,mouse_move,,,,,,,552.0,474.0,1784669911141.0,,laura2
6a5fe6e00df87e62ce5e5995,,,mouse_move,,,,,,,552.0,473.0,1784669911175.0,,laura2
6a5fe6e00df87e62ce5e5996,,,mouse_move,,,,,,,553.0,473.0,1784669911342.0,,laura2
6a5fe6e00df87e62ce5e5997,,,mouse_move,,,,,,,554.0,473.0,1784669911350.0,,laura2
6a5fe6e00df87e62ce5e5998,,,mouse_move,,,,,,,558.0,472.0,1784669911358.0,,laura2
6a5fe6e00df87e62ce5e5999,,,mouse_move,,,,,,,563.0,471.0,1784669911367.0,,laura2
6a5fe6e00df87e62ce5e599a,,,mouse_move,,,,,,,569.0,470.0,1784669911376.0,,laura2
6a5fe6e00df87e62ce5e599b,,,mouse_move,,,,,,,572.0,470.0,1784669911383.0,,laura2
6a5fe6e00df87e62ce5e599c,,,mouse_move,,,,,,,577.0,470.0,1784669911391.0,,laura2
6a5fe6e00df87e62ce5e599d,,,mouse_move,,,,,,,579.0,470.0,1784669911401.0,,laura2
6a5fe6e00df87e62ce5e599e,,,mouse_move,,,,,,,582.0,471.0,1784669911408.0,,laura2
6a5fe6e00df87e62ce5e599f,,,mouse_move,,,,,,,584.0,473.0,1784669911416.0,,laura2
6a5fe6e00df87e62ce5e59a0,,,mouse_move,,,,,,,586.0,474.0,1784669911426.0,,laura2
6a5fe6e00df87e62ce5e59a1,,,mouse_move,,,,,,,591.0,482.0,1784669911453.0,,laura2
6a5fe6e00df87e62ce5e59a2,,,mouse_move,,,,,,,593.0,483.0,1784669911474.0,,laura2
6a5fe6e00df87e62ce5e59a3,,,mouse_move,,,,,,,596.0,487.0,1784669911488.0,,laura2
6a5fe6e00df87e62ce5e59a4,,,mouse_move,,,,,,,597.0,490.0,1784669911502.0,,laura2
6a5fe6e00df87e62ce5e59a5,,,mouse_move,,,,,,,600.0,493.0,1784669911527.0,,laura2
6a5fe6e00df87e62ce5e59a6,,,mouse_move,,,,,,,600.0,494.0,1784669911538.0,,laura2
6a5fe6e00df87e62ce5e59a7,,,mouse_move,,,,,,,601.0,495.0,1784669911552.0,,laura2
6a5fe6e00df87e62ce5e59a8,,,mouse_move,,,,,,,602.0,495.0,1784669911590.0,,laura2
6a5fe6e00df87e62ce5e59a9,,,mouse_move,,,,,,,603.0,495.0,1784669911624.0,,laura2
6a5fe6e00df87e62ce5e59aa,,,mouse_move,,,,,,,604.0,495.0,1784669911658.0,,laura2
6a5fe6e00df87e62ce5e59ab,,,mouse_move,,,,,,,605.0,496.0,1784669911675.0,,laura2
6a5fe6e00df87e62ce5e59ac,,,mouse_move,,,,,,,606.0,496.0,1784669911682.0,,laura2
6a5fe6e00df87e62ce5e59ad,,,mouse_move,,,,,,,607.0,496.0,1784669911699.0,,laura2
6a5fe6e00df87e62ce5e59ae,,,mouse_move,,,,,,,609.0,497.0,1784669911708.0,,laura2
6a5fe6e00df87e62ce5e59af,,,mouse_move,,,,,,,610.0,497.0,1784669911715.0,,laura2
6a5fe6e00df87e62ce5e59b0,,,mouse_move,,,,,,,613.0,498.0,1784669911724.0,,laura2
6a5fe6e00df87e62ce5e59b1,,,mouse_move,,,,,,,614.0,498.0,1784669911732.0,,laura2
6a5fe6e00df87e62ce5e59b2,,,mouse_move,,,,,,,617.0,498.0,1784669911741.0,,laura2
6a5fe6e00df87e62ce5e59b3,,,mouse_move,,,,,,,620.0,498.0,1784669911749.0,,laura2
6a5fe6e00df87e62ce5e59b4,,,mouse_move,,,,,,,622.0,498.0,1784669911757.0,,laura2
6a5fe6e00df87e62ce5e59b5,,,mouse_move,,,,,,,624.0,498.0,1784669911766.0,,laura2
6a5fe6e00df87e62ce5e59b6,,,mouse_move,,,,,,,625.0,498.0,1784669911774.0,,laura2
6a5fe6e00df87e62ce5e59b7,,,mouse_move,,,,,,,628.0,498.0,1784669911783.0,,laura2
6a5fe6e00df87e62ce5e59b8,,,mouse_move,,,,,,,629.0,498.0,1784669911791.0,,laura2
6a5fe6e00df87e62ce5e59b9,,,mouse_move,,,,,,,630.0,498.0,1784669911799.0,,laura2
6a5fe6e00df87e62ce5e59ba,,,mouse_move,,,,,,,631.0,498.0,1784669911807.0,,laura2
6a5fe6e00df87e62ce5e59bb,,,mouse_move,,,,,,,633.0,498.0,1784669911816.0,,laura2
6a5fe6e00df87e62ce5e59bc,,,mouse_move,,,,,,,635.0,498.0,1784669911832.0,,laura2
6a5fe6e00df87e62ce5e59bd,,,mouse_move,,,,,,,635.0,497.0,1784669911841.0,,laura2
6a5fe6e00df87e62ce5e59be,,,mouse_move,,,,,,,637.0,497.0,1784669911849.0,,laura2
6a5fe6e00df87e62ce5e59bf,,,mouse_move,,,,,,,641.0,497.0,1784669911859.0,,laura2
6a5fe6e00df87e62ce5e59c0,,,mouse_move,,,,,,,648.0,496.0,1784669911874.0,,laura2
6a5fe6e00df87e62ce5e59c1,,,mouse_move,,,,,,,654.0,496.0,1784669911890.0,,laura2
6a5fe6e00df87e62ce5e59c2,,,mouse_move,,,,,,,657.0,496.0,1784669911899.0,,laura2
6a5fe6e00df87e62ce5e59c3,,,mouse_move,,,,,,,661.0,496.0,1784669911908.0,,laura2
6a5fe6e00df87e62ce5e59c4,,,mouse_move,,,,,,,664.0,496.0,1784669911917.0,,laura2
6a5fe6e00df87e62ce5e59c5,,,mouse_move,,,,,,,668.0,496.0,1784669911924.0,,laura2
6a5fe6e00df87e62ce5e59c6,,,mouse_move,,,,,,,670.0,495.0,1784669911933.0,,laura2
6a5fe6e00df87e62ce5e59c7,,,mouse_move,,,,,,,673.0,495.0,1784669911941.0,,laura2
6a5fe6e00df87e62ce5e59c8,,,mouse_move,,,,,,,675.0,495.0,1784669911950.0,,laura2
6a5fe6e00df87e62ce5e59c9,,,mouse_move,,,,,,,676.0,495.0,1784669911957.0,,laura2
6a5fe6e00df87e62ce5e59ca,,,mouse_move,,,,,,,677.0,495.0,1784669911983.0,,laura2
6a5fe6e00df87e62ce5e59cb,,,mouse_move,,,,,,,670.0,480.0,1784669914472.0,,laura2
6a5fe6e00df87e62ce5e59cc,,,mouse_move,,,,,,,660.0,450.0,1784669914481.0,,laura2
6a5fe6e00df87e62ce5e59cd,,,mouse_move,,,,,,,652.0,415.0,1784669914490.0,,laura2
6a5fe6e00df87e62ce5e59ce,,,mouse_move,,,,,,,645.0,378.0,1784669914497.0,,laura2
6a5fe6e00df87e62ce5e59cf,,,mouse_move,,,,,,,639.0,341.0,1784669914506.0,,laura2
6a5fe6e00df87e62ce5e59d0,,,mouse_move,,,,,,,634.0,310.0,1784669914514.0,,laura2
6a5fe6e00df87e62ce5e59d1,,,mouse_move,,,,,,,634.0,288.0,1784669914523.0,,laura2
6a5fe6e00df87e62ce5e59d2,,,mouse_move,,,,,,,632.0,276.0,1784669914531.0,,laura2
6a5fe6e00df87e62ce5e59d3,,,mouse_move,,,,,,,632.0,270.0,1784669914539.0,,laura2
6a5fe6e00df87e62ce5e59d4,,,mouse_move,,,,,,,631.0,266.0,1784669914547.0,,laura2
6a5fe6e00df87e62ce5e59d5,,,mouse_move,,,,,,,631.0,265.0,1784669914556.0,,laura2
6a5fe6e00df87e62ce5e59d6,,,mouse_move,,,,,,,630.0,265.0,1784669914683.0,,laura2
6a5fe6e00df87e62ce5e59d7,,,mouse_move,,,,,,,629.0,266.0,1784669914689.0,,laura2
6a5fe6e00df87e62ce5e59d8,,,mouse_move,,,,,,,627.0,268.0,1784669914698.0,,laura2
6a5fe6e00df87e62ce5e59d9,,,mouse_move,,,,,,,626.0,269.0,1784669914705.0,,laura2
6a5fe6e00df87e62ce5e59da,,,mouse_move,,,,,,,624.0,271.0,1784669914714.0,,laura2
6a5fe6e00df87e62ce5e59db,,,mouse_move,,,,,,,623.0,271.0,1784669914722.0,,laura2
6a5fe6e00df87e62ce5e59dc,,,mouse_move,,,,,,,621.0,273.0,1784669914730.0,,laura2
6a5fe6e00df87e62ce5e59dd,,,mouse_move,,,,,,,621.0,273.0,1784669915011.0,,laura2
6a5fe6e00df87e62ce5e59de,,,mouse_move,,,,,,,621.0,273.0,1784669915023.0,,laura2
6a5fe6e00df87e62ce5e59df,,,mouse_move,,,,,,,621.0,273.0,1784669915036.0,,laura2
6a5fe6e00df87e62ce5e59e0,,,mouse_click,,,,,,,621.0,273.0,1784669915192.0,,laura2
6a5fe6e00df87e62ce5e59e1,,,mouse_move,,,,,,,621.0,274.0,1784669916195.0,,laura2
6a5fe6e00df87e62ce5e59e2,,,mouse_move,,,,,,,619.0,276.0,1784669916208.0,,laura2
6a5fe6e00df87e62ce5e59e3,,,mouse_move,,,,,,,614.0,283.0,1784669916213.0,,laura2
6a5fe6e00df87e62ce5e59e4,,,mouse_move,,,,,,,616.0,512.0,1784669916347.0,,laura2
6a5fe6e00df87e62ce5e59e5,,,mouse_move,,,,,,,611.0,526.0,1784669916356.0,,laura2
6a5fe6e00df87e62ce5e59e6,,,mouse_move,,,,,,,606.0,535.0,1784669916364.0,,laura2
6a5fe6e00df87e62ce5e59e7,,,mouse_move,,,,,,,603.0,541.0,1784669916372.0,,laura2
6a5fe6e00df87e62ce5e59e8,,,mouse_move,,,,,,,599.0,544.0,1784669916380.0,,laura2
6a5fe6e00df87e62ce5e59e9,,,mouse_move,,,,,,,598.0,545.0,1784669916390.0,,laura2
6a5fe6e00df87e62ce5e59ea,,,mouse_move,,,,,,,597.0,546.0,1784669916397.0,,laura2
6a5fe6e00df87e62ce5e59eb,,,mouse_move,,,,,,,596.0,546.0,1784669916422.0,,laura2
6a5fe6e00df87e62ce5e59ec,,,mouse_move,,,,,,,595.0,547.0,1784669916434.0,,laura2
6a5fe6e00df87e62ce5e59ed,,,mouse_move,,,,,,,595.0,549.0,1784669916455.0,,laura2
6a5fe6e00df87e62ce5e59ee,,,mouse_move,,,,,,,595.0,550.0,1784669916464.0,,laura2
6a5fe6e00df87e62ce5e59ef,,,mouse_move,,,,,,,595.0,550.0,1784669916532.0,,laura2
6a5fe6e00df87e62ce5e59f0,,,mouse_click,,,,,,,595.0,550.0,1784669916619.0,,laura2
6a5fe6e00df87e62ce5e59f1,,,mouse_move,,,,,,,595.0,549.0,1784669916756.0,,laura2
6a5fe6e00df87e62ce5e59f2,,,mouse_move,,,,,,,597.0,547.0,1784669916763.0,,laura2
6a5fe6e00df87e62ce5e59f3,,,mouse_move,,,,,,,599.0,546.0,1784669916780.0,,laura2
6a5fe6e00df87e62ce5e59f4,,,mouse_move,,,,,,,601.0,545.0,1784669916788.0,,laura2
6a5fe6e00df87e62ce5e59f5,,,mouse_move,,,,,,,605.0,543.0,1784669916796.0,,laura2
6a5fe6e00df87e62ce5e59f6,,,mouse_move,,,,,,,609.0,540.0,1784669916805.0,,laura2
6a5fe6e00df87e62ce5e59f7,,,mouse_move,,,,,,,614.0,538.0,1784669916814.0,,laura2
6a5fe6e00df87e62ce5e59f8,,,mouse_move,,,,,,,620.0,535.0,1784669916822.0,,laura2
6a5fe6e00df87e62ce5e59f9,,,mouse_move,,,,,,,627.0,533.0,1784669916830.0,,laura2
6a5fe6e00df87e62ce5e59fa,,,mouse_move,,,,,,,635.0,529.0,1784669916838.0,,laura2
6a5fe6e00df87e62ce5e59fb,,,mouse_move,,,,,,,645.0,526.0,1784669916848.0,,laura2
6a5fe6e00df87e62ce5e59fc,,,mouse_move,,,,,,,653.0,523.0,1784669916855.0,,laura2
6a5fe6e00df87e62ce5e59fd,,,mouse_move,,,,,,,661.0,520.0,1784669916863.0,,laura2
6a5fe6e00df87e62ce5e59fe,,,mouse_move,,,,,,,670.0,516.0,1784669916872.0,,laura2
6a5fe6e00df87e62ce5e59ff,,,mouse_move,,,,,,,675.0,515.0,1784669916880.0,,laura2
6a5fe6e00df87e62ce5e5a00,,,mouse_move,,,,,,,678.0,514.0,1784669916888.0,,laura2
6a5fe6e00df87e62ce5e5a01,,,mouse_move,,,,,,,681.0,513.0,1784669916897.0,,laura2
6a5fe6e00df87e62ce5e5a02,,,mouse_move,,,,,,,683.0,512.0,1784669916906.0,,laura2
6a5fe6e00df87e62ce5e5a03,,,mouse_move,,,,,,,684.0,512.0,1784669916913.0,,laura2
6a5fe6e00df87e62ce5e5a04,,,mouse_move,,,,,,,685.0,512.0,1784669916922.0,,laura2
6a5fe6e00df87e62ce5e5a05,,,mouse_move,,,,,,,686.0,512.0,1784669916930.0,,laura2
6a5fe6f40df87e62ce5e5a41,,,mouse_move,,,,,,,678.0,516.0,1784669935875.0,,laura2
6a5fe6f40df87e62ce5e5a42,,,mouse_move,,,,,,,675.0,517.0,1784669935882.0,,laura2
6a5fe6f40df87e62ce5e5a43,,,mouse_move,,,,,,,673.0,519.0,1784669935891.0,,laura2
6a5fe6f40df87e62ce5e5a44,,,mouse_move,,,,,,,671.0,519.0,1784669935899.0,,laura2
6a5fe6f40df87e62ce5e5a45,,,mouse_move,,,,,,,670.0,520.0,1784669935908.0,,laura2
6a5fe6f40df87e62ce5e5a46,,,mouse_move,,,,,,,669.0,520.0,1784669935915.0,,laura2
6a5fe6f40df87e62ce5e5a47,,,mouse_move,,,,,,,668.0,521.0,1784669935924.0,,laura2
6a5fe6f40df87e62ce5e5a48,,,mouse_move,,,,,,,668.0,520.0,1784669935950.0,,laura2
6a5fe6f40df87e62ce5e5a49,,,mouse_move,,,,,,,668.0,519.0,1784669935963.0,,laura2
6a5fe6f40df87e62ce5e5a4a,,,mouse_move,,,,,,,669.0,519.0,1784669935971.0,,laura2
6a5fe6f40df87e62ce5e5a4b,,,mouse_move,,,,,,,669.0,518.0,1784669936003.0,,laura2
6a5fe6f40df87e62ce5e5a4c,,,mouse_move,,,,,,,669.0,516.0,1784669936024.0,,laura2
6a5fe6f40df87e62ce5e5a4d,,,mouse_move,,,,,,,669.0,514.0,1784669936031.0,,laura2
6a5fe6f40df87e62ce5e5a4e,,,mouse_move,,,,,,,669.0,511.0,1784669936040.0,,laura2
6a5fe6f40df87e62ce5e5a4f,,,mouse_move,,,,,,,669.0,508.0,1784669936048.0,,laura2
6a5fe6f40df87e62ce5e5a50,,,mouse_move,,,,,,,668.0,503.0,1784669936056.0,,laura2
6a5fe6f40df87e62ce5e5a51,,,mouse_move,,,,,,,668.0,499.0,1784669936065.0,,laura2
6a5fe6f40df87e62ce5e5a52,,,mouse_move,,,,,,,668.0,495.0,1784669936073.0,,laura2
6a5fe6f40df87e62ce5e5a53,,,mouse_move,,,,,,,668.0,492.0,1784669936082.0,,laura2
6a5fe6f40df87e62ce5e5a54,,,mouse_move,,,,,,,668.0,488.0,1784669936090.0,,laura2
6a5fe6f40df87e62ce5e5a55,,,mouse_move,,,,,,,667.0,486.0,1784669936098.0,,laura2
6a5fe6f40df87e62ce5e5a56,,,mouse_move,,,,,,,666.0,481.0,1784669936107.0,,laura2
6a5fe6f40df87e62ce5e5a57,,,mouse_move,,,,,,,666.0,479.0,1784669936122.0,,laura2
6a5fe6f40df87e62ce5e5a58,,,mouse_move,,,,,,,666.0,478.0,1784669936130.0,,laura2
6a5fe6f40df87e62ce5e5a59,,,mouse_move,,,,,,,665.0,476.0,1784669936138.0,,laura2
6a5fe6f40df87e62ce5e5a5a,,,mouse_move,,,,,,,665.0,474.0,1784669936146.0,,laura2
6a5fe6f40df87e62ce5e5a5b,,,mouse_move,,,,,,,664.0,473.0,1784669936154.0,,laura2
6a5fe6f40df87e62ce5e5a5c,,,mouse_move,,,,,,,664.0,471.0,1784669936162.0,,laura2
6a5fe6f40df87e62ce5e5a5d,,,mouse_move,,,,,,,663.0,469.0,1784669936170.0,,laura2
6a5fe6f40df87e62ce5e5a5e,,,mouse_move,,,,,,,661.0,466.0,1784669936178.0,,laura2
6a5fe6f40df87e62ce5e5a5f,,,mouse_move,,,,,,,660.0,465.0,1784669936186.0,,laura2
6a5fe6f40df87e62ce5e5a60,,,mouse_move,,,,,,,659.0,463.0,1784669936194.0,,laura2
6a5fe6f40df87e62ce5e5a61,,,mouse_move,,,,,,,657.0,462.0,1784669936216.0,,laura2
6a5fe6f40df87e62ce5e5a62,,,mouse_move,,,,,,,656.0,462.0,1784669936226.0,,laura2
6a5fe6f40df87e62ce5e5a63,,,mouse_move,,,,,,,655.0,462.0,1784669936249.0,,laura2
6a5fe6f40df87e62ce5e5a64,,,mouse_move,,,,,,,655.0,464.0,1784669936258.0,,laura2
6a5fe6f40df87e62ce5e5a65,,,mouse_move,,,,,,,655.0,465.0,1784669936281.0,,laura2
6a5fe6f40df87e62ce5e5a66,,,mouse_move,,,,,,,655.0,471.0,1784669936290.0,,laura2
6a5fe6f40df87e62ce5e5a67,,,mouse_move,,,,,,,656.0,475.0,1784669936298.0,,laura2
6a5fe6f40df87e62ce5e5a68,,,mouse_move,,,,,,,658.0,479.0,1784669936306.0,,laura2
6a5fe6f40df87e62ce5e5a69,,,mouse_move,,,,,,,659.0,482.0,1784669936314.0,,laura2
6a5fe6f40df87e62ce5e5a6a,,,mouse_move,,,,,,,660.0,485.0,1784669936323.0,,laura2
6a5fe6f40df87e62ce5e5a6b,,,mouse_move,,,,,,,660.0,490.0,1784669936331.0,,laura2
6a5fe6f40df87e62ce5e5a6c,,,mouse_move,,,,,,,662.0,494.0,1784669936339.0,,laura2
6a5fe6f40df87e62ce5e5a6d,,,mouse_move,,,,,,,664.0,496.0,1784669936348.0,,laura2
6a5fe6f40df87e62ce5e5a6e,,,mouse_move,,,,,,,665.0,499.0,1784669936356.0,,laura2
6a5fe6f40df87e62ce5e5a6f,,,mouse_move,,,,,,,666.0,500.0,1784669936365.0,,laura2
6a5fe6f40df87e62ce5e5a70,,,mouse_move,,,,,,,667.0,501.0,1784669936373.0,,laura2
6a5fe6f40df87e62ce5e5a71,,,mouse_move,,,,,,,668.0,503.0,1784669936381.0,,laura2
6a5fe6f40df87e62ce5e5a72,,,mouse_move,,,,,,,669.0,503.0,1784669936389.0,,laura2
6a5fe6f40df87e62ce5e5a73,,,mouse_move,,,,,,,669.0,504.0,1784669936398.0,,laura2
6a5fe6f40df87e62ce5e5a74,,,mouse_move,,,,,,,669.0,505.0,1784669936407.0,,laura2
6a5fe6f40df87e62ce5e5a75,,,mouse_move,,,,,,,670.0,505.0,1784669936611.0,,laura2
6a5fe6f40df87e62ce5e5a76,,,mouse_move,,,,,,,672.0,507.0,1784669936620.0,,laura2
6a5fe6f40df87e62ce5e5a77,,,mouse_move,,,,,,,676.0,508.0,1784669936628.0,,laura2
6a5fe6f40df87e62ce5e5a78,,,mouse_move,,,,,,,681.0,510.0,1784669936636.0,,laura2
6a5fe6f40df87e62ce5e5a79,,,mouse_move,,,,,,,685.0,511.0,1784669936645.0,,laura2
6a5fe6f40df87e62ce5e5a7a,,,mouse_move,,,,,,,692.0,513.0,1784669936653.0,,laura2
6a5fe6f40df87e62ce5e5a7b,,,mouse_move,,,,,,,699.0,515.0,1784669936662.0,,laura2
6a5fe6f40df87e62ce5e5a7c,,,mouse_move,,,,,,,705.0,516.0,1784669936670.0,,laura2
6a5fe6f40df87e62ce5e5a7d,,,mouse_move,,,,,,,710.0,517.0,1784669936678.0,,laura2
6a5fe6f40df87e62ce5e5a7e,,,mouse_move,,,,,,,714.0,517.0,1784669936686.0,,laura2
6a5fe6f40df87e62ce5e5a7f,,,mouse_move,,,,,,,716.0,517.0,1784669936694.0,,laura2
6a5fe6f40df87e62ce5e5a80,,,mouse_move,,,,,,,718.0,517.0,1784669936704.0,,laura2
6a5fe6f40df87e62ce5e5a81,,,mouse_move,,,,,,,719.0,517.0,1784669936714.0,,laura2
6a5fe6f40df87e62ce5e5a82,,,mouse_move,,,,,,,719.0,518.0,1784669936771.0,,laura2
6a5fe6f40df87e62ce5e5a83,,,mouse_move,,,,,,,720.0,520.0,1784669936778.0,,laura2
6a5fe6f40df87e62ce5e5a84,,,mouse_move,,,,,,,720.0,523.0,1784669936786.0,,laura2
6a5fe6f40df87e62ce5e5a85,,,mouse_move,,,,,,,721.0,526.0,1784669936794.0,,laura2
6a5fe6f40df87e62ce5e5a86,,,mouse_move,,,,,,,722.0,527.0,1784669936803.0,,laura2
6a5fe6f40df87e62ce5e5a87,,,mouse_move,,,,,,,722.0,528.0,1784669936813.0,,laura2
6a5fe6f40df87e62ce5e5a88,,,mouse_move,,,,,,,723.0,528.0,1784669936820.0,,laura2
6a5fe6f40df87e62ce5e5a89,,,mouse_move,,,,,,,724.0,528.0,1784669936835.0,,laura2
6a5fe6f40df87e62ce5e5a8a,,,mouse_move,,,,,,,724.0,527.0,1784669937276.0,,laura2
6a5fe6f40df87e62ce5e5a8b,,,mouse_move,,,,,,,723.0,527.0,1784669937282.0,,laura2
6a5fe6f40df87e62ce5e5a8c,,,mouse_move,,,,,,,723.0,526.0,1784669937293.0,,laura2
6a5fe6f40df87e62ce5e5a8d,,,mouse_move,,,,,,,722.0,526.0,1784669937300.0,,laura2
6a5fe6f40df87e62ce5e5a8e,,,mouse_move,,,,,,,721.0,525.0,1784669937310.0,,laura2
6a5fe6f40df87e62ce5e5a8f,,,mouse_move,,,,,,,721.0,524.0,1784669937335.0,,laura2
6a5fe6f40df87e62ce5e5a90,,,mouse_move,,,,,,,720.0,524.0,1784669937375.0,,laura2
6a5fe6f40df87e62ce5e5a91,,,mouse_move,,,,,,,720.0,523.0,1784669937392.0,,laura2
6a5fe6f40df87e62ce5e5a92,,,mouse_move,,,,,,,719.0,523.0,1784669937401.0,,laura2
6a5fe6f40df87e62ce5e5a93,,,mouse_move,,,,,,,718.0,523.0,1784669937447.0,,laura2
6a5fe6f40df87e62ce5e5a94,,,mouse_move,,,,,,,718.0,524.0,1784669937455.0,,laura2
6a5fe6f40df87e62ce5e5a95,,,mouse_move,,,,,,,717.0,526.0,1784669937464.0,,laura2
6a5fe6f40df87e62ce5e5a96,,,mouse_move,,,,,,,717.0,528.0,1784669937473.0,,laura2
6a5fe6f40df87e62ce5e5a97,,,mouse_move,,,,,,,717.0,529.0,1784669937507.0,,laura2
6a5fe6f40df87e62ce5e5a98,,,mouse_move,,,,,,,717.0,531.0,1784669937517.0,,laura2
6a5fe6f40df87e62ce5e5a99,,,mouse_move,,,,,,,716.0,533.0,1784669937535.0,,laura2
6a5fe6f40df87e62ce5e5a9a,,,mouse_move,,,,,,,716.0,534.0,1784669937551.0,,laura2
6a5fe6f40df87e62ce5e5a9b,,,mouse_move,,,,,,,715.0,534.0,1784669937560.0,,laura2
6a5fe6f40df87e62ce5e5a9c,,,mouse_move,,,,,,,715.0,533.0,1784669938227.0,,laura2
6a5fe6f40df87e62ce5e5a9d,,,mouse_move,,,,,,,715.0,532.0,1784669938234.0,,laura2
6a5fe6f40df87e62ce5e5a9e,,,mouse_move,,,,,,,715.0,531.0,1784669938242.0,,laura2
6a5fe6f40df87e62ce5e5a9f,,,mouse_move,,,,,,,716.0,530.0,1784669938250.0,,laura2
6a5fe6f40df87e62ce5e5aa0,,,mouse_move,,,,,,,716.0,529.0,1784669938258.0,,laura2
6a5fe6f40df87e62ce5e5aa1,,,mouse_move,,,,,,,718.0,527.0,1784669938266.0,,laura2
6a5fe6f40df87e62ce5e5aa2,,,mouse_move,,,,,,,718.0,526.0,1784669938274.0,,laura2
6a5fe6f40df87e62ce5e5aa3,,,mouse_move,,,,,,,719.0,525.0,1784669938282.0,,laura2
6a5fe6f40df87e62ce5e5aa4,,,mouse_move,,,,,,,720.0,524.0,1784669938290.0,,laura2
6a5fe6f40df87e62ce5e5aa5,,,mouse_move,,,,,,,721.0,524.0,1784669938298.0,,laura2
6a5fe6f40df87e62ce5e5aa6,,,mouse_move,,,,,,,722.0,523.0,1784669938306.0,,laura2
6a5fe6f40df87e62ce5e5aa7,,,mouse_move,,,,,,,723.0,523.0,1784669938314.0,,laura2
6a5fe6f40df87e62ce5e5aa8,,,mouse_move,,,,,,,724.0,522.0,1784669938322.0,,laura2
6a5fe6f40df87e62ce5e5aa9,,,mouse_move,,,,,,,725.0,522.0,1784669938331.0,,laura2
6a5fe6f40df87e62ce5e5aaa,,,mouse_move,,,,,,,726.0,521.0,1784669938340.0,,laura2
6a5fe6f40df87e62ce5e5aab,,,mouse_move,,,,,,,728.0,520.0,1784669938354.0,,laura2
6a5fe6f40df87e62ce5e5aac,,,mouse_move,,,,,,,729.0,519.0,1784669938362.0,,laura2
6a5fe6f40df87e62ce5e5aad,,,mouse_move,,,,,,,731.0,517.0,1784669938371.0,,laura2
6a5fe6f40df87e62ce5e5aae,,,mouse_move,,,,,,,733.0,516.0,1784669938378.0,,laura2
6a5fe6f40df87e62ce5e5aaf,,,mouse_move,,,,,,,734.0,514.0,1784669938387.0,,laura2
6a5fe6f40df87e62ce5e5ab0,,,mouse_move,,,,,,,735.0,514.0,1784669938396.0,,laura2
6a5fe6f40df87e62ce5e5ab1,,,mouse_move,,,,,,,735.0,513.0,1784669938403.0,,laura2
6a5fe6f40df87e62ce5e5ab2,,,mouse_move,,,,,,,736.0,511.0,1784669938411.0,,laura2
6a5fe6f40df87e62ce5e5ab3,,,mouse_move,,,,,,,737.0,510.0,1784669938419.0,,laura2
6a5fe6f40df87e62ce5e5ab4,,,mouse_move,,,,,,,738.0,508.0,1784669938426.0,,laura2
6a5fe6f40df87e62ce5e5ab5,,,mouse_move,,,,,,,740.0,507.0,1784669938434.0,,laura2
6a5fe6f40df87e62ce5e5ab6,,,mouse_move,,,,,,,741.0,506.0,1784669938442.0,,laura2
6a5fe6f40df87e62ce5e5ab7,,,mouse_move,,,,,,,743.0,506.0,1784669938451.0,,laura2
6a5fe6f40df87e62ce5e5ab8,,,mouse_move,,,,,,,745.0,506.0,1784669938458.0,,laura2
6a5fe6f40df87e62ce5e5ab9,,,mouse_move,,,,,,,747.0,506.0,1784669938466.0,,laura2
6a5fe6f40df87e62ce5e5aba,,,mouse_move,,,,,,,748.0,506.0,1784669938474.0,,laura2
6a5fe6f40df87e62ce5e5abb,,,mouse_move,,,,,,,750.0,506.0,1784669938499.0,,laura2
6a5fe6f40df87e62ce5e5abc,,,mouse_move,,,,,,,756.0,507.0,1784669938522.0,,laura2
6a5fe6f40df87e62ce5e5abd,,,mouse_move,,,,,,,763.0,509.0,1784669938531.0,,laura2
6a5fe6f40df87e62ce5e5abe,,,mouse_move,,,,,,,777.0,513.0,1784669938539.0,,laura2
6a5fe6f40df87e62ce5e5abf,,,mouse_move,,,,,,,788.0,515.0,1784669938548.0,,laura2
6a5fe6f40df87e62ce5e5ac0,,,mouse_move,,,,,,,803.0,518.0,1784669938555.0,,laura2
6a5fe6f40df87e62ce5e5ac1,,,mouse_move,,,,,,,822.0,524.0,1784669938564.0,,laura2
6a5fe6f40df87e62ce5e5ac2,,,mouse_move,,,,,,,832.0,526.0,1784669938573.0,,laura2
6a5fe6f40df87e62ce5e5ac3,,,mouse_move,,,,,,,843.0,528.0,1784669938581.0,,laura2
6a5fe6f40df87e62ce5e5ac4,,,mouse_move,,,,,,,854.0,531.0,1784669938590.0,,laura2
6a5fe6f40df87e62ce5e5ac5,,,mouse_move,,,,,,,859.0,533.0,1784669938597.0,,laura2
6a5fe6f40df87e62ce5e5ac6,,,mouse_move,,,,,,,864.0,535.0,1784669938605.0,,laura2
6a5fe6f40df87e62ce5e5ac7,,,mouse_move,,,,,,,869.0,538.0,1784669938614.0,,laura2
6a5fe6f40df87e62ce5e5ac8,,,mouse_move,,,,,,,873.0,540.0,1784669938623.0,,laura2
6a5fe6f40df87e62ce5e5ac9,,,mouse_move,,,,,,,875.0,541.0,1784669938630.0,,laura2
6a5fe6f40df87e62ce5e5aca,,,mouse_move,,,,,,,878.0,542.0,1784669938638.0,,laura2
6a5fe6f40df87e62ce5e5acb,,,mouse_move,,,,,,,880.0,543.0,1784669938647.0,,laura2
6a5fe6f40df87e62ce5e5acc,,,mouse_move,,,,,,,881.0,543.0,1784669938655.0,,laura2
6a5fe6f40df87e62ce5e5acd,,,mouse_move,,,,,,,882.0,544.0,1784669938664.0,,laura2
6a5fe6f40df87e62ce5e5ace,,,mouse_move,,,,,,,881.0,544.0,1784669938699.0,,laura2
6a5fe6f40df87e62ce5e5acf,,,mouse_move,,,,,,,880.0,544.0,1784669938706.0,,laura2
6a5fe6f40df87e62ce5e5ad0,,,mouse_move,,,,,,,878.0,545.0,1784669938715.0,,laura2
6a5fe6f40df87e62ce5e5ad1,,,mouse_move,,,,,,,874.0,545.0,1784669938740.0,,laura2
6a5fe6f40df87e62ce5e5ad2,,,mouse_move,,,,,,,870.0,545.0,1784669938747.0,,laura2
6a5fe6f40df87e62ce5e5ad3,,,mouse_move,,,,,,,868.0,546.0,1784669938755.0,,laura2
6a5fe6f40df87e62ce5e5ad4,,,mouse_move,,,,,,,867.0,546.0,1784669938764.0,,laura2
6a5fe6f40df87e62ce5e5ad5,,,mouse_move,,,,,,,865.0,547.0,1784669938772.0,,laura2
6a5fe6f40df87e62ce5e5ad6,,,mouse_move,,,,,,,862.0,548.0,1784669938781.0,,laura2
6a5fe6f40df87e62ce5e5ad7,,,mouse_move,,,,,,,859.0,548.0,1784669938790.0,,laura2
6a5fe6f40df87e62ce5e5ad8,,,mouse_move,,,,,,,855.0,549.0,1784669938797.0,,laura2
6a5fe6f40df87e62ce5e5ad9,,,mouse_move,,,,,,,849.0,549.0,1784669938806.0,,laura2
6a5fe6f40df87e62ce5e5ada,,,mouse_move,,,,,,,842.0,549.0,1784669938815.0,,laura2
6a5fe6f40df87e62ce5e5adb,,,mouse_move,,,,,,,836.0,549.0,1784669938823.0,,laura2
6a5fe6f40df87e62ce5e5adc,,,mouse_move,,,,,,,829.0,549.0,1784669938832.0,,laura2
6a5fe6f40df87e62ce5e5add,,,mouse_move,,,,,,,825.0,549.0,1784669938840.0,,laura2
6a5fe6f40df87e62ce5e5ade,,,mouse_move,,,,,,,821.0,549.0,1784669938851.0,,laura2
6a5fe6f40df87e62ce5e5adf,,,mouse_move,,,,,,,818.0,549.0,1784669938854.0,,laura2
6a5fe6f40df87e62ce5e5ae0,,,mouse_move,,,,,,,816.0,549.0,1784669938867.0,,laura2
6a5fe6f40df87e62ce5e5ae1,,,mouse_move,,,,,,,814.0,549.0,1784669938874.0,,laura2
6a5fe6f40df87e62ce5e5ae2,,,mouse_move,,,,,,,810.0,549.0,1784669938886.0,,laura2
6a5fe6f40df87e62ce5e5ae3,,,mouse_move,,,,,,,808.0,549.0,1784669938893.0,,laura2
6a5fe6f40df87e62ce5e5ae4,,,mouse_move,,,,,,,806.0,549.0,1784669938900.0,,laura2
6a5fe6f40df87e62ce5e5ae5,,,mouse_move,,,,,,,809.0,547.0,1784669939108.0,,laura2
6a5fe6f40df87e62ce5e5ae6,,,mouse_move,,,,,,,810.0,547.0,1784669939116.0,,laura2
6a5fe6f40df87e62ce5e5ae7,,,mouse_move,,,,,,,811.0,546.0,1784669939124.0,,laura2
6a5fe6f40df87e62ce5e5ae8,,,mouse_move,,,,,,,811.0,544.0,1784669939133.0,,laura2
6a5fe6f40df87e62ce5e5ae9,,,mouse_move,,,,,,,811.0,540.0,1784669939150.0,,laura2
6a5fe6f40df87e62ce5e5aea,,,mouse_move,,,,,,,811.0,538.0,1784669939157.0,,laura2
6a5fe6f40df87e62ce5e5aeb,,,mouse_move,,,,,,,810.0,537.0,1784669939163.0,,laura2
6a5fe6f40df87e62ce5e5aec,,,mouse_move,,,,,,,809.0,536.0,1784669939187.0,,laura2
6a5fe6f40df87e62ce5e5aed,,,mouse_move,,,,,,,809.0,539.0,1784669939201.0,,laura2
6a5fe6f40df87e62ce5e5aee,,,mouse_move,,,,,,,813.0,547.0,1784669939214.0,,laura2
6a5fe6f40df87e62ce5e5aef,,,mouse_move,,,,,,,813.0,549.0,1784669939227.0,,laura2
6a5fe6f40df87e62ce5e5af0,,,mouse_move,,,,,,,812.0,540.0,1784669939305.0,,laura2
6a5fe6f40df87e62ce5e5af1,,,mouse_move,,,,,,,811.0,523.0,1784669939317.0,,laura2
6a5fe6f40df87e62ce5e5af2,,,mouse_move,,,,,,,809.0,512.0,1784669939330.0,,laura2
6a5fe6f40df87e62ce5e5af3,,,mouse_move,,,,,,,808.0,505.0,1784669939331.0,,laura2
6a5fe6f40df87e62ce5e5af4,,,mouse_move,,,,,,,805.0,497.0,1784669939347.0,,laura2
6a5fe6f40df87e62ce5e5af5,,,mouse_move,,,,,,,805.0,496.0,1784669939360.0,,laura2
6a5fe6f40df87e62ce5e5af6,,,mouse_move,,,,,,,804.0,496.0,1784669939377.0,,laura2
6a5fe6f40df87e62ce5e5af7,,,mouse_move,,,,,,,803.0,496.0,1784669939384.0,,laura2
6a5fe6f40df87e62ce5e5af8,,,mouse_move,,,,,,,803.0,495.0,1784669939393.0,,laura2
6a5fe6f40df87e62ce5e5af9,,,mouse_move,,,,,,,802.0,502.0,1784669939477.0,,laura2
6a5fe6f40df87e62ce5e5afa,,,mouse_move,,,,,,,801.0,506.0,1784669939485.0,,laura2
6a5fe6f40df87e62ce5e5afb,,,mouse_move,,,,,,,800.0,510.0,1784669939492.0,,laura2
6a5fe6f40df87e62ce5e5afc,,,mouse_move,,,,,,,798.0,520.0,1784669939521.0,,laura2
6a5fe6f40df87e62ce5e5afd,,,mouse_move,,,,,,,797.0,525.0,1784669939537.0,,laura2
6a5fe6f40df87e62ce5e5afe,,,mouse_move,,,,,,,797.0,527.0,1784669939707.0,,laura2
6a5fe6f40df87e62ce5e5aff,,,mouse_move,,,,,,,797.0,528.0,1784669939728.0,,laura2
6a5fe6f40df87e62ce5e5b00,,,mouse_move,,,,,,,799.0,525.0,1784669939802.0,,laura2
6a5fe6f40df87e62ce5e5b01,,,mouse_move,,,,,,,802.0,519.0,1784669939811.0,,laura2
6a5fe6f40df87e62ce5e5b02,,,mouse_move,,,,,,,803.0,511.0,1784669939819.0,,laura2
6a5fe6f40df87e62ce5e5b03,,,mouse_move,,,,,,,804.0,501.0,1784669939828.0,,laura2
6a5fe6f40df87e62ce5e5b04,,,mouse_move,,,,,,,805.0,493.0,1784669939836.0,,laura2
6a5fe6f40df87e62ce5e5b05,,,mouse_move,,,,,,,805.0,481.0,1784669939844.0,,laura2
6a5fe6f40df87e62ce5e5b06,,,mouse_move,,,,,,,805.0,467.0,1784669939853.0,,laura2
6a5fe6f40df87e62ce5e5b07,,,mouse_move,,,,,,,800.0,455.0,1784669939862.0,,laura2
6a5fe6f40df87e62ce5e5b08,,,mouse_move,,,,,,,797.0,446.0,1784669939870.0,,laura2
6a5fe6f40df87e62ce5e5b09,,,mouse_move,,,,,,,792.0,438.0,1784669939877.0,,laura2
6a5fe6f40df87e62ce5e5b0a,,,mouse_move,,,,,,,788.0,432.0,1784669939886.0,,laura2
6a5fe6f40df87e62ce5e5b0b,,,mouse_move,,,,,,,786.0,430.0,1784669939894.0,,laura2
6a5fe6f40df87e62ce5e5b0c,,,mouse_move,,,,,,,785.0,428.0,1784669939904.0,,laura2
6a5fe6f40df87e62ce5e5b0d,,,mouse_move,,,,,,,784.0,427.0,1784669939911.0,,laura2
6a5fe6f40df87e62ce5e5b0e,,,mouse_move,,,,,,,783.0,426.0,1784669939928.0,,laura2
6a5fe6f40df87e62ce5e5b0f,,,mouse_move,,,,,,,783.0,425.0,1784669940037.0,,laura2
6a5fe6fe0df87e62ce5e5b1a,,,mouse_move,,,,,,,783.0,426.0,1784669940251.0,,laura2
6a5fe6fe0df87e62ce5e5b1b,,,mouse_move,,,,,,,783.0,427.0,1784669940272.0,,laura2
6a5fe6fe0df87e62ce5e5b1c,,,mouse_move,,,,,,,782.0,427.0,1784669940281.0,,laura2
6a5fe6fe0df87e62ce5e5b1d,,,mouse_move,,,,,,,782.0,428.0,1784669940300.0,,laura2
6a5fe6fe0df87e62ce5e5b1e,,,mouse_move,,,,,,,782.0,429.0,1784669940331.0,,laura2
6a5fe6fe0df87e62ce5e5b1f,,,mouse_move,,,,,,,781.0,429.0,1784669940571.0,,laura2
6a5fe6fe0df87e62ce5e5b20,,,mouse_move,,,,,,,780.0,429.0,1784669940621.0,,laura2
6a5fe6fe0df87e62ce5e5b21,,,mouse_move,,,,,,,779.0,430.0,1784669940637.0,,laura2
6a5fe6fe0df87e62ce5e5b22,,,mouse_move,,,,,,,779.0,431.0,1784669940654.0,,laura2
6a5fe6fe0df87e62ce5e5b23,,,mouse_move,,,,,,,778.0,431.0,1784669940662.0,,laura2
6a5fe6fe0df87e62ce5e5b24,,,mouse_move,,,,,,,777.0,431.0,1784669940680.0,,laura2
6a5fe6fe0df87e62ce5e5b25,,,mouse_move,,,,,,,776.0,432.0,1784669940696.0,,laura2
6a5fe6fe0df87e62ce5e5b26,,,mouse_move,,,,,,,775.0,433.0,1784669940704.0,,laura2
6a5fe6fe0df87e62ce5e5b27,,,mouse_move,,,,,,,774.0,433.0,1784669940712.0,,laura2
6a5fe6fe0df87e62ce5e5b28,,,mouse_move,,,,,,,772.0,435.0,1784669940746.0,,laura2
6a5fe6fe0df87e62ce5e5b29,,,mouse_move,,,,,,,772.0,436.0,1784669940754.0,,laura2
6a5fe6fe0df87e62ce5e5b2a,,,mouse_move,,,,,,,772.0,437.0,1784669940762.0,,laura2
6a5fe6fe0df87e62ce5e5b2b,,,mouse_move,,,,,,,772.0,439.0,1784669940779.0,,laura2
6a5fe6fe0df87e62ce5e5b2c,,,mouse_move,,,,,,,772.0,440.0,1784669940796.0,,laura2
6a5fe6fe0df87e62ce5e5b2d,,,mouse_move,,,,,,,772.0,441.0,1784669940971.0,,laura2
6a5fe6fe0df87e62ce5e5b2e,,,mouse_move,,,,,,,773.0,446.0,1784669940996.0,,laura2
6a5fe6fe0df87e62ce5e5b2f,,,mouse_move,,,,,,,773.0,448.0,1784669941004.0,,laura2
6a5fe6fe0df87e62ce5e5b30,,,mouse_move,,,,,,,773.0,449.0,1784669941012.0,,laura2
6a5fe6fe0df87e62ce5e5b31,,,mouse_move,,,,,,,773.0,450.0,1784669941022.0,,laura2
6a5fe6fe0df87e62ce5e5b32,,,mouse_move,,,,,,,773.0,452.0,1784669941029.0,,laura2
6a5fe6fe0df87e62ce5e5b33,,,mouse_move,,,,,,,773.0,453.0,1784669941037.0,,laura2
6a5fe6fe0df87e62ce5e5b34,,,mouse_move,,,,,,,774.0,455.0,1784669941047.0,,laura2
6a5fe6fe0df87e62ce5e5b35,,,mouse_move,,,,,,,774.0,456.0,1784669941054.0,,laura2
6a5fe6fe0df87e62ce5e5b36,,,mouse_move,,,,,,,775.0,458.0,1784669941062.0,,laura2
6a5fe6fe0df87e62ce5e5b37,,,mouse_move,,,,,,,775.0,459.0,1784669941070.0,,laura2
6a5fe6fe0df87e62ce5e5b38,,,mouse_move,,,,,,,777.0,461.0,1784669941078.0,,laura2
6a5fe6fe0df87e62ce5e5b39,,,mouse_move,,,,,,,777.0,464.0,1784669941087.0,,laura2
6a5fe6fe0df87e62ce5e5b3a,,,mouse_move,,,,,,,778.0,466.0,1784669941096.0,,laura2
6a5fe6fe0df87e62ce5e5b3b,,,mouse_move,,,,,,,778.0,467.0,1784669941113.0,,laura2
6a5fe6fe0df87e62ce5e5b3c,,,mouse_click,,,,,,,778.0,467.0,1784669941267.0,,laura2
6a5fe6fe0df87e62ce5e5b3d,,,mouse_move,,,,,,,779.0,467.0,1784669941298.0,,laura2
6a5fe6fe0df87e62ce5e5b3e,,,mouse_move,,,,,,,779.0,468.0,1784669941315.0,,laura2
6a5fe6fe0df87e62ce5e5b3f,,,mouse_move,,,,,,,779.0,472.0,1784669941323.0,,laura2
6a5fe6fe0df87e62ce5e5b40,,,mouse_move,,,,,,,777.0,483.0,1784669941340.0,,laura2
6a5fe6fe0df87e62ce5e5b41,,,mouse_move,,,,,,,775.0,487.0,1784669941348.0,,laura2
6a5fe6fe0df87e62ce5e5b42,,,mouse_move,,,,,,,773.0,491.0,1784669941357.0,,laura2
6a5fe6fe0df87e62ce5e5b43,,,mouse_move,,,,,,,771.0,496.0,1784669941366.0,,laura2
6a5fe6fe0df87e62ce5e5b44,,,mouse_move,,,,,,,771.0,499.0,1784669941374.0,,laura2
6a5fe6fe0df87e62ce5e5b45,,,mouse_move,,,,,,,771.0,502.0,1784669941382.0,,laura2
6a5fe6fe0df87e62ce5e5b46,,,mouse_move,,,,,,,771.0,506.0,1784669941390.0,,laura2
6a5fe6fe0df87e62ce5e5b47,,,mouse_move,,,,,,,771.0,508.0,1784669941399.0,,laura2
6a5fe6fe0df87e62ce5e5b48,,,mouse_move,,,,,,,770.0,510.0,1784669941406.0,,laura2
6a5fe6fe0df87e62ce5e5b49,,,mouse_move,,,,,,,770.0,511.0,1784669941416.0,,laura2
6a5fe6fe0df87e62ce5e5b4a,,,mouse_move,,,,,,,769.0,514.0,1784669941424.0,,laura2
6a5fe6fe0df87e62ce5e5b4b,,,mouse_move,,,,,,,768.0,517.0,1784669941432.0,,laura2
6a5fe6fe0df87e62ce5e5b4c,,,mouse_move,,,,,,,768.0,518.0,1784669941451.0,,laura2
6a5fe6fe0df87e62ce5e5b4d,,,mouse_move,,,,,,,768.0,520.0,1784669941465.0,,laura2
6a5fe6fe0df87e62ce5e5b4e,,,mouse_move,,,,,,,768.0,521.0,1784669941473.0,,laura2
6a5fe6fe0df87e62ce5e5b4f,,,mouse_move,,,,,,,768.0,522.0,1784669941477.0,,laura2
6a5fe6fe0df87e62ce5e5b50,,,mouse_click,,,,,,,768.0,522.0,1784669941562.0,,laura2
6a5fe6fe0df87e62ce5e5b51,,,mouse_move,,,,,,,767.0,522.0,1784669941571.0,,laura2
6a5fe6fe0df87e62ce5e5b52,,,mouse_move,,,,,,,767.0,521.0,1784669941579.0,,laura2
6a5fe6fe0df87e62ce5e5b53,,,mouse_move,,,,,,,766.0,521.0,1784669941594.0,,laura2
6a5fe6fe0df87e62ce5e5b54,,,mouse_move,,,,,,,765.0,521.0,1784669941603.0,,laura2
6a5fe6fe0df87e62ce5e5b55,,,mouse_move,,,,,,,764.0,517.0,1784669941691.0,,laura2
6a5fe6fe0df87e62ce5e5b56,,,mouse_move,,,,,,,763.0,510.0,1784669941699.0,,laura2
6a5fe6fe0df87e62ce5e5b57,,,mouse_move,,,,,,,762.0,501.0,1784669941710.0,,laura2
6a5fe6fe0df87e62ce5e5b58,,,mouse_move,,,,,,,762.0,494.0,1784669941715.0,,laura2
6a5fe6fe0df87e62ce5e5b59,,,mouse_move,,,,,,,762.0,489.0,1784669941723.0,,laura2
6a5fe6fe0df87e62ce5e5b5a,,,mouse_move,,,,,,,762.0,485.0,1784669941731.0,,laura2
6a5fe6fe0df87e62ce5e5b5b,,,mouse_move,,,,,,,762.0,483.0,1784669941739.0,,laura2
6a5fe6fe0df87e62ce5e5b5c,,,mouse_move,,,,,,,762.0,482.0,1784669941746.0,,laura2
6a5fe6fe0df87e62ce5e5b5d,,,mouse_click,,,,,,,762.0,482.0,1784669941947.0,,laura2
6a5fe6fe0df87e62ce5e5b5e,,,mouse_move,,,,,,,762.0,483.0,1784669941972.0,,laura2
6a5fe6fe0df87e62ce5e5b5f,,,mouse_move,,,,,,,762.0,485.0,1784669941980.0,,laura2
6a5fe6fe0df87e62ce5e5b60,,,mouse_move,,,,,,,761.0,485.0,1784669942012.0,,laura2
6a5fe6fe0df87e62ce5e5b61,,,mouse_move,,,,,,,762.0,484.0,1784669942165.0,,laura2
6a5fe6fe0df87e62ce5e5b62,,,mouse_move,,,,,,,762.0,483.0,1784669942188.0,,laura2
6a5fe6fe0df87e62ce5e5b63,,,mouse_move,,,,,,,762.0,482.0,1784669942228.0,,laura2
6a5fe6fe0df87e62ce5e5b64,,,mouse_move,,,,,,,762.0,483.0,1784669943251.0,,laura2
6a5fe6fe0df87e62ce5e5b65,,,mouse_move,,,,,,,762.0,484.0,1784669943266.0,,laura2
6a5fe6fe0df87e62ce5e5b66,,,mouse_move,,,,,,,764.0,484.0,1784669944807.0,,laura2
6a5fe6fe0df87e62ce5e5b67,,,mouse_move,,,,,,,765.0,486.0,1784669944814.0,,laura2
6a5fe6fe0df87e62ce5e5b68,,,mouse_move,,,,,,,769.0,491.0,1784669944823.0,,laura2
6a5fe6fe0df87e62ce5e5b69,,,mouse_move,,,,,,,770.0,494.0,1784669944831.0,,laura2
6a5fe6fe0df87e62ce5e5b6a,,,mouse_move,,,,,,,774.0,498.0,1784669944840.0,,laura2
6a5fe6fe0df87e62ce5e5b6b,,,mouse_move,,,,,,,775.0,501.0,1784669944848.0,,laura2
6a5fe6fe0df87e62ce5e5b6c,,,mouse_move,,,,,,,777.0,503.0,1784669944856.0,,laura2
6a5fe6fe0df87e62ce5e5b6d,,,mouse_move,,,,,,,778.0,505.0,1784669944865.0,,laura2
6a5fe6fe0df87e62ce5e5b6e,,,mouse_move,,,,,,,779.0,507.0,1784669944874.0,,laura2
6a5fe6fe0df87e62ce5e5b6f,,,mouse_move,,,,,,,780.0,508.0,1784669944881.0,,laura2
6a5fe6fe0df87e62ce5e5b70,,,mouse_move,,,,,,,780.0,509.0,1784669944890.0,,laura2
6a5fe6fe0df87e62ce5e5b71,,,mouse_move,,,,,,,781.0,510.0,1784669944899.0,,laura2
6a5fe6fe0df87e62ce5e5b72,,,mouse_move,,,,,,,782.0,510.0,1784669944907.0,,laura2
6a5fe6fe0df87e62ce5e5b73,,,mouse_move,,,,,,,782.0,511.0,1784669945359.0,,laura2
6a5fe6fe0df87e62ce5e5b74,,,mouse_move,,,,,,,782.0,512.0,1784669945371.0,,laura2
6a5fe6fe0df87e62ce5e5b75,,,mouse_move,,,,,,,782.0,516.0,1784669945380.0,,laura2
6a5fe6fe0df87e62ce5e5b76,,,mouse_move,,,,,,,782.0,520.0,1784669945387.0,,laura2
6a5fe6fe0df87e62ce5e5b77,,,mouse_move,,,,,,,785.0,534.0,1784669945395.0,,laura2
6a5fe6fe0df87e62ce5e5b78,,,mouse_move,,,,,,,788.0,543.0,1784669945403.0,,laura2
6a5fe6fe0df87e62ce5e5b79,,,mouse_move,,,,,,,791.0,558.0,1784669945412.0,,laura2
6a5fe6fe0df87e62ce5e5b7a,,,mouse_move,,,,,,,795.0,577.0,1784669945420.0,,laura2
6a5fe6fe0df87e62ce5e5b7b,,,mouse_move,,,,,,,796.0,594.0,1784669945428.0,,laura2
6a5fe6fe0df87e62ce5e5b7c,,,mouse_move,,,,,,,796.0,613.0,1784669945437.0,,laura2
6a5fe6fe0df87e62ce5e5b7d,,,mouse_move,,,,,,,796.0,625.0,1784669945446.0,,laura2
6a5fe6fe0df87e62ce5e5b7e,,,mouse_move,,,,,,,796.0,637.0,1784669945454.0,,laura2
6a5fe6fe0df87e62ce5e5b7f,,,mouse_move,,,,,,,791.0,653.0,1784669945464.0,,laura2
6a5fe6fe0df87e62ce5e5b80,,,mouse_move,,,,,,,788.0,665.0,1784669945472.0,,laura2
6a5fe6fe0df87e62ce5e5b81,,,mouse_move,,,,,,,784.0,677.0,1784669945480.0,,laura2
6a5fe6fe0df87e62ce5e5b82,,,mouse_move,,,,,,,781.0,695.0,1784669945486.0,,laura2
6a5fe6fe0df87e62ce5e5b83,,,mouse_move,,,,,,,778.0,708.0,1784669945493.0,,laura2
6a5fe6fe0df87e62ce5e5b84,,,mouse_move,,,,,,,777.0,720.0,1784669945501.0,,laura2
6a5fe6fe0df87e62ce5e5b85,,,mouse_move,,,,,,,777.0,740.0,1784669945511.0,,laura2
6a5fe6fe0df87e62ce5e5b86,,,mouse_move,,,,,,,776.0,754.0,1784669945519.0,,laura2
6a5fe6fe0df87e62ce5e5b87,,,mouse_move,,,,,,,776.0,767.0,1784669945526.0,,laura2
6a5fe6fe0df87e62ce5e5b88,,,mouse_move,,,,,,,791.0,767.0,1784669945812.0,,laura2
6a5fe6fe0df87e62ce5e5b89,,,mouse_move,,,,,,,805.0,706.0,1784669945821.0,,laura2
6a5fe6fe0df87e62ce5e5b8a,,,mouse_move,,,,,,,825.0,633.0,1784669945828.0,,laura2
6a5fe6fe0df87e62ce5e5b8b,,,mouse_move,,,,,,,851.0,555.0,1784669945836.0,,laura2
6a5fe6fe0df87e62ce5e5b8c,,,mouse_move,,,,,,,880.0,471.0,1784669945844.0,,laura2
6a5fe6fe0df87e62ce5e5b8d,,,mouse_move,,,,,,,899.0,398.0,1784669945852.0,,laura2
6a5fe6fe0df87e62ce5e5b8e,,,mouse_move,,,,,,,918.0,320.0,1784669945860.0,,laura2
6a5fe6fe0df87e62ce5e5b8f,,,mouse_move,,,,,,,931.0,256.0,1784669945870.0,,laura2
6a5fe6fe0df87e62ce5e5b90,,,mouse_move,,,,,,,942.0,216.0,1784669945879.0,,laura2
6a5fe6fe0df87e62ce5e5b91,,,mouse_move,,,,,,,948.0,189.0,1784669945885.0,,laura2
6a5fe6fe0df87e62ce5e5b92,,,mouse_move,,,,,,,950.0,178.0,1784669945894.0,,laura2
6a5fe6fe0df87e62ce5e5b93,,,mouse_move,,,,,,,951.0,175.0,1784669945902.0,,laura2
6a5fe6fe0df87e62ce5e5b94,,,mouse_move,,,,,,,951.0,172.0,1784669945911.0,,laura2
6a5fe6fe0df87e62ce5e5b95,,,mouse_move,,,,,,,951.0,170.0,1784669945919.0,,laura2
6a5fe6fe0df87e62ce5e5b96,,,mouse_move,,,,,,,951.0,168.0,1784669945926.0,,laura2
6a5fe6fe0df87e62ce5e5b97,,,mouse_move,,,,,,,950.0,167.0,1784669945939.0,,laura2
6a5fe6fe0df87e62ce5e5b98,,,mouse_move,,,,,,,948.0,168.0,1784669945960.0,,laura2
6a5fe6fe0df87e62ce5e5b99,,,mouse_move,,,,,,,946.0,168.0,1784669945970.0,,laura2
6a5fe6fe0df87e62ce5e5b9a,,,mouse_move,,,,,,,941.0,173.0,1784669945976.0,,laura2
6a5fe6fe0df87e62ce5e5b9b,,,mouse_move,,,,,,,937.0,176.0,1784669945985.0,,laura2
6a5fe6fe0df87e62ce5e5b9c,,,mouse_move,,,,,,,936.0,179.0,1784669945993.0,,laura2
6a5fe6fe0df87e62ce5e5b9d,,,mouse_move,,,,,,,934.0,182.0,1784669946002.0,,laura2
6a5fe6fe0df87e62ce5e5b9e,,,mouse_move,,,,,,,932.0,185.0,1784669946011.0,,laura2
6a5fe6fe0df87e62ce5e5b9f,,,mouse_move,,,,,,,931.0,192.0,1784669946018.0,,laura2
6a5fe6fe0df87e62ce5e5ba0,,,mouse_move,,,,,,,931.0,197.0,1784669946027.0,,laura2
6a5fe6fe0df87e62ce5e5ba1,,,mouse_move,,,,,,,931.0,206.0,1784669946035.0,,laura2
6a5fe6fe0df87e62ce5e5ba2,,,mouse_move,,,,,,,932.0,209.0,1784669946043.0,,laura2
6a5fe6fe0df87e62ce5e5ba3,,,mouse_move,,,,,,,934.0,213.0,1784669946052.0,,laura2
6a5fe6fe0df87e62ce5e5ba4,,,mouse_move,,,,,,,937.0,216.0,1784669946060.0,,laura2
6a5fe6fe0df87e62ce5e5ba5,,,mouse_move,,,,,,,938.0,218.0,1784669946068.0,,laura2
6a5fe6fe0df87e62ce5e5ba6,,,mouse_move,,,,,,,940.0,220.0,1784669946077.0,,laura2
6a5fe6fe0df87e62ce5e5ba7,,,mouse_move,,,,,,,943.0,221.0,1784669946085.0,,laura2
6a5fe6fe0df87e62ce5e5ba8,,,mouse_move,,,,,,,943.0,222.0,1784669946093.0,,laura2
6a5fe6fe0df87e62ce5e5ba9,,,mouse_move,,,,,,,943.0,223.0,1784669946102.0,,laura2
6a5fe6fe0df87e62ce5e5baa,,,mouse_move,,,,,,,943.0,224.0,1784669946111.0,,laura2
6a5fe6fe0df87e62ce5e5bab,,,mouse_move,,,,,,,943.0,229.0,1784669946131.0,,laura2
6a5fe6fe0df87e62ce5e5bac,,,mouse_move,,,,,,,943.0,231.0,1784669946148.0,,laura2
6a5fe6fe0df87e62ce5e5bad,,,mouse_move,,,,,,,943.0,232.0,1784669946165.0,,laura2
6a5fe6fe0df87e62ce5e5bae,,,mouse_move,,,,,,,943.0,233.0,1784669946196.0,,laura2
6a5fe6fe0df87e62ce5e5baf,,,mouse_move,,,,,,,942.0,232.0,1784669946321.0,,laura2
6a5fe6fe0df87e62ce5e5bb0,,,mouse_move,,,,,,,943.0,232.0,1784669946409.0,,laura2
6a5fe6fe0df87e62ce5e5bb1,,,mouse_move,,,,,,,944.0,232.0,1784669946426.0,,laura2
6a5fe6fe0df87e62ce5e5bb2,,,mouse_move,,,,,,,946.0,232.0,1784669946435.0,,laura2
6a5fe6fe0df87e62ce5e5bb3,,,mouse_move,,,,,,,947.0,232.0,1784669946452.0,,laura2
6a5fe6fe0df87e62ce5e5bb4,,,mouse_move,,,,,,,948.0,232.0,1784669946460.0,,laura2
6a5fe6fe0df87e62ce5e5bb5,,,mouse_move,,,,,,,949.0,232.0,1784669946468.0,,laura2
6a5fe6fe0df87e62ce5e5bb6,,,mouse_move,,,,,,,950.0,232.0,1784669946476.0,,laura2
6a5fe6fe0df87e62ce5e5bb7,,,mouse_move,,,,,,,952.0,232.0,1784669946485.0,,laura2
6a5fe6fe0df87e62ce5e5bb8,,,mouse_move,,,,,,,953.0,232.0,1784669946493.0,,laura2
6a5fe6fe0df87e62ce5e5bb9,,,mouse_move,,,,,,,955.0,232.0,1784669946501.0,,laura2
6a5fe6fe0df87e62ce5e5bba,,,mouse_move,,,,,,,957.0,232.0,1784669946510.0,,laura2
6a5fe6fe0df87e62ce5e5bbb,,,mouse_move,,,,,,,959.0,232.0,1784669946519.0,,laura2
6a5fe6fe0df87e62ce5e5bbc,,,mouse_move,,,,,,,962.0,231.0,1784669946527.0,,laura2
6a5fe6fe0df87e62ce5e5bbd,,,mouse_move,,,,,,,964.0,230.0,1784669946535.0,,laura2
6a5fe6fe0df87e62ce5e5bbe,,,mouse_move,,,,,,,965.0,230.0,1784669946543.0,,laura2
6a5fe6fe0df87e62ce5e5bbf,,,mouse_move,,,,,,,967.0,228.0,1784669946551.0,,laura2
6a5fe6fe0df87e62ce5e5bc0,,,mouse_move,,,,,,,968.0,228.0,1784669946560.0,,laura2
6a5fe6fe0df87e62ce5e5bc1,,,mouse_move,,,,,,,970.0,226.0,1784669946568.0,,laura2
6a5fe6fe0df87e62ce5e5bc2,,,mouse_move,,,,,,,976.0,221.0,1784669946576.0,,laura2
6a5fe6fe0df87e62ce5e5bc3,,,mouse_move,,,,,,,984.0,214.0,1784669946585.0,,laura2
6a5fe6fe0df87e62ce5e5bc4,,,mouse_move,,,,,,,993.0,204.0,1784669946588.0,,laura2
6a5fe6fe0df87e62ce5e5bc5,,,mouse_move,,,,,,,1005.0,192.0,1784669946602.0,,laura2
6a5fe6fe0df87e62ce5e5bc6,,,mouse_move,,,,,,,1022.0,172.0,1784669946610.0,,laura2
6a5fe6fe0df87e62ce5e5bc7,,,mouse_move,,,,,,,1043.0,142.0,1784669946618.0,,laura2
6a5fe6fe0df87e62ce5e5bc8,,,mouse_move,,,,,,,1073.0,96.0,1784669946621.0,,laura2
6a5fe6fe0df87e62ce5e5bc9,,,mouse_move,,,,,,,1124.0,5.0,1784669946643.0,,laura2
6a5ff2307501bc9f6ccc78ef,,,mouse_move,,,,,,,485.0,610.0,1784672806921.0,,laura
6a5ff2307501bc9f6ccc78f0,,,mouse_move,,,,,,,487.0,605.0,1784672806926.0,,laura
6a5ff2307501bc9f6ccc78f1,,,mouse_move,,,,,,,494.0,595.0,1784672806935.0,,laura
6a5ff2307501bc9f6ccc78f2,,,mouse_move,,,,,,,504.0,584.0,1784672806944.0,,laura
6a5ff2307501bc9f6ccc78f3,,,mouse_move,,,,,,,512.0,575.0,1784672806952.0,,laura
6a5ff2307501bc9f6ccc78f4,,,mouse_move,,,,,,,514.0,570.0,1784672806960.0,,laura
6a5ff2307501bc9f6ccc78f5,,,mouse_move,,,,,,,515.0,568.0,1784672806969.0,,laura
6a5ff2307501bc9f6ccc78f6,,,mouse_move,,,,,,,518.0,564.0,1784672806976.0,,laura
6a5ff2307501bc9f6ccc78f7,,,mouse_move,,,,,,,520.0,558.0,1784672806985.0,,laura
6a5ff2307501bc9f6ccc78f8,,,mouse_move,,,,,,,543.0,515.0,1784672807114.0,,laura
6a5ff2307501bc9f6ccc78f9,,,mouse_move,,,,,,,544.0,513.0,1784672807119.0,,laura
6a5ff2307501bc9f6ccc78fa,,,mouse_move,,,,,,,545.0,510.0,1784672807127.0,,laura
6a5ff2307501bc9f6ccc78fb,,,mouse_move,,,,,,,547.0,507.0,1784672807135.0,,laura
6a5ff2307501bc9f6ccc78fc,,,mouse_move,,,,,,,547.0,505.0,1784672807143.0,,laura
6a5ff2307501bc9f6ccc78fd,,,mouse_move,,,,,,,547.0,503.0,1784672807152.0,,laura
6a5ff2307501bc9f6ccc78fe,,,mouse_move,,,,,,,547.0,502.0,1784672807185.0,,laura
6a5ff2307501bc9f6ccc78ff,,,mouse_move,,,,,,,547.0,501.0,1784672807210.0,,laura
6a5ff2307501bc9f6ccc7900,,,mouse_move,,,,,,,547.0,499.0,1784672807218.0,,laura
6a5ff2307501bc9f6ccc7901,,,mouse_move,,,,,,,549.0,496.0,1784672807227.0,,laura
6a5ff2307501bc9f6ccc7902,,,mouse_move,,,,,,,550.0,493.0,1784672807235.0,,laura
6a5ff2307501bc9f6ccc7903,,,mouse_move,,,,,,,551.0,490.0,1784672807243.0,,laura
6a5ff2307501bc9f6ccc7904,,,mouse_move,,,,,,,552.0,487.0,1784672807253.0,,laura
6a5ff2307501bc9f6ccc7905,,,mouse_move,,,,,,,553.0,484.0,1784672807260.0,,laura
6a5ff2307501bc9f6ccc7906,,,mouse_move,,,,,,,553.0,481.0,1784672807268.0,,laura
6a5ff2307501bc9f6ccc7907,,,mouse_move,,,,,,,553.0,477.0,1784672807277.0,,laura
6a5ff2307501bc9f6ccc7908,,,mouse_move,,,,,,,553.0,471.0,1784672807285.0,,laura
6a5ff2307501bc9f6ccc7909,,,mouse_move,,,,,,,553.0,468.0,1784672807293.0,,laura
6a5ff2307501bc9f6ccc790a,,,mouse_move,,,,,,,553.0,465.0,1784672807302.0,,laura
6a5ff2307501bc9f6ccc790b,,,mouse_move,,,,,,,553.0,461.0,1784672807310.0,,laura
6a5ff2307501bc9f6ccc790c,,,mouse_move,,,,,,,553.0,459.0,1784672807318.0,,laura
6a5ff2307501bc9f6ccc790d,,,mouse_move,,,,,,,553.0,457.0,1784672807327.0,,laura
6a5ff2307501bc9f6ccc790e,,,mouse_move,,,,,,,553.0,456.0,1784672807337.0,,laura
6a5ff2307501bc9f6ccc790f,,,mouse_move,,,,,,,553.0,457.0,1784672807377.0,,laura
6a5ff2307501bc9f6ccc7910,,,mouse_move,,,,,,,553.0,458.0,1784672807402.0,,laura
6a5ff2307501bc9f6ccc7911,,,mouse_move,,,,,,,554.0,458.0,1784672807547.0,,laura
6a5ff2307501bc9f6ccc7912,,,mouse_move,,,,,,,555.0,458.0,1784672807555.0,,laura
6a5ff2307501bc9f6ccc7913,,,mouse_move,,,,,,,558.0,457.0,1784672807559.0,,laura
6a5ff2307501bc9f6ccc7914,,,mouse_move,,,,,,,558.0,456.0,1784672807575.0,,laura
6a5ff2307501bc9f6ccc7915,,,mouse_move,,,,,,,559.0,456.0,1784672807583.0,,laura
6a5ff2307501bc9f6ccc7916,,,mouse_move,,,,,,,560.0,456.0,1784672807591.0,,laura
6a5ff2307501bc9f6ccc7917,,,mouse_move,,,,,,,561.0,455.0,1784672807600.0,,laura
6a5ff2307501bc9f6ccc7918,,,mouse_move,,,,,,,562.0,454.0,1784672807608.0,,laura
6a5ff2307501bc9f6ccc7919,,,mouse_move,,,,,,,564.0,453.0,1784672807616.0,,laura
6a5ff2307501bc9f6ccc791a,,,mouse_move,,,,,,,566.0,452.0,1784672807624.0,,laura
6a5ff2307501bc9f6ccc791b,,,mouse_move,,,,,,,568.0,452.0,1784672807631.0,,laura
6a5ff2307501bc9f6ccc791c,,,mouse_move,,,,,,,569.0,451.0,1784672807641.0,,laura
6a5ff2307501bc9f6ccc791d,,,mouse_move,,,,,,,571.0,450.0,1784672807648.0,,laura
6a5ff2307501bc9f6ccc791e,,,mouse_move,,,,,,,572.0,451.0,1784672807668.0,,laura
6a5ff2307501bc9f6ccc791f,,,mouse_move,,,,,,,572.0,454.0,1784672807677.0,,laura
6a5ff2307501bc9f6ccc7920,,,mouse_move,,,,,,,573.0,457.0,1784672807684.0,,laura
6a5ff2307501bc9f6ccc7921,,,mouse_move,,,,,,,573.0,460.0,1784672807693.0,,laura
6a5ff2307501bc9f6ccc7922,,,mouse_move,,,,,,,574.0,467.0,1784672807714.0,,laura
6a5ff2307501bc9f6ccc7923,,,mouse_move,,,,,,,575.0,468.0,1784672807728.0,,laura
6a5ff2307501bc9f6ccc7924,,,mouse_move,,,,,,,575.0,469.0,1784672807884.0,,laura
6a5ff2307501bc9f6ccc7925,,,mouse_move,,,,,,,576.0,470.0,1784672807915.0,,laura
6a5ff2307501bc9f6ccc7926,,,mouse_move,,,,,,,576.0,471.0,1784672807923.0,,laura
6a5ff2307501bc9f6ccc7927,,,mouse_move,,,,,,,577.0,472.0,1784672807932.0,,laura
6a5ff2307501bc9f6ccc7928,,,mouse_move,,,,,,,578.0,473.0,1784672807965.0,,laura
6a5ff2307501bc9f6ccc7929,,,mouse_move,,,,,,,579.0,474.0,1784672807998.0,,laura
6a5ff2307501bc9f6ccc792a,,,mouse_move,,,,,,,583.0,475.0,1784672808007.0,,laura
6a5ff2307501bc9f6ccc792b,,,mouse_move,,,,,,,588.0,475.0,1784672808032.0,,laura
6a5ff2307501bc9f6ccc792c,,,mouse_move,,,,,,,594.0,475.0,1784672808049.0,,laura
6a5ff2307501bc9f6ccc792d,,,mouse_move,,,,,,,598.0,475.0,1784672808058.0,,laura
6a5ff2307501bc9f6ccc792e,,,mouse_move,,,,,,,599.0,475.0,1784672808065.0,,laura
6a5ff2307501bc9f6ccc792f,,,mouse_move,,,,,,,603.0,474.0,1784672808073.0,,laura
6a5ff2307501bc9f6ccc7930,,,mouse_move,,,,,,,607.0,474.0,1784672808082.0,,laura
6a5ff2307501bc9f6ccc7931,,,mouse_move,,,,,,,614.0,472.0,1784672808090.0,,laura
6a5ff2307501bc9f6ccc7932,,,mouse_move,,,,,,,626.0,471.0,1784672808098.0,,laura
6a5ff2307501bc9f6ccc7933,,,mouse_move,,,,,,,634.0,469.0,1784672808107.0,,laura
6a5ff2307501bc9f6ccc7934,,,mouse_move,,,,,,,644.0,467.0,1784672808115.0,,laura
6a5ff2307501bc9f6ccc7935,,,mouse_move,,,,,,,654.0,465.0,1784672808123.0,,laura
6a5ff2307501bc9f6ccc7936,,,mouse_move,,,,,,,662.0,463.0,1784672808132.0,,laura
6a5ff2307501bc9f6ccc7937,,,mouse_move,,,,,,,677.0,460.0,1784672808139.0,,laura
6a5ff2307501bc9f6ccc7938,,,mouse_move,,,,,,,693.0,455.0,1784672808148.0,,laura
6a5ff2307501bc9f6ccc7939,,,mouse_move,,,,,,,712.0,451.0,1784672808156.0,,laura
6a5ff2307501bc9f6ccc793a,,,mouse_move,,,,,,,739.0,443.0,1784672808165.0,,laura
6a5ff2307501bc9f6ccc793b,,,mouse_move,,,,,,,779.0,434.0,1784672808173.0,,laura
6a5ff2307501bc9f6ccc793c,,,mouse_move,,,,,,,809.0,426.0,1784672808181.0,,laura
6a5ff2307501bc9f6ccc793d,,,mouse_move,,,,,,,842.0,413.0,1784672808190.0,,laura
6a5ff2307501bc9f6ccc793e,,,mouse_move,,,,,,,889.0,396.0,1784672808198.0,,laura
6a5ff2307501bc9f6ccc793f,,,mouse_move,,,,,,,947.0,373.0,1784672808206.0,,laura
6a5ff2307501bc9f6ccc7940,,,mouse_move,,,,,,,983.0,357.0,1784672808215.0,,laura
6a5ff2307501bc9f6ccc7941,,,mouse_move,,,,,,,1034.0,331.0,1784672808223.0,,laura
6a5ff2307501bc9f6ccc7942,,,mouse_move,,,,,,,1089.0,302.0,1784672808231.0,,laura
6a5ff2307501bc9f6ccc7943,,,mouse_move,,,,,,,1137.0,280.0,1784672808240.0,,laura
6a5ff2307501bc9f6ccc7944,,,mouse_move,,,,,,,1286.0,279.0,1784672808840.0,,laura
6a5ff2307501bc9f6ccc7945,,,mouse_move,,,,,,,1286.0,289.0,1784672808847.0,,laura
6a5ff2307501bc9f6ccc7946,,,mouse_move,,,,,,,1286.0,302.0,1784672808855.0,,laura
6a5ff2307501bc9f6ccc7947,,,mouse_move,,,,,,,1286.0,310.0,1784672808863.0,,laura
6a5ff2307501bc9f6ccc7948,,,mouse_move,,,,,,,1286.0,322.0,1784672808871.0,,laura
6a5ff2307501bc9f6ccc7949,,,mouse_move,,,,,,,1285.0,329.0,1784672808880.0,,laura
6a5ff2307501bc9f6ccc794a,,,mouse_move,,,,,,,1285.0,336.0,1784672808888.0,,laura
6a5ff2307501bc9f6ccc794b,,,mouse_move,,,,,,,1284.0,340.0,1784672808896.0,,laura
6a5ff2307501bc9f6ccc794c,,,mouse_move,,,,,,,1284.0,343.0,1784672808904.0,,laura
6a5ff2307501bc9f6ccc794d,,,mouse_move,,,,,,,1284.0,344.0,1784672808912.0,,laura
6a5ff2307501bc9f6ccc794e,,,mouse_move,,,,,,,1284.0,345.0,1784672808919.0,,laura
6a5ff2307501bc9f6ccc794f,,,mouse_move,,,,,,,1284.0,346.0,1784672808952.0,,laura
6a5ff2307501bc9f6ccc7950,,,mouse_click,,,,,,,1284.0,346.0,1784672809033.0,,laura
6a5ff2307501bc9f6ccc7951,,,mouse_move,,,,,,,1282.0,346.0,1784672809064.0,,laura
6a5ff2307501bc9f6ccc7952,,,mouse_move,,,,,,,1275.0,345.0,1784672809072.0,,laura
6a5ff2307501bc9f6ccc7953,,,mouse_move,,,,,,,1268.0,345.0,1784672809081.0,,laura
6a5ff2307501bc9f6ccc7954,,,mouse_move,,,,,,,1259.0,345.0,1784672809090.0,,laura
6a5ff2307501bc9f6ccc7955,,,mouse_move,,,,,,,1245.0,343.0,1784672809096.0,,laura
6a5ff2307501bc9f6ccc7956,,,mouse_move,,,,,,,1230.0,341.0,1784672809103.0,,laura
6a5ff2307501bc9f6ccc7957,,,mouse_move,,,,,,,1209.0,335.0,1784672809112.0,,laura
6a5ff2307501bc9f6ccc7958,,,mouse_move,,,,,,,1171.0,326.0,1784672809120.0,,laura
6a5ff2307501bc9f6ccc7959,,,mouse_move,,,,,,,1128.0,315.0,1784672809129.0,,laura
6a5ff2307501bc9f6ccc795a,,,mouse_move,,,,,,,1092.0,302.0,1784672809137.0,,laura
6a5ff2307501bc9f6ccc795b,,,mouse_move,,,,,,,1046.0,287.0,1784672809144.0,,laura
6a5ff2307501bc9f6ccc795c,,,mouse_move,,,,,,,1013.0,274.0,1784672809153.0,,laura
6a5ff2307501bc9f6ccc795d,,,mouse_move,,,,,,,977.0,262.0,1784672809161.0,,laura
6a5ff2307501bc9f6ccc795e,,,mouse_move,,,,,,,930.0,246.0,1784672809171.0,,laura
6a5ff2307501bc9f6ccc795f,,,mouse_move,,,,,,,895.0,234.0,1784672809178.0,,laura
6a5ff2307501bc9f6ccc7960,,,mouse_move,,,,,,,859.0,223.0,1784672809187.0,,laura
6a5ff2307501bc9f6ccc7961,,,mouse_move,,,,,,,818.0,210.0,1784672809195.0,,laura
6a5ff2307501bc9f6ccc7962,,,mouse_move,,,,,,,789.0,202.0,1784672809203.0,,laura
6a5ff2307501bc9f6ccc7963,,,mouse_move,,,,,,,759.0,194.0,1784672809212.0,,laura
6a5ff2307501bc9f6ccc7964,,,mouse_move,,,,,,,746.0,188.0,1784672809221.0,,laura
6a5ff2307501bc9f6ccc7965,,,mouse_move,,,,,,,738.0,184.0,1784672809229.0,,laura
6a5ff2307501bc9f6ccc7966,,,mouse_move,,,,,,,732.0,180.0,1784672809237.0,,laura
6a5ff2307501bc9f6ccc7967,,,mouse_move,,,,,,,727.0,174.0,1784672809249.0,,laura
6a5ff2307501bc9f6ccc7968,,,mouse_move,,,,,,,725.0,172.0,1784672809256.0,,laura
6a5ff2307501bc9f6ccc7969,,,mouse_move,,,,,,,725.0,171.0,1784672809278.0,,laura
6a5ff2307501bc9f6ccc796a,,,mouse_move,,,,,,,724.0,169.0,1784672809288.0,,laura
6a5ff2307501bc9f6ccc796b,,,mouse_move,,,,,,,724.0,168.0,1784672809295.0,,laura
6a5ff2307501bc9f6ccc796c,,,mouse_move,,,,,,,724.0,167.0,1784672809305.0,,laura
6a5ff2307501bc9f6ccc796d,,,mouse_move,,,,,,,722.0,165.0,1784672809313.0,,laura
6a5ff2307501bc9f6ccc796e,,,mouse_move,,,,,,,722.0,163.0,1784672809320.0,,laura
6a5ff2307501bc9f6ccc796f,,,mouse_move,,,,,,,720.0,161.0,1784672809328.0,,laura
6a5ff2307501bc9f6ccc7970,,,mouse_move,,,,,,,719.0,160.0,1784672809338.0,,laura
6a5ff2307501bc9f6ccc7971,,,mouse_move,,,,,,,716.0,158.0,1784672809346.0,,laura
6a5ff2307501bc9f6ccc7972,,,mouse_move,,,,,,,715.0,157.0,1784672809353.0,,laura
6a5ff2307501bc9f6ccc7973,,,mouse_move,,,,,,,714.0,156.0,1784672809368.0,,laura
6a5ff2307501bc9f6ccc7974,,,mouse_move,,,,,,,713.0,156.0,1784672809387.0,,laura
6a5ff2307501bc9f6ccc7975,,,mouse_move,,,,,,,713.0,157.0,1784672809439.0,,laura
6a5ff2307501bc9f6ccc7976,,,mouse_move,,,,,,,713.0,158.0,1784672809464.0,,laura
6a5ff2307501bc9f6ccc7977,,,mouse_click,,,,,,,713.0,158.0,1784672809471.0,,laura
6a5ff2307501bc9f6ccc7978,,,mouse_move,,,,,,,713.0,158.0,1784672809481.0,,laura
6a5ff2307501bc9f6ccc7979,,,mouse_move,,,,,,,712.0,158.0,1784672809521.0,,laura
6a5ff2307501bc9f6ccc797a,,,mouse_move,,,,,,,712.0,159.0,1784672809561.0,,laura
6a5ff2307501bc9f6ccc797b,,,mouse_move,,,,,,,712.0,160.0,1784672809573.0,,laura
6a5ff2307501bc9f6ccc797c,,,mouse_move,,,,,,,712.0,161.0,1784672809584.0,,laura
6a5ff2307501bc9f6ccc797d,,,mouse_move,,,,,,,712.0,163.0,1784672809594.0,,laura
6a5ff2307501bc9f6ccc797e,,,mouse_move,,,,,,,712.0,164.0,1784672809605.0,,laura
6a5ff2307501bc9f6ccc797f,,,mouse_move,,,,,,,712.0,166.0,1784672809615.0,,laura
6a5ff2307501bc9f6ccc7980,,,mouse_move,,,,,,,712.0,168.0,1784672809625.0,,laura
6a5ff2307501bc9f6ccc7981,,,mouse_move,,,,,,,713.0,170.0,1784672809636.0,,laura
6a5ff2307501bc9f6ccc7982,,,mouse_move,,,,,,,714.0,172.0,1784672809655.0,,laura
6a5ff2307501bc9f6ccc7983,,,mouse_move,,,,,,,716.0,173.0,1784672809665.0,,laura
6a5ff2307501bc9f6ccc7984,,,mouse_move,,,,,,,717.0,173.0,1784672809675.0,,laura
6a5ff2307501bc9f6ccc7985,,,mouse_move,,,,,,,719.0,173.0,1784672809685.0,,laura
6a5ff2307501bc9f6ccc7986,,,mouse_move,,,,,,,723.0,173.0,1784672809695.0,,laura
6a5ff2307501bc9f6ccc7987,,,mouse_move,,,,,,,725.0,173.0,1784672809706.0,,laura
6a5ff2307501bc9f6ccc7988,,,mouse_move,,,,,,,723.0,173.0,1784672810980.0,,laura
6a5ff2307501bc9f6ccc7989,,,mouse_move,,,,,,,718.0,173.0,1784672810989.0,,laura
6a5ff2307501bc9f6ccc798a,,,mouse_move,,,,,,,706.0,173.0,1784672810992.0,,laura
6a5ff2307501bc9f6ccc798b,,,mouse_move,,,,,,,693.0,176.0,1784672810999.0,,laura
6a5ff2307501bc9f6ccc798c,,,mouse_move,,,,,,,645.0,190.0,1784672811008.0,,laura
6a5ff2307501bc9f6ccc798d,,,mouse_move,,,,,,,638.0,193.0,1784672811017.0,,laura
6a5ff2307501bc9f6ccc798e,,,mouse_move,,,,,,,637.0,193.0,1784672811025.0,,laura
6a5ff2307501bc9f6ccc798f,,,mouse_move,,,,,,,636.0,194.0,1784672811040.0,,laura
6a5ff2307501bc9f6ccc7990,,,mouse_move,,,,,,,634.0,196.0,1784672811048.0,,laura
6a5ff2307501bc9f6ccc7991,,,mouse_move,,,,,,,630.0,199.0,1784672811056.0,,laura
6a5ff2307501bc9f6ccc7992,,,mouse_move,,,,,,,625.0,205.0,1784672811064.0,,laura
6a5ff2307501bc9f6ccc7993,,,mouse_move,,,,,,,622.0,211.0,1784672811072.0,,laura
6a5ff2307501bc9f6ccc7994,,,mouse_move,,,,,,,620.0,215.0,1784672811081.0,,laura
6a5ff2307501bc9f6ccc7995,,,mouse_move,,,,,,,616.0,226.0,1784672811089.0,,laura
6a5ff2307501bc9f6ccc7996,,,mouse_move,,,,,,,613.0,236.0,1784672811097.0,,laura
6a5ff2307501bc9f6ccc7997,,,mouse_move,,,,,,,609.0,248.0,1784672811105.0,,laura
6a5ff2307501bc9f6ccc7998,,,mouse_move,,,,,,,607.0,259.0,1784672811112.0,,laura
6a5ff2307501bc9f6ccc7999,,,mouse_move,,,,,,,605.0,267.0,1784672811120.0,,laura
6a5ff2307501bc9f6ccc799a,,,mouse_move,,,,,,,602.0,272.0,1784672811127.0,,laura
6a5ff2307501bc9f6ccc799b,,,mouse_move,,,,,,,601.0,274.0,1784672811136.0,,laura
6a5ff2307501bc9f6ccc799c,,,mouse_move,,,,,,,600.0,275.0,1784672811256.0,,laura
6a5ff2307501bc9f6ccc799d,,,mouse_move,,,,,,,599.0,275.0,1784672811265.0,,laura
6a5ff2307501bc9f6ccc799e,,,mouse_click,,,,,,,599.0,275.0,1784672811415.0,,laura
6a5ff2307501bc9f6ccc799f,,,mouse_move,,,,,,,599.0,276.0,1784672811438.0,,laura
6a5ff2307501bc9f6ccc79a0,,,mouse_move,,,,,,,601.0,276.0,1784672811441.0,,laura
6a5ff2307501bc9f6ccc79a1,,,mouse_move,,,,,,,603.0,277.0,1784672811451.0,,laura
6a5ff2307501bc9f6ccc79a2,,,mouse_move,,,,,,,606.0,277.0,1784672811459.0,,laura
6a5ff2307501bc9f6ccc79a3,,,mouse_move,,,,,,,609.0,277.0,1784672811466.0,,laura
6a5ff2307501bc9f6ccc79a4,,,mouse_move,,,,,,,610.0,277.0,1784672811475.0,,laura
6a5ff2307501bc9f6ccc79a5,,,mouse_move,,,,,,,611.0,277.0,1784672811517.0,,laura
6a5ff2307501bc9f6ccc79a6,,,mouse_move,,,,,,,610.0,277.0,1784672814495.0,,laura
6a5ff2307501bc9f6ccc79a7,,,mouse_move,,,,,,,601.0,282.0,1784672814501.0,,laura
6a5ff2307501bc9f6ccc79a8,,,mouse_move,,,,,,,585.0,298.0,1784672814510.0,,laura
6a5ff2307501bc9f6ccc79a9,,,mouse_move,,,,,,,580.0,312.0,1784672814517.0,,laura
6a5ff2307501bc9f6ccc79aa,,,mouse_move,,,,,,,580.0,315.0,1784672814529.0,,laura
6a5ff2307501bc9f6ccc79ab,,,mouse_move,,,,,,,580.0,317.0,1784672814535.0,,laura
6a5ff2307501bc9f6ccc79ac,,,mouse_move,,,,,,,581.0,318.0,1784672814546.0,,laura
6a5ff2307501bc9f6ccc79ad,,,mouse_move,,,,,,,582.0,319.0,1784672814552.0,,laura
6a5ff2307501bc9f6ccc79ae,,,mouse_move,,,,,,,579.0,327.0,1784672814576.0,,laura
6a5ff2307501bc9f6ccc79af,,,mouse_move,,,,,,,576.0,334.0,1784672814585.0,,laura
6a5ff2307501bc9f6ccc79b0,,,mouse_move,,,,,,,575.0,340.0,1784672814593.0,,laura
6a5ff2307501bc9f6ccc79b1,,,mouse_move,,,,,,,574.0,345.0,1784672814601.0,,laura
6a5ff2307501bc9f6ccc79b2,,,mouse_move,,,,,,,574.0,349.0,1784672814610.0,,laura
6a5ff2307501bc9f6ccc79b3,,,mouse_move,,,,,,,574.0,352.0,1784672814621.0,,laura
6a5ff2307501bc9f6ccc79b4,,,mouse_move,,,,,,,575.0,354.0,1784672814627.0,,laura
6a5ff2307501bc9f6ccc79b5,,,mouse_move,,,,,,,575.0,356.0,1784672814635.0,,laura
6a5ff2307501bc9f6ccc79b6,,,mouse_move,,,,,,,575.0,358.0,1784672814643.0,,laura
6a5ff2307501bc9f6ccc79b7,,,mouse_move,,,,,,,575.0,361.0,1784672814653.0,,laura
6a5ff2307501bc9f6ccc79b8,,,mouse_move,,,,,,,575.0,366.0,1784672814660.0,,laura
6a5ff2307501bc9f6ccc79b9,,,mouse_move,,,,,,,575.0,372.0,1784672814669.0,,laura
6a5ff2307501bc9f6ccc79ba,,,mouse_move,,,,,,,575.0,375.0,1784672814676.0,,laura
6a5ff2307501bc9f6ccc79bb,,,mouse_move,,,,,,,573.0,377.0,1784672814685.0,,laura
6a5ff2307501bc9f6ccc79bc,,,mouse_move,,,,,,,571.0,378.0,1784672814692.0,,laura
6a5ff2307501bc9f6ccc79bd,,,mouse_move,,,,,,,571.0,379.0,1784672814702.0,,laura
6a5ff2307501bc9f6ccc79be,,,mouse_move,,,,,,,571.0,380.0,1784672814736.0,,laura
6a5ff2307501bc9f6ccc79bf,,,mouse_move,,,,,,,571.0,382.0,1784672814743.0,,laura
6a5ff2307501bc9f6ccc79c0,,,mouse_move,,,,,,,569.0,385.0,1784672814753.0,,laura
6a5ff2307501bc9f6ccc79c1,,,mouse_move,,,,,,,568.0,389.0,1784672814760.0,,laura
6a5ff2307501bc9f6ccc79c2,,,mouse_move,,,,,,,566.0,393.0,1784672814768.0,,laura
6a5ff2307501bc9f6ccc79c3,,,mouse_move,,,,,,,564.0,399.0,1784672814777.0,,laura
6a5ff2307501bc9f6ccc79c4,,,mouse_move,,,,,,,561.0,406.0,1784672814784.0,,laura
6a5ff2307501bc9f6ccc79c5,,,mouse_move,,,,,,,561.0,407.0,1784672814793.0,,laura
6a5ff2307501bc9f6ccc79c6,,,mouse_click,,,,,,,561.0,407.0,1784672814909.0,,laura
6a5ff2307501bc9f6ccc79c7,,,mouse_move,,,,,,,561.0,408.0,1784672814946.0,,laura
6a5ff2307501bc9f6ccc79c8,,,mouse_move,,,,,,,561.0,409.0,1784672814953.0,,laura
6a5ff2307501bc9f6ccc79c9,,,mouse_move,,,,,,,561.0,410.0,1784672814962.0,,laura
6a5ff2307501bc9f6ccc79ca,,,mouse_move,,,,,,,560.0,411.0,1784672814977.0,,laura
6a5ff2307501bc9f6ccc79cb,,,mouse_move,,,,,,,561.0,411.0,1784672815801.0,,laura
6a5ff2447501bc9f6ccc79f7,,,mouse_move,,,,,,,655.0,518.0,1784672831125.0,,laura
6a5ff2447501bc9f6ccc79f8,,,mouse_move,,,,,,,660.0,534.0,1784672831132.0,,laura
6a5ff2447501bc9f6ccc79f9,,,mouse_move,,,,,,,661.0,544.0,1784672831141.0,,laura
6a5ff2447501bc9f6ccc79fa,,,mouse_move,,,,,,,662.0,551.0,1784672831147.0,,laura
6a5ff2447501bc9f6ccc79fb,,,mouse_move,,,,,,,663.0,561.0,1784672831156.0,,laura
6a5ff2447501bc9f6ccc79fc,,,mouse_move,,,,,,,665.0,568.0,1784672831163.0,,laura
6a5ff2447501bc9f6ccc79fd,,,mouse_move,,,,,,,668.0,574.0,1784672831171.0,,laura
6a5ff2447501bc9f6ccc79fe,,,mouse_move,,,,,,,672.0,578.0,1784672831180.0,,laura
6a5ff2447501bc9f6ccc79ff,,,mouse_move,,,,,,,674.0,581.0,1784672831188.0,,laura
6a5ff2447501bc9f6ccc7a00,,,mouse_move,,,,,,,675.0,583.0,1784672831196.0,,laura
6a5ff2447501bc9f6ccc7a01,,,mouse_move,,,,,,,676.0,584.0,1784672831203.0,,laura
6a5ff2447501bc9f6ccc7a02,,,mouse_move,,,,,,,676.0,585.0,1784672831211.0,,laura
6a5ff2447501bc9f6ccc7a03,,,mouse_move,,,,,,,676.0,586.0,1784672831219.0,,laura
6a5ff2447501bc9f6ccc7a04,,,mouse_move,,,,,,,676.0,588.0,1784672831228.0,,laura
6a5ff2447501bc9f6ccc7a05,,,mouse_move,,,,,,,677.0,591.0,1784672831235.0,,laura
6a5ff2447501bc9f6ccc7a06,,,mouse_move,,,,,,,677.0,596.0,1784672831244.0,,laura
6a5ff2447501bc9f6ccc7a07,,,mouse_move,,,,,,,677.0,602.0,1784672831251.0,,laura
6a5ff2447501bc9f6ccc7a08,,,mouse_move,,,,,,,677.0,606.0,1784672831261.0,,laura
6a5ff2447501bc9f6ccc7a09,,,mouse_move,,,,,,,677.0,610.0,1784672831270.0,,laura
6a5ff2447501bc9f6ccc7a0a,,,mouse_move,,,,,,,676.0,614.0,1784672831278.0,,laura
6a5ff2447501bc9f6ccc7a0b,,,mouse_move,,,,,,,674.0,616.0,1784672831286.0,,laura
6a5ff2447501bc9f6ccc7a0c,,,mouse_move,,,,,,,673.0,618.0,1784672831294.0,,laura
6a5ff2447501bc9f6ccc7a0d,,,mouse_move,,,,,,,671.0,619.0,1784672831304.0,,laura
6a5ff2447501bc9f6ccc7a0e,,,mouse_move,,,,,,,671.0,620.0,1784672831315.0,,laura
6a5ff2447501bc9f6ccc7a0f,,,mouse_move,,,,,,,670.0,620.0,1784672831343.0,,laura
6a5ff2447501bc9f6ccc7a10,,,mouse_move,,,,,,,668.0,621.0,1784672831368.0,,laura
6a5ff2447501bc9f6ccc7a11,,,mouse_move,,,,,,,667.0,626.0,1784672831376.0,,laura
6a5ff2447501bc9f6ccc7a12,,,mouse_move,,,,,,,667.0,628.0,1784672831385.0,,laura
6a5ff2447501bc9f6ccc7a13,,,mouse_move,,,,,,,667.0,630.0,1784672831394.0,,laura
6a5ff2447501bc9f6ccc7a14,,,mouse_move,,,,,,,667.0,632.0,1784672831400.0,,laura
6a5ff2447501bc9f6ccc7a15,,,mouse_move,,,,,,,667.0,633.0,1784672831409.0,,laura
6a5ff2447501bc9f6ccc7a16,,,mouse_click,,,,,,,667.0,633.0,1784672831638.0,,laura
6a5ff2447501bc9f6ccc7a17,,,mouse_move,,,,,,,667.0,632.0,1784672831851.0,,laura
6a5ff2447501bc9f6ccc7a18,,,mouse_move,,,,,,,669.0,630.0,1784672831863.0,,laura
6a5ff2447501bc9f6ccc7a19,,,mouse_move,,,,,,,671.0,630.0,1784672831872.0,,laura
6a5ff2447501bc9f6ccc7a1a,,,mouse_move,,,,,,,677.0,626.0,1784672831880.0,,laura
6a5ff2447501bc9f6ccc7a1b,,,mouse_move,,,,,,,686.0,622.0,1784672831887.0,,laura
6a5ff2447501bc9f6ccc7a1c,,,mouse_move,,,,,,,696.0,616.0,1784672831897.0,,laura
6a5ff2447501bc9f6ccc7a1d,,,mouse_move,,,,,,,708.0,609.0,1784672831910.0,,laura
6a5ff2447501bc9f6ccc7a1e,,,mouse_move,,,,,,,729.0,599.0,1784672831919.0,,laura
6a5ff2447501bc9f6ccc7a1f,,,mouse_move,,,,,,,743.0,590.0,1784672831927.0,,laura
6a5ff2447501bc9f6ccc7a20,,,mouse_move,,,,,,,753.0,585.0,1784672831936.0,,laura
6a5ff2447501bc9f6ccc7a21,,,mouse_move,,,,,,,765.0,575.0,1784672831944.0,,laura
6a5ff2447501bc9f6ccc7a22,,,mouse_move,,,,,,,766.0,572.0,1784672831960.0,,laura
6a5ff2447501bc9f6ccc7a23,,,mouse_move,,,,,,,766.0,568.0,1784672831968.0,,laura
6a5ff2447501bc9f6ccc7a24,,,mouse_move,,,,,,,766.0,567.0,1784672831976.0,,laura
6a5ff2447501bc9f6ccc7a25,,,mouse_move,,,,,,,766.0,566.0,1784672831985.0,,laura
6a5ff2447501bc9f6ccc7a26,,,mouse_move,,,,,,,766.0,564.0,1784672831993.0,,laura
6a5ff2447501bc9f6ccc7a27,,,mouse_move,,,,,,,765.0,562.0,1784672832009.0,,laura
6a5ff2447501bc9f6ccc7a28,,,mouse_move,,,,,,,764.0,562.0,1784672832043.0,,laura
6a5ff2447501bc9f6ccc7a29,,,mouse_move,,,,,,,763.0,563.0,1784672832051.0,,laura
6a5ff2447501bc9f6ccc7a2a,,,mouse_move,,,,,,,763.0,565.0,1784672832060.0,,laura
6a5ff2447501bc9f6ccc7a2b,,,mouse_move,,,,,,,763.0,567.0,1784672832076.0,,laura
6a5ff2447501bc9f6ccc7a2c,,,mouse_move,,,,,,,763.0,568.0,1784672832096.0,,laura
6a5ff2447501bc9f6ccc7a2d,,,mouse_move,,,,,,,764.0,570.0,1784672832344.0,,laura
6a5ff2447501bc9f6ccc7a2e,,,mouse_move,,,,,,,765.0,570.0,1784672832359.0,,laura
6a5ff2447501bc9f6ccc7a2f,,,mouse_move,,,,,,,768.0,570.0,1784672832375.0,,laura
6a5ff2447501bc9f6ccc7a30,,,mouse_move,,,,,,,775.0,570.0,1784672832393.0,,laura
6a5ff2447501bc9f6ccc7a31,,,mouse_move,,,,,,,779.0,570.0,1784672832401.0,,laura
6a5ff2447501bc9f6ccc7a32,,,mouse_move,,,,,,,780.0,570.0,1784672832418.0,,laura
6a5ff2447501bc9f6ccc7a33,,,mouse_move,,,,,,,780.0,571.0,1784672832426.0,,laura
6a5ff2447501bc9f6ccc7a34,,,mouse_move,,,,,,,779.0,569.0,1784672832703.0,,laura
6a5ff2447501bc9f6ccc7a35,,,mouse_move,,,,,,,779.0,568.0,1784672832711.0,,laura
6a5ff2447501bc9f6ccc7a36,,,mouse_move,,,,,,,779.0,567.0,1784672832720.0,,laura
6a5ff2447501bc9f6ccc7a37,,,mouse_move,,,,,,,778.0,567.0,1784672832742.0,,laura
6a5ff2447501bc9f6ccc7a38,,,mouse_move,,,,,,,778.0,566.0,1784672832776.0,,laura
6a5ff2447501bc9f6ccc7a39,,,mouse_move,,,,,,,778.0,563.0,1784672832801.0,,laura
6a5ff2447501bc9f6ccc7a3a,,,mouse_move,,,,,,,779.0,562.0,1784672832810.0,,laura
6a5ff2447501bc9f6ccc7a3b,,,mouse_move,,,,,,,780.0,560.0,1784672832819.0,,laura
6a5ff2447501bc9f6ccc7a3c,,,mouse_move,,,,,,,780.0,558.0,1784672832826.0,,laura
6a5ff2447501bc9f6ccc7a3d,,,mouse_move,,,,,,,781.0,557.0,1784672832834.0,,laura
6a5ff2447501bc9f6ccc7a3e,,,mouse_move,,,,,,,783.0,554.0,1784672832844.0,,laura
6a5ff2447501bc9f6ccc7a3f,,,mouse_move,,,,,,,784.0,553.0,1784672832851.0,,laura
6a5ff2447501bc9f6ccc7a40,,,mouse_move,,,,,,,785.0,553.0,1784672832860.0,,laura
6a5ff2447501bc9f6ccc7a41,,,mouse_move,,,,,,,786.0,551.0,1784672832868.0,,laura
6a5ff2447501bc9f6ccc7a42,,,mouse_move,,,,,,,787.0,550.0,1784672832876.0,,laura
6a5ff2447501bc9f6ccc7a43,,,mouse_move,,,,,,,788.0,548.0,1784672832884.0,,laura
6a5ff2447501bc9f6ccc7a44,,,mouse_move,,,,,,,789.0,546.0,1784672832892.0,,laura
6a5ff2447501bc9f6ccc7a45,,,mouse_move,,,,,,,790.0,546.0,1784672832928.0,,laura
6a5ff2447501bc9f6ccc7a46,,,mouse_move,,,,,,,790.0,545.0,1784672832935.0,,laura
6a5ff2447501bc9f6ccc7a47,,,mouse_move,,,,,,,791.0,545.0,1784672832944.0,,laura
6a5ff2447501bc9f6ccc7a48,,,mouse_move,,,,,,,792.0,545.0,1784672833726.0,,laura
6a5ff2447501bc9f6ccc7a49,,,mouse_move,,,,,,,793.0,545.0,1784672833740.0,,laura
6a5ff2447501bc9f6ccc7a4a,,,mouse_move,,,,,,,807.0,545.0,1784672833766.0,,laura
6a5ff2447501bc9f6ccc7a4b,,,mouse_move,,,,,,,822.0,544.0,1784672833778.0,,laura
6a5ff2447501bc9f6ccc7a4c,,,mouse_move,,,,,,,833.0,542.0,1784672833792.0,,laura
6a5ff2447501bc9f6ccc7a4d,,,mouse_move,,,,,,,863.0,539.0,1784672833807.0,,laura
6a5ff2447501bc9f6ccc7a4e,,,mouse_move,,,,,,,878.0,536.0,1784672833819.0,,laura
6a5ff2447501bc9f6ccc7a4f,,,mouse_move,,,,,,,898.0,535.0,1784672833823.0,,laura
6a5ff2447501bc9f6ccc7a50,,,mouse_move,,,,,,,922.0,535.0,1784672833831.0,,laura
6a5ff2447501bc9f6ccc7a51,,,mouse_move,,,,,,,950.0,535.0,1784672833841.0,,laura
6a5ff2447501bc9f6ccc7a52,,,mouse_move,,,,,,,990.0,535.0,1784672833849.0,,laura
6a5ff2447501bc9f6ccc7a53,,,mouse_move,,,,,,,1020.0,535.0,1784672833857.0,,laura
6a5ff2447501bc9f6ccc7a54,,,mouse_move,,,,,,,1042.0,535.0,1784672833865.0,,laura
6a5ff2447501bc9f6ccc7a55,,,mouse_move,,,,,,,1061.0,535.0,1784672833873.0,,laura
6a5ff2447501bc9f6ccc7a56,,,mouse_move,,,,,,,1076.0,535.0,1784672833883.0,,laura
6a5ff2447501bc9f6ccc7a57,,,mouse_move,,,,,,,1084.0,535.0,1784672833890.0,,laura
6a5ff2447501bc9f6ccc7a58,,,mouse_move,,,,,,,1089.0,535.0,1784672833899.0,,laura
6a5ff2447501bc9f6ccc7a59,,,mouse_move,,,,,,,1091.0,536.0,1784672833907.0,,laura
6a5ff2447501bc9f6ccc7a5a,,,mouse_move,,,,,,,1091.0,537.0,1784672833982.0,,laura
6a5ff2447501bc9f6ccc7a5b,,,mouse_move,,,,,,,1089.0,538.0,1784672833990.0,,laura
6a5ff2447501bc9f6ccc7a5c,,,mouse_move,,,,,,,1087.0,539.0,1784672834007.0,,laura
6a5ff2447501bc9f6ccc7a5d,,,mouse_move,,,,,,,1085.0,541.0,1784672834016.0,,laura
6a5ff2447501bc9f6ccc7a5e,,,mouse_move,,,,,,,1084.0,541.0,1784672834024.0,,laura
6a5ff2447501bc9f6ccc7a5f,,,mouse_move,,,,,,,1082.0,542.0,1784672834040.0,,laura
6a5ff2447501bc9f6ccc7a60,,,mouse_move,,,,,,,1082.0,543.0,1784672834057.0,,laura
6a5ff2447501bc9f6ccc7a61,,,mouse_move,,,,,,,1081.0,544.0,1784672834072.0,,laura
6a5ff2447501bc9f6ccc7a62,,,mouse_move,,,,,,,1080.0,544.0,1784672834107.0,,laura
6a5ff2447501bc9f6ccc7a63,,,mouse_move,,,,,,,1080.0,545.0,1784672834145.0,,laura
6a5ff2447501bc9f6ccc7a64,,,mouse_move,,,,,,,1079.0,545.0,1784672834157.0,,laura
6a5ff2447501bc9f6ccc7a65,,,mouse_move,,,,,,,1078.0,545.0,1784672834170.0,,laura
6a5ff2447501bc9f6ccc7a66,,,mouse_move,,,,,,,1078.0,546.0,1784672834196.0,,laura
6a5ff2447501bc9f6ccc7a67,,,mouse_move,,,,,,,1077.0,546.0,1784672834208.0,,laura
6a5ff2447501bc9f6ccc7a68,,,mouse_move,,,,,,,1077.0,547.0,1784672834221.0,,laura
6a5ff2447501bc9f6ccc7a69,,,mouse_move,,,,,,,1076.0,548.0,1784672834232.0,,laura
6a5ff2447501bc9f6ccc7a6a,,,mouse_move,,,,,,,1075.0,548.0,1784672834568.0,,laura
6a5ff2447501bc9f6ccc7a6b,,,mouse_move,,,,,,,1074.0,548.0,1784672834600.0,,laura
6a5ff2447501bc9f6ccc7a6c,,,mouse_move,,,,,,,1073.0,549.0,1784672835150.0,,laura
6a5ff2447501bc9f6ccc7a6d,,,mouse_move,,,,,,,1072.0,550.0,1784672835158.0,,laura
6a5ff2447501bc9f6ccc7a6e,,,mouse_move,,,,,,,1071.0,550.0,1784672835679.0,,laura
6a5ff2447501bc9f6ccc7a6f,,,mouse_move,,,,,,,1069.0,550.0,1784672835687.0,,laura
6a5ff2447501bc9f6ccc7a70,,,mouse_move,,,,,,,1067.0,550.0,1784672835720.0,,laura
6a5ff2447501bc9f6ccc7a71,,,mouse_move,,,,,,,1066.0,549.0,1784672835728.0,,laura
6a5ff2447501bc9f6ccc7a72,,,mouse_move,,,,,,,1065.0,549.0,1784672835961.0,,laura
6a5ff2447501bc9f6ccc7a73,,,mouse_move,,,,,,,1064.0,549.0,1784672835971.0,,laura
6a5ff2447501bc9f6ccc7a74,,,mouse_move,,,,,,,1064.0,548.0,1784672835978.0,,laura
6a5ff2447501bc9f6ccc7a75,,,mouse_move,,,,,,,1063.0,547.0,1784672835987.0,,laura
6a5ff2447501bc9f6ccc7a76,,,mouse_move,,,,,,,1062.0,547.0,1784672836003.0,,laura
6a5ff2447501bc9f6ccc7a77,,,mouse_move,,,,,,,1060.0,546.0,1784672836012.0,,laura
6a5ff2447501bc9f6ccc7a78,,,mouse_move,,,,,,,1059.0,546.0,1784672836020.0,,laura
6a5ff2447501bc9f6ccc7a79,,,mouse_move,,,,,,,1058.0,545.0,1784672836029.0,,laura
6a5ff2447501bc9f6ccc7a7a,,,mouse_move,,,,,,,1057.0,545.0,1784672836036.0,,laura
6a5ff2447501bc9f6ccc7a7b,,,mouse_move,,,,,,,1055.0,544.0,1784672836045.0,,laura
6a5ff2447501bc9f6ccc7a7c,,,mouse_move,,,,,,,1054.0,543.0,1784672836053.0,,laura
6a5ff2447501bc9f6ccc7a7d,,,mouse_move,,,,,,,1051.0,542.0,1784672836061.0,,laura
6a5ff2447501bc9f6ccc7a7e,,,mouse_move,,,,,,,1049.0,541.0,1784672836070.0,,laura
6a5ff2447501bc9f6ccc7a7f,,,mouse_move,,,,,,,1047.0,539.0,1784672836078.0,,laura
6a5ff2447501bc9f6ccc7a80,,,mouse_move,,,,,,,1045.0,538.0,1784672836086.0,,laura
6a5ff2447501bc9f6ccc7a81,,,mouse_move,,,,,,,1042.0,537.0,1784672836095.0,,laura
6a5ff2447501bc9f6ccc7a82,,,mouse_move,,,,,,,1040.0,536.0,1784672836104.0,,laura
6a5ff2447501bc9f6ccc7a83,,,mouse_move,,,,,,,1039.0,536.0,1784672836120.0,,laura
6a5ff2447501bc9f6ccc7a84,,,mouse_move,,,,,,,1039.0,535.0,1784672836138.0,,laura
6a5ff2447501bc9f6ccc7a85,,,mouse_move,,,,,,,1037.0,535.0,1784672836305.0,,laura
6a5ff2447501bc9f6ccc7a86,,,mouse_move,,,,,,,1036.0,535.0,1784672836316.0,,laura
6a5ff2447501bc9f6ccc7a87,,,mouse_move,,,,,,,1036.0,536.0,1784672836330.0,,laura
6a5ff2447501bc9f6ccc7a88,,,mouse_move,,,,,,,1039.0,537.0,1784672836355.0,,laura
6a5ff2447501bc9f6ccc7a89,,,mouse_move,,,,,,,1044.0,536.0,1784672836370.0,,laura
6a5ff2447501bc9f6ccc7a8a,,,mouse_move,,,,,,,1044.0,535.0,1784672836378.0,,laura
6a5ff2447501bc9f6ccc7a8b,,,mouse_move,,,,,,,1044.0,537.0,1784672836394.0,,laura
6a5ff2447501bc9f6ccc7a8c,,,mouse_move,,,,,,,1044.0,538.0,1784672836402.0,,laura
6a5ff2447501bc9f6ccc7a8d,,,mouse_move,,,,,,,1043.0,539.0,1784672836411.0,,laura
6a5ff2447501bc9f6ccc7a8e,,,mouse_move,,,,,,,1044.0,539.0,1784672836511.0,,laura
6a5ff2447501bc9f6ccc7a8f,,,mouse_move,,,,,,,1044.0,540.0,1784672836519.0,,laura
6a5ff2447501bc9f6ccc7a90,,,mouse_move,,,,,,,1044.0,543.0,1784672836527.0,,laura
